name,status,variables,binaries,integers,continuous,constraints,instance_digest,manifest_digest,detail
10teams,published,2025,1800,0,225,230,sha256:9d41008affa9d4af083cf02bbb5e5397e133b90e45be244f5531a68a394a6cce,sha256:a5523fb76ea8346f6241a9ad4d1efeb6ecdf5fd9d45616801bbaa72ed3220870,
22433,published,429,231,0,198,198,sha256:2be9beb3be8e053304307700bbaaa9b0fcd96da6977f569de949bd32f9016cab,sha256:31131a6e9b03a6006baf83ed927ce07b2cf1b1b078a75ccd9eb3b90b2253dd33,
23588,published,368,231,0,137,137,sha256:60818923d2c79c173f03293b54e1b45a06a8e7636a904beb183002e33bef6513,sha256:0c1c954090e8373d8c92c0522e50142c7e40a212c52f2d0676d523ed4f4c6a9c,
2club200v15p5scn,published,200,200,0,0,17013,sha256:57a80d2df8bfce1db75aa3f77db07257449dffa528f35df45513b943e3226e5e,sha256:2d7f03538040eedf875fbf9d788655153722ea0795e0a9a54333c9b4da793b81,
30_70_45_05_100,published,10772,10771,0,1,12050,sha256:87ba1eadec14667cafe28a439bd80049a3f2597875a0844e09b7bc3724aa4194,sha256:f24f96013370cf17f0cb0756055d372c538e1041d2290b8b27ee5d54b7f896ce,
30_70_45_095_100,published,10976,10975,0,1,12526,sha256:36ea4d3bab0c68a270b63264e21780bb33cfa1ac262c74eddf24a722e68a613a,sha256:625030bbfd9ee8493686b3c4d42420dcae41e8a499a012cb41d102aaa64be2a0,
30_70_45_095_98,published,10990,10989,0,1,12471,sha256:ef696d6b75b3b50f03a6e72c538a0142df9121c3d7f819631bcf08d21d703de0,sha256:e2511b326ac8a0c78acb110760d340f15a0f7b8ef4c087e5273ec368c9cf0c18,
30n20b8,published,18380,18318,62,0,576,sha256:5dfa7c8489ba13caa9ee31f4f4f673a3397356da7115b58361ff9ed30358fc62,sha256:e03c6a26d174a0219483421db9522edd859065ab2f29974a6554e776337e28e1,
50v-10,published,2013,1464,183,366,233,sha256:e8fb0a7b38f31da34d24e6cc672fd7f94a6fe1e286c4e655f7f043e6ade06a80,sha256:e75942ee8bdef93f156f91763220491d715b560386ac9a380297dc8fac6e3282,
8div-n59k10,published,6143,6138,5,0,2065,sha256:e2112c448ae2b4abec79309eff9f1a13b7e8ef14ff01f400cfd7eb879ad7759a,sha256:691841dbf61ec6f3ffe4b027bc9fc51d6445a623e470a7b42726989f6b68102b,
8div-n59k11,published,12287,12282,5,0,4114,sha256:49a4ce968b7f5a787eb9f9be4dfde72b9ebafc37c2641137cc79956b2b4b98b5,sha256:5beeb0f2a15fe199911c347044fa6491652207ebbab6d7bd564c660ab7bfbc51,
8div-n59k12,published,24575,24570,5,0,8211,sha256:71d4ac3a4be230fa41ab14769ad6a6ef34aaee5e90bdd51375994587de15ae43,sha256:bc470e4aa793ca59e236ed28b46404303e18067e452525175796c7460d6692b2,
CMS750_4,published,11697,7196,0,4501,16381,sha256:636bf79b51c51aecaaeddef82f70fa965d1d4cb04b66264207bacc51f1d114be,sha256:b44b938d69cb43f03d759c036de1d4003f3cd8019d2a379ae6e9e338660a7685,
Test3,published,72215,33143,0,39072,50680,sha256:8e7b6d7a8a0a49c6782b594bbecd6a2ee008762353d315b5a0b3e32f835e5d7a,sha256:e37a5b075ed9f7e41af4828ac3f42acf5affd1ab378c31c10a171d85efe65b42,
a1c1s1,published,3648,192,0,3456,3312,sha256:c46aa4330448f586b0666b2431e20370b45c3832471a579ce33105d367389838,sha256:95c7db24f6bbbc4948f455cd1af72501079a1b42a065aa69a3109e611c4468e6,
a2864-99blp,published,200787,200787,0,0,22117,sha256:9bffc402783315b0fe8c324f48c977315ae10b2397b3ebb8ebe4411fa07daa85,sha256:130ac93d8f248169a6b773b5eaa2940be50d28540187b5d47ab636faa92a69a7,
a2c1s1,published,3648,192,0,3456,3312,sha256:6447b55116cbc8a8266421b25e79d5a12203f4834635d3272a078aff5f85f32a,sha256:9816eac9d775e626bb6cff6b4aa2b1285ae8f8d7dee5a6fc9f8898772eed6989,
ab51-40-100,published,12675,12675,0,0,11893,sha256:85fb583a0373ede4b93da0efd3d3339d5702e7f6b8ecb9138235b0c9c5e4a99a,sha256:0f75a9842ba222379ac9c761e84cde010876c85c8a71649a1e4ab4bfe95d3785,
ab67-40-100,published,12812,12812,0,0,12092,sha256:bf258012d74e8698a42c9ddce1f965651d80894c1c0ffcbe551e3dc0ffadd0b4,sha256:4bf78254f1b3ebdfadb8d2924d4ad8499129dbba7623741cda3168d7be9309d9,
ab69-40-100,published,12622,12622,0,0,11911,sha256:059e5d2ca6b0c2a04290eda6793fd0c5eaa37ae9eaa1661f008da8719360ae81,sha256:6f0284dccebdae081b4a6c50ec714fe1e43e8784974b67fda6e47a48b25e4dda,
ab71-20-100,published,6689,6689,0,0,6380,sha256:bc19bbe895043dd4864589685e1726f8f0a83e04b46e15df03906ae1c53bd114,sha256:ccd272b0acb53138fe5cc4621c4610fbbcb88a3f0af2483ba13b2f5ba967ddfe,
ab72-40-100,published,12370,12370,0,0,11671,sha256:035f94efd157a89a0e7d515e56c8ffdb4dc026421fbb4b689d90c2c2a1dc031d,sha256:046f3adc1eac4aef6c9c22fdb40d4171f59f9d8bf46edf6f8363bf91d8ac3969,
academictimetablebig,published,168974,168974,0,0,167661,sha256:d3878ce7a8d3d209c5d2ccb6356b71ccec2da90cb7e74e5ea3065f9e234a1e35,sha256:cb5bd83dacac6f1693eeebbad565732c1342d719759c1a96990cc8c9acb0ab9d,
academictimetablesmall,published,28926,28926,0,0,23294,sha256:0d6e2129eec37f253bdd454421b75a05d173bd71a626558a1c60974914a7f3dc,sha256:f924d5688d4a35b124ada3c92928b9fba73bcb176a5e4a4d7486dded014c3126,
acc-tight2,published,1620,1620,0,0,2520,sha256:764101da6f2a555191ed5b5bc48e415ff26ea9b817dc5825dbfab14d7a94d090,sha256:3881d9d56045040d2ea802034325d0a2175a1b8b7be0e04724a083fcb0ff34c4,
acc-tight4,published,1620,1620,0,0,3285,sha256:94ac0e7042b23e9745fab36523d8a4a50c984d9b72e9f28a94a125a0e1b8c581,sha256:c8077df21552886c90cfff7a5f601918d1cfeea87c07019a5b2ddaca48ad8d69,
acc-tight5,published,1339,1339,0,0,3052,sha256:33dfad9984ac7ef9e5f00312b5bd8cc1e5a092df226899fc55e46078df8ed1d9,sha256:26986c8f0d97a33976ba0ef94f46e6303a383c9bd72084ea42d1e58a9c2c16c7,
adult-max5features,published,32674,32597,41,36,32709,sha256:92595364a9ad2598d4f97b405ab3b07e705ac77b7704bf9d5dd4838a76c14da3,sha256:56ad6070c98f50ce588398beec7bf0e268ed5a92521998114d44c814e58d5e72,
adult-regularized,published,32674,32597,41,36,32709,sha256:06d345e0a0714e27cc21587d8de6cf47852dee70268b826bdfff281f9e25d03e,sha256:cc262bc422de4f34e176dbad6266978de9159690c91276dab8974f47e1c61343,
aflow30a,published,842,421,0,421,479,sha256:b34c574d03cb005f336aae8d4839cbc2673588fcd15f21c9b554bb4da2103c3a,sha256:a8e61971e667729b9814a9f163b0e7cb4b70f03075f8654a532386cc7747ef0d,
aflow40b,published,2728,1364,0,1364,1442,sha256:d58b24cd7809d371996f68ee5874df94ff464790c9ceaa9d70a7c8d9a6654394,sha256:e97362a4928c7641d9daf1e503c66731d7deff3dcc878de6996a9385726519e3,
air03,published,10757,10757,0,0,124,sha256:725fb40d21b0afe2619e8d34aab5cecbb6968e7cb746a4a8eb29b5fbab3e5497,sha256:52f4b76aff4832611e4b775664c86bb4efb2e196f3b4085d65a22c092ee75cc3,
air04,published,8904,8904,0,0,823,sha256:086ec6a7d208bad228a88ade1fe7245c208777cf5a5de216a2c4e89eeab86128,sha256:c2ce6f2cd2444a7e38e1449babfcecbf0c0db72dc8430071a5ca53bcf6edb0a6,
air05,published,7195,7195,0,0,426,sha256:849290cf833129ade17da44f206c2c7860f9be5fea60a6d334843a3a5fcd6a9a,sha256:efce3f4fe4c036604c82732bb7c874c867970ccf1b5719655e72b98dfdddc791,
aligninq,published,1831,1830,0,1,340,sha256:3fccbb0f3454574e4d6d9b9b15d75500955c942e1d67dc22842ad131ae77558a,sha256:e991d5c0fd17e31bafe28ad8e0a87e51b7a4591e1e4dc0a1d6f037da695cdf0a,
allcolor10,published,14872,476,13776,620,34014,sha256:6d4e8d770e0e97d215b3122070a1303ba2b5d38deebdeb00a43a5d77ed565ca0,sha256:898e19b2489f9fd179a721d36399f1559edf85b5c9efcc6d96d505d9ba4f9d9c,
allcolor58,published,84376,2492,78288,3596,197154,sha256:e56ec89a5d7049a5f3a89c2a5104ea4264ad48ca48a36194e387a4f6d1e6e2da,sha256:acc25cfe8ccfbfb787e25862db9bab827d630346e9c1dec8f6059b315662bcc8,
amaze22012-03-15i,failed,,,,,,,,Invalid header line: INDICATORS
amaze22012-06-28i,failed,,,,,,,,Invalid header line: INDICATORS
amaze22012-07-04i,failed,,,,,,,,Invalid header line: INDICATORS
app1-1,published,2480,1225,0,1255,4926,sha256:1df722a4339690cb0e66e312529cc62e6195e0b2eefd4f6a96639b109e474b61,sha256:55c2b3de193e73f14e2a1de371ef4d253c1ada93541337fe36a5d0bd75f75276,
app1-2,published,26871,13300,0,13571,53467,sha256:5571af18fbdfbd16f68ca73db90d106ce3a5265ae5984db2f17fed7529c98494,sha256:4ee5605acd0bfdfb35cce23da084460f2f72cc047e7bd7eb3ce8f5ca868875aa,
app2-1,published,3283,3283,0,0,1038,sha256:5e3f064343ca501d4461904696c77b9d1792f45dffd75d9280b753faa7693d3f,sha256:6cbf0f1d861e6fb6af5a5b57d613810c94561403b26c56d3636b0b977413515a,
app2-2,published,1226,1226,0,0,335,sha256:5ad471b2ebbe10966cf985e94a264ce33939fffc635410a7bed64b9f806617af,sha256:5965af0c4ecd4a6018630d04b103b01df9ed03de181b2db302a4e92b53a59957,
app3,published,3080,100,0,2980,766,sha256:f7fc175fc1c0e8908bbeb3ef4ed9193d71731e82bdbc50135f1fca3cca7bf04a,sha256:8b766f999c1f39a54a4e81e55391574954dc242e9605f35a5962140d7b54d02d,
arki001,published,1388,442,96,850,1048,sha256:bb84fc02c36ffc1e10039f056fbe65f0d3bdbd5ead7a6c564448e39304778530,sha256:e9441406c58c9121cb14d0e8e1f87960c20cd448cb937e22acc5110260c20bbf,
assign1-10-4,published,572,520,0,52,582,sha256:859e58cd3dbb9cb09eb4ee184e8c915f4bdb003b662ce24c8e51159c939134ec,sha256:dc738aa0179dff8135a1080574163e3698bf3daf7f6913264982b6c4e4c11bef,
assign1-5-8,published,156,130,0,26,161,sha256:eac6101d8622354f90927e7974dd2a92abf0f20db4f945bfe13d665e258580f2,sha256:a2343f601291c2b4575633fa309902e500bebc0f54deb36088d88fd57018754f,
atlanta-ip,published,48738,46667,106,1965,21732,sha256:0af2566b5ca6fb1542a4724b0cf841a0336d74849760400efd614d9f3b45edde,sha256:0e9deeede8a211ffa0d107e6ee6ce84e35625aad9c0efd260ada73361fe9f1f5,
atm20-100,published,6480,2220,0,4260,4380,sha256:8d538ca243c06e0bdc507d9eabdd0880279d1c099110f81370d8806fae7d2234,sha256:8ea126e585f0411a2890f22b6b7408fde6d4bf0fc984f0af38d36bb8e9fb6bc5,
australia-abs-cta,published,49758,918,0,48840,3946,sha256:8463b8a5c863dd267a1a158d713e9812d38ece14df9e61f83a1a9c3e2ea02aa4,sha256:362ad3b3d28890eb57b39956bad89dd5e4e53f0fbb69a4fd6694f67492b06aad,
b-ball,published,100,88,0,12,30,sha256:53490737d9f9d6c5a8cff4ac0b3832e74e7be1b2f5c6de01b5f3f2592988d503,sha256:9334b31a2179646cf26be999176042b94b420ea5fde5f5f497e50bb233b87539,
b1c1s1,published,3872,288,0,3584,3904,sha256:9097a64944d80868baf9269c0b7b142ccd64a328e0a496bdbd1c3a5191d6e19a,sha256:9ae69df6041f64599a0f7b792c571e11005f8217339e72b63249c84061346e26,
b2c1s1,published,3872,288,0,3584,3904,sha256:25b417e1bb26bb5c243292e831efb3e77d8abfa05ad17f7436e1b2a6fdf8b167,sha256:e4089b9158297f1599132aa504d02584646559ab11ea17eb43d1b1922021c5d0,
bab1,published,61152,61152,0,0,60680,sha256:e1fae37c48165ca3046501c90e66933ab921cb183c97bc0f551ee4a2c3f39131,sha256:2d9b7f51a2c6360223cbf6f6c69a3c001a6425ea1a29a9e23c1e9fa77aa467a0,
bab2,published,147912,147912,0,0,17245,sha256:9c8443cdcefa92a2fdfc6d244e62af738cc6b24932890c606357f524c1bf8050,sha256:df50788d9f7b034aa983d5769a870517f95b86d2afa9495f917ed9e4970be39c,
bab3,published,393800,393800,0,0,23069,sha256:12cfd735fdb4306f00e196a611cf3d1248fbf1cd2cabaa09bd4d6b790599d2e6,sha256:9aaaaba83a76d58089383b27bf85dc2068c8d5d2a156dabb09e606f72558451e,
bab5,published,21600,21600,0,0,4964,sha256:9cdb2e9d40e3869eacfc769f19071f65f799d0bc23224d7b79a6fcce3ffe92fe,sha256:753b70329ea526285e00e432763116c80dd03e6a27246d546342ba19406e6738,
bab6,published,114240,114240,0,0,29904,sha256:280ddfba77941a47a751cc105d23c6943b37682d50803506e00dd136613eea8e,sha256:0ff8d126c66da1f299e9eb3bac831c87b4fda4ca3ed1ec731c5fb67dce81c74d,
bc,published,1751,483,0,1268,1913,sha256:2422da8260587098995b35cd51eb61de515b3d5b68b108c05f2166fb2e6bb4a5,sha256:9bd7ab80ccc698546c8bed6e5ba6d71452ede0982bc2afe5d438b0f865c021f7,
bc1,published,1751,252,0,1499,1913,sha256:ba502289b79d40375c89a69cd2d019641741ad67a318eb14aa0fe317c11f8840,sha256:87af537e726c8dff910776c8b9b8a89532da4cab002646a12b43d11caedec85c,
beasleyC1,published,2500,1250,0,1250,1750,sha256:ee2532dcc70ba2a0e451c9c5ae1f5adca757efff8d1789b189c8e8fb676250c5,sha256:6313eb1fc9b4e6f28a5dbf4a117cc50e5afa3b3bffb4f1ce4484ed17e5a484fe,
beasleyC2,published,2500,1250,0,1250,1750,sha256:b921cfeed1c7405b4cf71150ff5ec9c979a773dedb6704282fef2ed24a6e0f45,sha256:e4ad7c24e0c3b99fadcaf9e199d1329ebf9e5535e47fb9d9995f0f1c4e7ee07b,
beasleyC3,published,2500,1250,0,1250,1750,sha256:1f95d00feae4b49f88c90ba3735f572ad58a5fc61b9221445e3e3c4d8c7646de,sha256:cde51886ed91becc51203d367aa22d9f2eb6bbecd982c824475cf5bc0ea35585,
beavma,published,390,195,0,195,372,sha256:5072bde7408fcbc993a94e49057eb1003c17d962831dd07cb44e49cd5f310eea,sha256:e3cabaf93be1cedb94fd8be3b889d7d935834df601ee08536d6e63059ba085d7,
berlin,published,5304,2652,0,2652,2704,sha256:236f2bc0e9cbd467b2d5929a480fb53dfd6d31b2e374a83e3f6a0994709b6dee,sha256:a6db362a34110030e7e9531d5418c88f2fa4170644492637e1d2fa9dd6060722,
berlin_5_8_0,published,1083,794,0,289,1532,sha256:3bf555e9f12ba021dd5af0b832cc33f1761e774b87c416b593fdfdda7a318368,sha256:d5cd919893c56e36fb24e621faa53b954d999ee62c8146772d460c5032083bc3,
bg512142,published,792,240,0,552,1307,sha256:32b48357b4064761503d9ea1f750e07ed15aec3a547d6163e0a056d1feb18400,sha256:f53869b1c82bdb6e6c9f2287ff7d7238c5c10ffcff93b2aec1eeb2e092efc31c,
bharat,published,590519,122614,0,467905,1299953,sha256:e7f7dbf89e3c3a18513b0e4eee453d2b6b6c340a606fdbfcd2c6281fe4262d2c,sha256:5ee62cb3b4fd6752a1fe72b6cc384a167d5525078303b6159b8091b15559867d,
biella1,published,7328,6110,0,1218,1203,sha256:e17a33df964df50943d8f603c58a35f28af0e421d89129d490ac63eb13c078ed,sha256:d35334eebaa1c903bee6e0e489ed0931bc9b3440d0d45a8b83fd465492951036,
bienst1,published,505,28,0,477,576,sha256:13f23ce58b93b070d29a9cf1bffe52c1079c071edfd5e56c3a182be270f0c92a,sha256:c3ba775df7dce2cd5aeff19daec93d1743d35eef6ee90bd091490ac6026e9311,
bienst2,published,505,35,0,470,576,sha256:4912da208d31a0557057abe394793e5d24378d70b6805bdaca54562660b276fc,sha256:2b6565e1eba96101315590c09365b26b5b816a8079cf0c8d4356f646812fcc32,
binkar10_1,published,2298,170,0,2128,1026,sha256:f819884a463f993d4f276809406efb0870392f9e8d9443f3fc5eca36cb032132,sha256:feca979f11b7046a79b0db0d1c82abdc538553f10270524d9843879593618e91,
blend2,published,353,239,25,89,274,sha256:6798cc05f87b618ebcbcae79e9cb4614064e20b39266ddfc7b8c626cf9b873ff,sha256:8f0a2ffda8b66a6be31d3e9d68739295ae944948bd1a02f4bf271030587b65bb,
bley_xl1,published,5831,5831,0,0,175620,sha256:653061b005a2c29f7b6f060ae5d58b3326b08f549a9638fc106b4685c80e5c60,sha256:74feb523b9187cb344900a0316f1089041a7de9d7b45780d397fea5994a73a8a,
bley_xs1,published,3243,2360,883,0,3290,sha256:3006cb46469378e7001a281dab8c40a3cf6310b6061653f23024def7e2bb44a5,sha256:1a0f1f07b23a19b22f50306cd3322ab6795bb2745cdb8fbdb58637ffc19925be,
bley_xs1noM,published,3243,2360,883,0,3290,sha256:87d102c1f7838d83658a6f6a9bd1347a1231598073ff3d819e385f41378c9141,sha256:e16879a6a10b1274e40f6987ee56d6a983302c48402f95c962b72132a19ab901,
bley_xs2,published,2515,1632,883,0,2257,sha256:84221d9a240c75fdaf178294667d411427506154d38d5d2d6fff40b03424d1b5,sha256:e3e27ac1eb17e85cdbd0809166edf84a8f2d8173118a3ab7368edb0e17c66445,
blp-ar98,published,16021,15806,0,215,1128,sha256:27229835c7e0e46ab31d73e439dfa967aa915b7956518906020498b1e2c40f30,sha256:8f1fe063e4ac614fa8799e563474e993590490ba87b2793dcaa995fa194e8605,
blp-ic97,published,9845,9753,0,92,923,sha256:f18d9e6a0043796f59add2bc9dc0d3cbb1cad0cad523ccbfd5eeef9a4593b963,sha256:66310c23dae0db69d15f538afeebfe109e149d85c5367e55eb73575fd5d2c7b8,
blp-ic98,published,13640,13550,0,90,717,sha256:9705bc54025b0ae26f3e3263c050f58eed40a1cd671b3838c58e9670ffc3c12b,sha256:59991b1c38dc5b75ea6ac4d1328b425ea2da39f43dcc2f6c0ae717552e87463d,
blp-ir98,published,6097,6031,0,66,486,sha256:811e34c2567cdd892340261a5f1e2a2ddfd6703b3334e25bc3740ac3b6e443e1,sha256:1afe6ebfa7746b96c4f504f6fbf0211adaebbf8e2a49a1d7de2bd2992820eb60,
bmocbd,published,404875,125752,0,279123,153324,sha256:7b20f8fd5e2a5086b4efc27ae592531d04b039f35123f30253f8a57cee0d2265,sha256:d89295bcc0f5e0cf3a1ab66f18962ef306006504a3bd1d26e7c00b6236050af0,
bmocbd2,published,403771,125467,0,278304,152791,sha256:d008e264437032cfe00a1899ea5c4bfcb55fd5a1a59bc1d29f4bfc1533965a43,sha256:c5c4a17fb2a044c9b7b859dcc636cac1cbaaf73837b01c1c75217171f70e4f95,
bmocbd3,published,403771,125467,0,278304,152791,sha256:02f02ff1ff85462f6822496247a4ef40d9f7e5c2739c8c12a53d5fd7cee047e5,sha256:99f0e3b8d9b0ea9eb14db83083ecc58d5703b35831ec662d2b34efd32db2c6ba,
bmoipr2,published,20503,8434,0,12069,13897,sha256:5e689548d136ad2b0799b584c1bb0b3d7788c46c527d9968065229b1cce617fa,sha256:5451e670cd3df9ea855142a626aee7b7c7fb37f1f10f72354eecb9801fe1f63a,
bnatt400,published,3600,3600,0,0,5614,sha256:702df01d0a61e162527c849f72a261400b7e9a1269c45aa4f4e35a656abb1c9b,sha256:97e91a9717c4cd90f8d4631d188f880000056ed8d28302a42a746e94f254465a,
bnatt500,published,4500,4500,0,0,7029,sha256:075df40c11faa69b4af25ec6306b584678258679cde51f53e3f689b771b21daa,sha256:3eb4da9f56e32f9d63a84fe91c4675a4823553a4d59fe999baf18e88ce52122c,
bppc4-08,published,1456,1454,0,2,111,sha256:dae621931b92fbcf4fa9986a8eab506df56688cdfbda4b9697fd19a8459f8c98,sha256:b64ddae8c2cd73571bacdf6d93a04bbb02c4f911220e0ffa0577aee76974d0aa,
bppc6-02,published,4784,4782,0,2,309,sha256:834a0d73c26d0327ffa3e66f9594f6d636c00cc5828d889f24596c7ff49ec8e9,sha256:ee88f4c16890ef56c69a889f34cdc54d2382a83c27b407104c8c26d012ea146a,
bppc6-06,published,3922,3920,0,2,273,sha256:5734ab38bb8116ffbe958cd562b3905cae7526315dc0ae51e3c58f3a0c195abe,sha256:5aa4f09818716fb0fa80ed60c9646db5c9bcdbddab7209e9493e7382589ff3f6,
bppc8-02,published,232,229,1,2,59,sha256:ef9d0ed1a49b18eb357e514fac76ce1538d8beed707ec7aac2df8b40872f52d5,sha256:806e5f248e4f1214121c5690bacbb0dcffc88d371e793237a6e5b4fe86551dbe,
bppc8-09,published,431,423,6,2,67,sha256:fc653835c4c2ee8fa955ce7094132ed233efb017b7d90f0fb7d5890d7dea0dd1,sha256:873d3b76f080b1b481ebc7420fbd66eadc3a0819d73d344f5b13f9765e6a5c3a,
brasil,published,6612,3306,0,3306,3364,sha256:51fd71b4ae277757ce759924dbb87f174da457b3adaa80d8b3af4cb6dd569773,sha256:8793a05ff506e75a258bd26a705c5e9d403be1a38abdff27949f6f61f92c64c5,
brazil3,published,23968,23874,94,0,14646,sha256:8690c41d70b31fa8acc9b171b79477f355e1e7a4ddf046c3630b6df65796fdf6,sha256:2a9f45693ba75f2e373c6db3647ce00626d752ca5c97bbb21d78cf8fc82a55e7,
breastcancer-regularized,published,715,692,14,9,723,sha256:506855bdfb98be144c06cb80d2e6af2c8ee8c2a73e372a533fd39d0ff45ab534,sha256:94a32f676d0de16283704eabd14c1cd6c252bb22f4bb2c377ac8f091e1470cc3,
bts4-cta,published,75400,2260,0,73140,45350,sha256:f5abbaa93c72a68034e99973cadb9b57127520fbd3deeeaf519ed0fdede81785,sha256:09c6af0923687e12c0156cdc3acd202f73671ced289dd1f53ca0ffc64c16ccff,
buildingenergy,published,154978,0,26287,128691,277594,sha256:f952429a8ee0c82817968d613aa09fc3a731d57d4b5f1b656fc57579760a1352,sha256:5b75bd73f0bafc4847c2e0b8961b3a1ef7fd60718297f37fe32d77bb289600c6,
cap6000,published,6000,6000,0,0,2176,sha256:5efc6b923e84ecdf4c193308160d4f79e4541347002405625fd4a381022a91ff,sha256:425c61b2875a0b544ae1ace2def589ab1409f0f2a6c2342521813b8a37e37171,
cbs-cta,published,24793,2467,0,22326,10112,sha256:c2784fe6395f9786456d0ac32d74dfa13de714db1408f7acc13ae89fe9e8a610,sha256:2c1a7ddb02edd3283bfa799d17047cec84792ad94d74c350df8910e64d653c83,
cdc7-4-3-2,published,11811,11811,0,0,14478,sha256:f608ffe66f76b190b0c8d4b3853d5a6b859e4eb61783dcda825b4bcda8c22c3b,sha256:0ecede6bad1add01fe47783c09b5be8fdf5d60b852cf5ae95db773c521500e0d,
cdma,published,7891,4235,0,3656,9095,sha256:591ae48871a92a53772c0fe760d03bbc3c6de8fcf460c45536767d8d74a722bb,sha256:049614ef2f90e73be4cc05f5551ad61d8a5bb22357c0194f2f493d40a7ff46f9,
chromaticindex1024-7,published,73728,73728,0,0,67583,sha256:b64b314a63cbb30adafb7bde89b32ad3a29773c75b229a342a04190861c242cd,sha256:0e9b8f38b7c1bedd2c4b950bce9a6f348666c529d52c730dce2162e05c7cb541,
chromaticindex128-5,published,9216,9216,0,0,8447,sha256:f7d04115eea4b4e3529e06de545de0b4432c2b41872fabb686f642e8b94f1625,sha256:cd991ab38f7e10effdbae62d032cb704b9398c250801e32b7a2314609f949f2f,
chromaticindex256-8,published,18432,18432,0,0,16895,sha256:42bfbca74e88a5d2178a05c97c8627ffd9d0ebc2c7038d4623fe7185bd4260a7,sha256:c498817d004b41a34cab1494a502e9b5fb9590418c50c3d8720d4796b4cb7fce,
chromaticindex32-8,published,2304,2304,0,0,2111,sha256:b96f1b9ba73316d41d297d6bd47d95696ac28555d498d57ea29187b407b0411a,sha256:02eefceee4fa668ee9892f7289056d6c1cc8558b8326f748a93d48ceccf504ca,
chromaticindex512-7,published,36864,36864,0,0,33791,sha256:df59a99f3ffb2d9c80159cc711050ef32263a817eb7af3853c9fade6658c4d7d,sha256:45dc93f2b939f969e478feda9f52468481ec7673253898ac4f3ead1aba72c609,
ci-s4,published,745,355,150,240,26159,sha256:a66650972b6e5f63a95408bd773c0c4e71645643d617796832da986f2617e1e1,sha256:3af3dc40eb87152642c1a2243a160118429a275645c4924d6759effbd4c61c2e,
circ10-3,published,2700,2700,0,0,42620,sha256:29270a9d3334379881c7eaba40672e7b5f0a14b4b924dc18c342d4e9398a558a,sha256:9674d7e5604a0ec125660dea7ed5a0d981b2eebf0b3ed86c66f57bc80edbcbf6,
cmflsp40-24-10-7,published,13200,1200,0,12000,2825,sha256:bf12d5642506f7ac1240c0c2ec1039f39f96eb7bba3f330be3264c2f2a9ef3d7,sha256:2ed88c5520b8a498f823613279864313e398657ddacbedf648c29ee08a42e3ad,
cmflsp40-36-2-10,published,28152,1512,0,26640,4266,sha256:03c63286b9f4fe6699c1169fcd86e8bb98756f58c5b570a8ffccd54465a69a8b,sha256:4e0aaaea9c5d7925905c261e8193cdcf49eb03c93a8e764ccf39ea3a65e0b8fe,
cmflsp50-24-10-4,published,16440,1440,0,15000,3527,sha256:5d6d4092f87dcf1582bca1dd21c06b858ef4d04fae2986c711a041425e2edfc8,sha256:5ba0752e9718cf62c7000656fe72ed5897122c19ad06d8d679f1032c47b8e146,
cmflsp50-24-8-8,published,16392,1392,0,15000,3520,sha256:a087d4c5dda6d7bb6983b0cd70b2c06fdd96f1a842e184d78850f487091acc3a,sha256:b73a3c81368e6ee1c5a4fa7a75cd40029b8de9e5e3c74f039bb819af338bf766,
cmflsp60-36-2-6,published,42192,2232,0,39960,6388,sha256:d37ab81f71796bb5c6aba5c8c7fb597f6fc118f256d604d3e775ab0452feed62,sha256:d97777df1096e71daa3e82a79d0c0adc8be058027d8e008112ffaae7bed63bf3,
co-100,published,48417,48417,0,0,2187,sha256:70a55e4ed8dc4a73c22d11f3f63a77a1acc8d166a2bd99bff237963037e47dcc,sha256:6727703da8d267aaa2517bbaa6bb893e9d16d8584d149ad1f8904584d820a6e5,
cod105,published,1024,1024,0,0,1024,sha256:96a0d76dfa94adf878d32d53421c22275fc6c22b6c194aa89ccdccea77bbf976,sha256:bb130128f7b27a8e7e283c52ed97261d9dd539df7ea84d78bb82b0f73cdec949,
comp07-2idx,published,17264,17155,109,0,21235,sha256:7b04d6c6ac3559095ebb344625b84a2205233b1ca09e08b4257a11a3fa7b60c0,sha256:21a71a5959c31183585b3900730d205be6db6bc852d90f4a82e997887dd1dadc,
comp08-2idx,published,11554,11487,67,0,12536,sha256:b536a40c1807e3bca2c20409e5c1f7a3df0a29f205006bea35f12656e67221ad,sha256:b227e3bba6a898196ba15f49aecd4c4fffa6521d8a9e38a2e98d85c7aa7d4bd4,
comp12-2idx,published,11863,11820,43,0,16803,sha256:90b30cda097d2e09084d6254b7ea5c48284c456c028ef4b0b446826fe77c42f3,sha256:fac75a16f1caf7c8284d03246da271065fc6dc1808fb166faf886e25783a774b,
comp16-3idx,published,64193,56745,14,7434,71594,sha256:11d1e1bc0af35edf6f36095997da76c6541f3cbe9ca22b0a54507a1527b2d7a6,sha256:2ed46081927d0fd723bbf6c876d3655115721131f744f35591c98b859f0e1d73,
comp21-2idx,published,10863,10792,71,0,14038,sha256:ccc742475c4b341ca81eec28fb8fba7cd0874b80cb2ebaea19a4687fdfba3675,sha256:76047aabdc5cdc2565b7cd6aa57e44009b98d07bcf1efeb545c951e08dd2fa0b,
control20-5-10-5,published,1310,100,0,1210,2430,sha256:34577e64ef30ff68fb3c1d5e2d70c9c57680d4e4e06f8170a6aebe5d500e9b72,sha256:38a2ff56a72593dfbb2da167e550e27826b9fc31d209354a8a4d4afea72fc41e,
control30-3-2-3,published,332,90,0,242,512,sha256:6c8c50cba2a6ea4b0d3781412750c214f44511671ba89ff4a49e306376e5c007,sha256:e7e3a0e91f17bc2a3106b9ca7bffb1c9e1bd4dc1ee31ccfaca765102bbf5da1e,
control30-5-10-4,published,1960,150,0,1810,3640,sha256:e55f6759ea8c7fbaae64a95b93e2c970719a9ae50f0cce168f241419acf0353d,sha256:6352abe46ffdc30433fdf51ebf07447d896a30a98f81942dbc4af5f6d3bddf20,
core2536-691,published,15293,15284,0,9,2539,sha256:e4d3a27e1a3363c104942256e44b8ec044709d5c7cc380fbc15db4c8c23eddcf,sha256:4b5ffa71baa6296c486e2810574181e5c4d6e37fecd7e6f1809e93ea9d13c704,
core2586-950,published,13226,13215,0,11,2589,sha256:638a2b0865cf98180cf7e52fc4e04038f5cb420ac6ed6356784e509afc949a45,sha256:8e1acc3227797e793fa6ca5b9fa26ae983057e59f51cbd08961289bd4c14283f,
core4284-1064,published,21714,21705,0,9,4287,sha256:7d1b6633fab0eab039d7b7bad28dc6a83a695e1acc1f98aa5e937b7bb2598128,sha256:f6394fd17e1847087c4da8be10ea1d2eff6ccb8bb57b3f130258956478b4c270,
core4872-1529,published,24656,24645,0,11,4875,sha256:697cb70c6d0cedbc1dc58833f1a28cd427f75f782fb5e33b292501bd2a133c5c,sha256:41a50f04b0bccdd7a5e07fea55328c63f1cf88fabacf9959220f072386a67fa6,
cost266-UUE,published,4161,171,0,3990,1446,sha256:9c5c15c0ef1079a4da54913332a6486947ed085a31589760dcfb0d9a46c902c2,sha256:1196a8e7884f3322657edaec1370eca2caa070a4056d390e84b0de17fe84b9de,
cryptanalysiskb128n5obj14,published,48950,47830,1120,0,98021,sha256:59f194ab127e51cdbc2ab5407058c854517db7f8c09fce8b16e400dd8109bf16,sha256:bf2162b953207c0fa0e1570359fc156127f3212652b72ef1d43566f88f5a102c,
cryptanalysiskb128n5obj16,published,48950,47830,1120,0,98021,sha256:9fa1bfeb83a7eafd07e297f532314e250b889cac49e95752f0111fe7ac4601b5,sha256:1173855452e324c83c6d06b0fbb35ee040f3c490516250f9d1b4bd5a39319190,
csched007,published,1758,1457,0,301,351,sha256:53a7bcccf12ff9a9387e821aad85fee87486dd5240449af1d547d9c0efe0a819,sha256:077c31d53bcca492ac8449e9bd39ebe985f676e9cdf248cea0004ad29e09d63e,
csched008,published,1536,1284,0,252,351,sha256:be814ead085d4c363224cfd64114792a2f3895e4cb08518b56d9adcbc44fc577,sha256:8339db1a4176c9817325dbda346386b1f598b465ee5051405035587c5dbb5e8c,
csched010,published,1758,1457,0,301,351,sha256:94e322af8887c905d422fd496046d0aabff643475fe3cba4ba2fcfa8ceb2da7f,sha256:1350bc1ff2b77fecb4c697a062a982b2dd6f76605993f8b082a9eecd45c6c5d7,
cvrpa-n64k9vrpi,failed,,,,,,,,Invalid header line: INDICATORS
cvrpb-n45k5vrpi,failed,,,,,,,,Invalid header line: INDICATORS
cvrpp-n16k8vrpi,failed,,,,,,,,Invalid header line: INDICATORS
cvrpsimple2i,failed,,,,,,,,Invalid header line: INDICATORS
cvs08r139-94,published,1864,1864,0,0,2398,sha256:0213c4b0c70448fa7206880ef288d5fa4a30de327bfe8caceb0591ce2e2bb3a0,sha256:597c6473de03a0f84dde27f56d407acba7e3ed6f9367ea94772543dba946936b,
cvs16r106-72,published,2848,2848,0,0,3608,sha256:8ffd1bd6bc3a517a4a787626cc16a0c15bda6cf7a7cdb950ebd4dcb0ef192ed7,sha256:5b00c60e153ab983a2f75ccae15cf2226eeb42f1f6294201473957e4630e97cf,
cvs16r128-89,published,3472,3472,0,0,4633,sha256:59e9298103b744f4136831dc33aca4849280e08edbd33d97ee1a11e3f0de7588,sha256:a96cb9047530db8d5d9b31ee97afac590400b67cbe5a700ed98a2942e87efd20,
cvs16r70-62,published,2112,2112,0,0,3278,sha256:57aeef03b5d1584a1b8cf204be097edae2de7380b3c18442c08dd4cc69a1b73b,sha256:c569e7f946f055ac5be6481d43020a535681dd718277263969d4e7cb1996ee7f,
cvs16r89-60,published,2384,2384,0,0,3068,sha256:158a6197e5b8a04b3e5bbc21b46611290beeee9ec47836c1eca03c0b9624fe30,sha256:f39e0ae4e0c9b7378a5d988156710f04c84e326084516b9d6e062c14e9b63d36,
d20200,published,4000,4000,0,0,1502,sha256:7c0490cc23ae384ccb3b7c7ef7a06bdfc3747a37236bdfd010e7b50ff3f1f428,sha256:930d04a182be33862b87adf25e50af5abc7ef4ceb765ac2cf0ad8a4a57584efa,
dale-cta,published,37951,4923,0,33028,20097,sha256:196ebc3c56768c78882819f35577d41ce5d646cd457809a36861bd8885740ca4,sha256:39be7d9a3ea6cf94422fd51ad66d233125d9b71f2f0a6adc7eba86389c98efb8,
dano3_3,published,13873,69,0,13804,3202,sha256:7c80a0ca5484b8fdab869b6797ebaf1bb8ae79c93f50986feb0f5674b0e839c3,sha256:e3e62d54ec50c71462c04fbc1c62b554796faef9af7e2ab88562db3d8d0200f8,
dano3_5,published,13873,115,0,13758,3202,sha256:88c117f203124b8cd06555c7e9bf072bd411e338e8bf3a2048070e6011dc5d59,sha256:d64bf32ac0d1d9837805a8662e75a24197050f0370847937c7d70ae7d47ad488,
dano3mip,published,13873,552,0,13321,3202,sha256:cd5b174d3dff71c7646ee32b20e8eeb4793056c35a5d0973b952ccac485dd5fd,sha256:94ef3091790be2c717b575718dbc9974266ea99b3a4d763d9fbc2564b402ef5a,
danoint,published,521,56,0,465,664,sha256:018f156a3396efacd0035edb9a9cc2699f8a2e3caab8b5e258f2cb5276893edd,sha256:c16069b50af50887e679dced8bc24181bcca6fd3d7515cf6b7000a64951f47d9,
datt256,published,262144,262144,0,0,11077,sha256:a3426f12e6c1e41772850cac4f3084e69aa965c6c06afc5f147957696392b0e4,sha256:2c7deb8be603ee4d8c8296a807de10aaee6693ea28d11cc5c78b3696e557c821,
dc1c,published,10039,8380,0,1659,1649,sha256:eb0725f7086852ac7d4fbf036bc8d28962c6af4b905ba12081f9e91e8ba18cdf,sha256:d1ac81402e7236297c6a149c092abb13148373c165a51c64df7686c38c5bc529,
dc1l,published,37297,35638,0,1659,1653,sha256:a73120dcd18689ef3527470914569517061bde5eda549a5d4af15fd904236b87,sha256:decbda21098adaaeeba5e3e0ab0031dec7f864784ecbd9bdc50973729eae0033,
dcmulti,published,548,75,0,473,290,sha256:372d23f64734e75d41480607947988f61aa85f7ffd61e34b8947e06ee368c839,sha256:b5ed59d777d5454e6cb65ac14906877e266c25adf4f39c1dd7466d9edd696692,
decomp1,published,10735,10735,0,0,8357,sha256:c2ab42edd192f4b0dfa02d0c4ddb7a1df15202d3d12691569acf901646ec6642,sha256:e8abfe3234cf3fdde7df3e24ed2fbfdda0150bde5522ad59f992b7addaf6d2bb,
decomp2,published,14387,14387,0,0,10765,sha256:282959147ad931bb68cc55a2f5953cdca57ffd61891f3ed270d01587ed40bef6,sha256:968ff84b401dfdf4c17c82054cf0107f85b75397d87ca8823dc0352e7490a7bf,
dell,published,626,105,0,521,500,sha256:39b5431c72c108d7074499e125e3ae115a14012941c6d65f100d54846906e9cf,sha256:9cf5eea8d2c95f598598eb311020f49b7420aa76c3306229cfac5f98752e7990,
dfn-bwin-DBE,published,3285,2475,0,810,235,sha256:0615630932f7d9e96c2b884da10e45c253a5f2a95adfc0692f39102c4809f622,sha256:c754f333e82710b089b2ed24dc5c6757f3852bed5bdc3db01b1b2d346bc0979b,
dg012142,published,2080,640,0,1440,6310,sha256:41321ec7a749a4ff025cb2985345dea7fb3ffebdccd20397febb7bc94e726b14,sha256:d511e4e60a4136f0abfccf0e1506031700a9fe916873d0802e19582c9480b915,
diameterc-mstc-v20a190d5i,failed,,,,,,,,Invalid header line: LAZYCONS
diameterc-msts-v40a100d5i,failed,,,,,,,,Invalid header line: LAZYCONS
disctom,published,10000,10000,0,0,399,sha256:61945835694a2712bdd861a5d6fdec90a081b884c758b4f7aabd853c81036004,sha256:90683b6d0ce92e282d48c9049b0e607f95686f120b613111bb00e50f9f33be99,
dlr1,published,9142907,0,124217,9018690,1735470,sha256:2085ea2e434dff6f0f50221789478394143522d684f26b95093d05c16a6128ad,sha256:a80436b308e64c9fdb55e658649638e20a80d2a2477279cea2f6fb0f5bfdc54b,
dlr2,published,38868107,0,532697,38335410,7132926,sha256:26c3a080001e5fd4efa8c088df4d66e69ab31f1a769373c945ec76a53a79b21a,sha256:1b6d8bcf4080665c045dc6855bb77bc6fef325b7b56480a1ca9b854f6b4f27e1,
dolom1,published,11612,9720,0,1892,1803,sha256:59ad70f0091abe724a75a511a0678527f7bb157b3c3a4dec927c56bc656706ab,sha256:1a25115d36aea3f7f0b08d01dba07c6dac9b49c458f4d79e15741fbc88b2a461,
drayage-100-12,published,11090,11025,0,65,4630,sha256:b7949acc9b404cfdaa4ae2f61c82f86743b2ce742e81bfa8ca7baffbe39eaaaa,sha256:cae84b77283d1983d77703ff268e12ce62ee373e4a3e0a30a63a13d54a8eae53,
drayage-100-23,published,11090,11025,0,65,4630,sha256:d87bc4245355c40b695f0b8384050ba535602d5b10916394fe6fcfa784b96f87,sha256:9b583d4404708c8f2b95286c2b7874d3620739d2a238f834ef48f07dfabf7fed,
drayage-25-23,published,11090,11025,0,65,4630,sha256:f626a00ccbcec224abed02aabae8e74cf86a91f0abcb26a63ad05359cdebe189,sha256:9332ad5d69e3d399e95e54c6c60805439d2f724549f49b8dc0ffca20523c2be2,
drayage-25-27,published,11090,11025,0,65,4630,sha256:46e8688994a990894370c78c01eb6aac442d1e67f635f12a175e2c9c23600aef,sha256:42dea85b1535e02631ee5dc9f8e63e97d90c8c795e3a0e4efa3ec9a085aea4a5,
drayage-25-32,published,11090,11025,0,65,4630,sha256:1c4215b3c00d8c58b81616803ec98ff149267fee24283d386910aa078ef49acd,sha256:30b1966ad2e86bf1a16fb78f0eaadaa81253fb8407899ed37bcf1ebb2c1e4a0e,
ds,published,67732,67732,0,0,656,sha256:ec711676b807064f082f4736eab64fe5ea942cadc097eba801293df154d26db2,sha256:9ba7fc77b97d290cc92466439a3cdab0e39236fd35e5b1b6de046bcceb574620,
ds-big,published,174997,174997,0,0,1042,sha256:19b25ffed56faa8aab377fcc2529948d18bf8f7d94db37e99cfede8869803d5c,sha256:fde8e3d6e914ac49fc2c03ffa98607dc9ad17c7c82b71d1d8e9daea8be7e6fb7,
dsbmip,failed,,,,,,,,"Multiple objective names found. This means the MPS file is for a multi-objective problem, which is not supported."
dws008-01,published,11096,6608,0,4488,6064,sha256:b4b56fd4660646d2e72466ad1b7da55fa7c7ffbc7fe29adb2402601f906b05d6,sha256:245ba4d4cf6d8a066144dffe7866dc54bb73d515ba93ea5d151dd56210a58e07,
dws008-03,published,32280,18928,0,13352,16344,sha256:b43777f55bec0061dbb295aca0fd171b248383bb54d135ea1142a0280ddac7ec,sha256:860d81e337471eea4a489a0f3ba80a6c41202d9f7a5a960dde6275295dd132c6,
dws012-01,published,26148,15576,0,10572,14280,sha256:98f3879be0828b14e3a37e87c32f37db89e5f99d23803523121567a57ef70445,sha256:ca2e02b022957ad12043ab682d5dafbda48f1e93c84479389026925df5187634,
dws012-02,published,51108,30096,0,21012,26382,sha256:ec71155f1de97b713eca13a980f937bbfdbe2c7f3a60bc983a385419118ac3f5,sha256:e6120b27356ae2d62cdbf259422f40078b0993fb192bcc4743b442e46caa18a9,
dws012-03,published,76068,44616,0,31452,38484,sha256:52944a56964f290dd23dbdb1ee431e46a8e54ebf6b7820e46e3437af898338f1,sha256:aeffd2715a3476f59febd701da831008fa9893366dab6d1d39457f532085e063,
eil33-2,published,4516,4516,0,0,32,sha256:a17b6c685791990aa535b44c10ba7f5307eef6450835867fb130c712584df344,sha256:7aa5ab25112fc2ce9c937db6d7be9d9eef53ed5e627f80818939aa317377e961,
eilA101-2,published,65832,65832,0,0,100,sha256:fda6cd81eecd1cc55b2218f48a5a213d03dca5b54c09f34a6325aef7e58c6037,sha256:cb6c292dd7bf40ad6cb38467f0a337396b6d107413f9adeadda1a48e4a7eff05,
eilC76-2,published,28599,28599,0,0,75,sha256:e76d0acf1f96fe09fdeb037db3b96cda2d2e327e1c95845cd65877d541207bda,sha256:8357c5557ffe09ff34f0ff829cc21b4ae39b4dff104239849899d725a0b5da07,
ej,published,3,0,3,0,1,sha256:bb90c9e7425cbf247e04365ecb29ff18a5ae7141543a6b5eca0666538144218b,sha256:23a045a659581f96323e4c9f0619f97d6f4030af05eb761c8e1b601acc52e9d0,
elitserienhandball11i,failed,,,,,,,,Invalid header line: INDICATORS
elitserienhandball13i,failed,,,,,,,,Invalid header line: INDICATORS
elitserienhandball14i,failed,,,,,,,,Invalid header line: INDICATORS
elitserienhandball3i,failed,,,,,,,,Invalid header line: INDICATORS
enlight11,published,242,121,121,0,121,sha256:0f84b9d2e2bd37c59950090de7485f70dcf9a1bb1ebd05078488aaa0417501a0,sha256:0f5a887570fe2c4d7399c808832c9f2ce35c0fce132a995ef23fe824f767df5a,
enlight4,published,32,16,16,0,16,sha256:7844072e7f71f164f91e428194022cf0aca2c605e80117f36605d53cff5a4fc0,sha256:7790c925a4e8af5aeb8941bda590ce10572f86ae865965cc482c03c049fbbcb5,
enlight8,published,128,64,64,0,64,sha256:8ed174672285279481edf75c48ea6a47e737238a5187e6969e6d63d9b1425a1c,sha256:6cf220d9215dbbb1d3b23c8d5b8c4092c6a82044fd3ae4b491fed1be119c5e9b,
enlight9,published,162,81,81,0,81,sha256:44a8133876c2cf937ef8cdf9491e78e50daa9e77076f7c1a9c10ae2ce28d4064,sha256:d6d32b6f3d9bd8dc1a1f405d5e088a9d5011f9470a8fa1f8e33f8e304af2b2a7,
enlight_hard,published,200,100,100,0,100,sha256:815c76e21781473d16985289e18f3ebbc8f8e8628fcbe75fe036c10b4d397b73,sha256:48b120a668dc830594358198ad6e88f3eeca3f201c11be1fac9567ecf9887b40,
eva1aprime5x5opt,published,1712,400,0,1312,11929,sha256:c7bc0e8fcb71aad860b20d6dd461acf4ed7a2f1e404af41853b309f2bf4395c6,sha256:d107a52fc3414fc75a52c6838041fbcc8d29951b1bb2b5639a17097665fac43f,
eva1aprime6x6opt,published,3514,836,0,2678,34872,sha256:bb6e11d76583c6a7d44e1de3f9d091599424a5a36835fce8b71e7cee910601ce,sha256:7985e65cf09f045d2b8be6119598f4f6f33f5e5826d245fcb279cfc490efcb1c,
ex10,published,17680,17680,0,0,69608,sha256:6b1fa0419dcd3156c806e831f5f777eba1731105c478a21860184037c939afbe,sha256:3ea0720fa8604ddaa0d70ee1787db859f9392b0590b95317198aa7713693cc85,
ex1010-pi,published,25200,25200,0,0,1468,sha256:e302270ef18ce59bedc78a40e3e34b160eced380a5b6965968e9df46b86c8271,sha256:e4bdba0fa75187455949e42f5c5220a692a1dcda961b81a4095c553f23ce632b,
ex9,published,10404,10404,0,0,40962,sha256:bed98db9ca7e419e7283a3a9f6a3f65c8c14de597dfdbac131c6360d7431ca70,sha256:2694b39d65b89c3953b20c5e0dceee9182381cdea6a1ab507956ab019c484607,
exp-1-500-5-5,published,990,250,0,740,550,sha256:dbf915cafbd805b77b546c46eadc2881eecb9d630a27c4cc6d7a4051951b72f9,sha256:c14b5c3e41a186ffae545d584fee956286a8b0ff9ea06f84c216f36b62d8becf,
f2000,published,4000,4000,0,0,10500,sha256:410dfdd0db55068c09ba0576490abfa715af001229af2c6f08faa35f271b80f7,sha256:bf795286ea322f1fcf01e0c89326a395c7b772e2f50fccab110c133e855bdc0a,
f2gap201600,published,1600,1600,0,0,20,sha256:3b5f4ae0ac03240e0900b6855bc38642723d60ef0e7abc4394afcf95a3a893c9,sha256:2e2f922e4981cb98916dc6da80272c3f13ebf5a360e6fbb3c84b2101d42fb730,
f2gap401600,published,1600,1600,0,0,40,sha256:c47a07d9ed3137b9689750dd3bcee5559781e67510aef099cd258f58913e9d46,sha256:df4485f6f94194f47b2f4f02c8775f9e6850dfbd8cb508db1cba65328d0b3d0e,
f2gap40400,published,400,400,0,0,40,sha256:2d79ab73428a20b67ca9023c4642a54444cabd642efa45fc8110c204891053a0,sha256:69dda25b33ce605b74997dc0b9f92babe9b359d6ab52787a4502e5731507d650,
f2gap801600,published,1600,1600,0,0,80,sha256:e1b9926efb7fb214fb27342c5cc568ac9c812123a8fe38629ffe8c55c3062495,sha256:86ab5c80b0c94abc063737804ab34e2e1950ec58d2535143cd4411ed0ef91189,
fast0507,published,63009,63009,0,0,507,sha256:ba9ad6540a5315cd3f689b522876f6706a606768062d55ef76d4826f6759cef8,sha256:7ef3df70e9767292652f6b9a1b595f361a10874c74a9b440b09f0d314a0c1c6e,
fastxgemm-n2r6s0t2,published,784,48,0,736,5998,sha256:2d65ddff3ae40f2335d62c63d7f09759e2af7f52972f4590aa9851cdb305b6fb,sha256:180d0d8033b5a2cad3ace2f73fc5496321df57eff41f0da2846c4117154da68d,
fastxgemm-n2r7s4t1,published,904,56,0,848,6972,sha256:b853b1cd5929881f687baf9c6f004ae79a2c6bfc276d1dbad0ce6db455807f4f,sha256:e0a4a9dc0c494b54edd064613ed851e9190592231cebd340e573aeb20ed9b255,
fastxgemm-n3r21s3t6,published,18684,378,0,18306,219368,sha256:47125ce32fc1ef2018e2296cc58a93b867475607eac85f5dfc57068b6213ae6b,sha256:916a35add8a72035dbb13536896c1a8428ea9dac29b3ec94d4e25d888827ca01,
fastxgemm-n3r22s4t6,published,19539,396,0,19143,229742,sha256:523e43c94f8a70ee3d994cd7b93235c756fafba077f4c42b08b5eeef2b99ea7a,sha256:71d20a8af858304a29f16d542bc841296c2d2a29c40e3e685aacd88025ed6ad8,
fastxgemm-n3r23s5t6,published,20394,414,0,19980,240116,sha256:17217fbfc32a81d79c81497894916cfc6ac7b8a0374fcf82190968dcce4bf70e,sha256:252d408226e3ef473b2bbba0104f0f105601dd87685a8d191d56cc4de1976eb7,
fhnw-binpack4-18,published,520,481,0,39,650,sha256:3777c1f50906044ba24832a7275eec077dd3867b175783fe5964794a9ecb8104,sha256:0efcefe1ca79c52ffd65bda7f90f974996a10762813b9ad49b2d8119076ac48e,
fhnw-binpack4-4,published,520,481,0,39,620,sha256:035457aa00d431fc011187ada775c87224b47cf04e76eacd5c1fafdf3babdc53,sha256:fd335fe5a5036514fe5cda0f3ed473183be5409f5e2f8d563b2b239fcdb60d19,
fhnw-binpack4-48,published,3710,3605,0,105,4480,sha256:caa5349430781996b9b37376977f96b8d2459014dcd1eef9c7ae877551a90e96,sha256:223d77698c877b05b6238edc75359c02c6ec6f089e6ba606ffee688e0fbb31eb,
fhnw-binpack4-58,published,7550,7400,0,150,9900,sha256:1987769b591671c999262d039a428e0e5bc9f1c32dd26a08637eec889e12402c,sha256:0fc49f2634b0c71d98369f1fcdc65c66dc442ea20b380d45bf33a63497f9e90c,
fhnw-binpack4-77,published,3924,3816,0,108,4922,sha256:73e280bb0719897a3b03e6f7788c9ad586574972d39cd5660e67e866269f2590,sha256:76523e51a8f5d8a928c792e311ec2fc04bd32ecca3a2e8d6367661e1491e750e,
fhnw-binschedule0,published,319319,316270,3048,1,58085,sha256:44e5624b6faab41b6c00952476a2ca043ef5d9a5c4e8c1ad7aaa57d6948ab2a9,sha256:0ea1ae5124bfbbd9673c9972cf72d9dbfba8b1a0ad79d3ce8bde81be0d26c512,
fhnw-binschedule1,published,1141653,1137008,4644,1,772872,sha256:ac0bc9f47e206d966b8c5c533f4151219a4b0ebc79f8565875769ca5f01353c0,sha256:097fa6a735b9aafdcca6ab2c22853c8354c696668ed377aaf89d2cdad92219b0,
fhnw-binschedule2,published,30973,30504,468,1,6503,sha256:9031cfb3a0ed7c727749290a7f486576b8daa3754807424f970df69b3254fd46,sha256:af3fdb011285b319de3e0348f9344df50f174f392dccda5ee2bdec92356bc0b0,
fhnw-schedule-paira100,published,5150,5050,0,100,10000,sha256:26e8de8189aa571e9566a274ea399faa9719bd76d85ceedc0c54399fce103a39,sha256:f99440010f7d294d619d4c39f30f7ccd6f50f1cb3d47de5ae5ea6aaead09c764,
fhnw-schedule-paira200,published,20300,20100,0,200,40000,sha256:9b3fa3ea606f1e09633d4f9031d784e7255f7abcff9a9302f7a99ef99915665b,sha256:88aa041730a769ac524f1cd4b233d40133b9ac642a1ebc774d767bc3843fcb33,
fhnw-schedule-paira400,published,80600,80200,0,400,160000,sha256:40e9db50af9755161d96a8e21b8b1d653401af0e0b8d55877a0670f4bf42fbea,sha256:d5bcfdd247c22e941b9f52ccafe87d4e0f7b967582e5e462524e4afa0bd71930,
fhnw-schedule-pairb200,published,40200,40000,0,200,99554,sha256:24f334e8adbff4e829ce7bf152bbeeb38795deb2927b05ef7aa542836723a661,sha256:c246da042b7e5d3ff48ae8c0860eaa50bd4b47409c481d9ee65fdd00932c68dc,
fhnw-schedule-pairb400,published,160400,160000,0,400,399096,sha256:34a1ab47033d13733f273bbc1547720c60f5fdcf46458c5f7fe80070513c07f3,sha256:14006e5a1052c3e2e9f316f281df4af0e825fda4c9844a996df718f91ece6efe,
fhnw-sq2,published,650,625,25,0,91,sha256:c755824616593b3b5cfa4f8f8e07b7300e90369b06207dae0797bf2473be703d,sha256:b39bc2269b31840051873ce8f9819c75c8a2616021fba98bc7130e9b3f4118ac,
fhnw-sq3,published,2450,2401,49,0,167,sha256:d2e6e153a5fb550b6f3133a761411e5c7700a3376cd754c08e92e5a896f46f73,sha256:7d49a5d8ba307677a099187b9b9ed12c5730668b642c446b591b6915a56c1de3,
fiball,published,34219,33960,258,1,3707,sha256:24cd5d187ab5edb3c3500427916e4085777981a9cb613127c82a6b4d8e38c7ac,sha256:4f9c7dfd6b81323146cb81eb50db98a3abe5482f8511f7d0855c76b329b576b0,
fiber,published,1298,1254,0,44,363,sha256:e3050f0b7728259aded3db54f88c1e8237f3d60b34b0e4b550ddfa6abbff6399,sha256:8e936b89e1e5475cb935682010cf2185617fbb5fa9b96ee1a545011a91a1dad1,
fillomino7x7-0i,failed,,,,,,,,Invalid header line: INDICATORS
fjspeasy01i,failed,,,,,,,,Invalid header line: INDICATORS
flugpl,published,18,0,11,7,18,sha256:dd9bcc696d91ffa233c96881dc346dc2b89c519186e7481372dcacc0b152a7e7,sha256:638fe8e0de128073a841079ae552aafe5798ab8e355c0915f1901e1e3da92932,
flugplinf,published,18,0,11,7,19,sha256:cdd34b9b2823f8c888941d03ce7841bfa6fc1ae679de9d8d6f96b4f4d1ff4955,sha256:4300069563c997f42477e49229f96e8c45632d0d88cd22c1a048f082eed5f943,
g200x740,published,1480,740,0,740,940,sha256:9cba02bcbf4b4bcb0d389db34dec9e0ea6eea1c21bd60d365081a44e9e98d3a8,sha256:128c1e75e8a07c88594de7d89875ad26ea06f0bce3ad7611d6443c95780d6009,
g503inf,published,48,24,0,24,41,sha256:cced01068e1804de6f71b93be25c10779c3d5034683e53dfbe568b62a9eac452,sha256:6aaa18a56d826acd675b925d316d6b7351f5e602925c9e67cf76292c870cad6e,
gasprod1-1,published,10920,4053,0,6867,27695,sha256:3d2cdd4eec4961b4328549872a0d4ca940c652709350db9399200b7d243a5c7f,sha256:e3aecd7c73bb0619a4f02e0d10a4e7b4e98a878944e56b61415e394d81d4af41,
gasprod1-2,published,10752,3716,0,7036,27169,sha256:fdc812099694d8e825137e26947477130c45a4d0d9cbe266c216720294a5cb49,sha256:1d490883318aacef4053cd38e1b62f2f318aee5afcfb8b0dc134e8ebbb2e792a,
gasprod1-3,published,10752,3717,0,7035,27169,sha256:3a5f9d914710bbebdbeef44d106069ebb718d1326f75baca3e7a712ea2274704,sha256:53dce7d62fbf5b99aaa9ca8ed89ab82361e22a44802695fbef70f86536c9517a,
gasprod2-1,published,29568,7389,0,22179,73448,sha256:3a7347ce329f0bfb5cc125fac30f0366ec83f13998b17cd4552839610c82d272,sha256:917efc1b9377cebc20902c95e9b8bef4ab1a1b28946669bcc94c10faa469239f,
gasprod2-2,published,29568,6826,0,22742,72728,sha256:228f1a5f19fe7bcdf53b9a73390050587dc1d68a101ed6309addb03e1d390967,sha256:29a275ec4b14da1e5c0f2ef203793d0557c96eb39a5ca93005da6a5d119b992e,
gen,published,870,144,6,720,780,sha256:949e38890af6b02acb17d0a5ca3798d4cf718d6c12aaf714ced9e5af270df208,sha256:9ba6275750e358777374c624e7c13f6a7153e5c2a4ee4fe01712f01e92589a48,
gen-ip002,published,41,0,41,0,24,sha256:11346f408896134d2920108bce920bde6ef446751e1355597f55ccd8f6f8e7f5,sha256:c8505078e05b9dc0b42ace6430305327abb2aabb93deaf0a67d55f1ffa2efb56,
gen-ip016,published,28,0,28,0,24,sha256:32d27ba507139d0b025f26622c64a5112e683171796574d7afe1a1d7518b80c8,sha256:531f41718dbf295ff31a5f244f768fd58286da4e6c61b50d6726237900ea5e0e,
gen-ip021,published,35,0,35,0,28,sha256:7be9da2eb566600dabbc114478a285fd220a3df4101a120ba05f9af0ebf21ea2,sha256:763526cdc419f9aba0d5526c5cbaf5a2b71c12bd1cd0d3041b1e956fabc03385,
gen-ip036,published,29,0,29,0,46,sha256:347db49a1c73988a0ec0b3fbf670e64ef82583ae07a254df42dab0d4fbe814df,sha256:b67275e0f18de6942103b440f3b607dacfd5b5baffa09c18ef8d0232dbfbde4f,
gen-ip054,published,30,0,30,0,27,sha256:07ef1a21cb3a1f15faf49b0f24edf95d7bcdbab6c1a2deccaeec274961e6d1c0,sha256:4c69a1c735716d21797ed011b48a9bdcb70f812cc894cb81db993a120987cea2,
genus-g31-8,published,3484,3482,1,1,32047,sha256:d3bc086af4f6f0f0eef8f00cee47e75086012536629867960bfb7a379099961f,sha256:c5cde760ae751ab00fd48f537f4a30dd08188e403affa5e22ee6628e63514593,
genus-g61-25,published,14380,14378,1,1,94735,sha256:eb0b4b030f967dff664f34b64b4858a7b1221eb74212bbe3a986079a7697e543,sha256:eaea7080243154cef1640a1dc8ff825f8af6c0c09b7ecbb0bcf1e86dd274f423,
genus-sym-g31-8,published,3484,3482,1,1,32073,sha256:19f5be694140ec367a6da5a2ddd18d6e13695eb55be6506df4ccad5152142520,sha256:c5bf3e0f2010c3be1fe8c17ebf9401ab94296092d0b304921ad4cf555eca2358,
genus-sym-g62-2,published,12912,12910,1,1,78472,sha256:7bf2600a391eedfa013863fd60137e23a958c8d1e972abe837008b9afc0ab39e,sha256:60392d5e64061ecba3ea7c251ac13a6e1346a7512c1b9c0e59b2867d4a07d0fb,
genus-sym-grafo5708-48,published,3379,3377,1,1,20538,sha256:e93afc636ac3d4f7fb7d2c1a6a3bc5b8d78466aff6e247c56047372948badb95,sha256:f9803354a41af4c0e979c18852d68656025d221c0e06737a1ccfb0fde583c30e,
ger50-17-ptp-pop-3t,published,4892,0,540,4352,545,sha256:ca2e4512c8a28034a73675e8836d6dd54d841288de3f501b9381bf8d1cae49de,sha256:13915ac6f9817efc2ca3885b1df46738e5126003ee644ce2da0901fa0ae71a15,
ger50-17-ptp-pop-6t,published,4892,0,540,4352,545,sha256:bfa4ce1b1b24e57bc18f8176876b452e71fbd5c32aa7ef9efef2c86e1ef04456,sha256:1e89cf9785e4f239085aa381f58e510eb6ab82f3f9044ee21864a8f2b9c80183,
ger50-17-trans-dfn-3t,published,22414,0,18062,4352,499,sha256:293ec74a3542742abc7fdb40d3f7d9e6b68320f071039a64c34f31db19cac7ec,sha256:3de5a55f04bb40b84b28841b5af2cd2ed7c076a043ad3740895ce7a07a72967d,
ger50-17-trans-pop-3t,published,22414,0,18062,4352,499,sha256:6c012a0116d0ecc8d9c616ecfd32bed8002abbb41795428911ae7c727d3415f5,sha256:4bdf42b4647305ac7f31d8fbc9602a92a5ffaf20326e88c579db70cdcfe5e4a0,
ger50_17_trans,published,22414,0,18062,4352,499,sha256:14f9088ff81f401baaa40396a16fa4d4ede45cbada92f5ea90a2704f211dcc80,sha256:d5637adab53b2f49855a68d0391457562774b210e5d1af3e6e51fefa22572929,
germanrr,published,10813,5323,5251,239,10779,sha256:db32ba2cda84d99595cbe0df67afef1bcb553aeb52b540ea3f94977f3c330953,sha256:3b55176e115fc603e3568b0303b5ecfa27a43385d113d483864171fa0201ad63,
germany50-UUM,published,6971,0,88,6883,2088,sha256:b68210a2f36dd5775213753def8ecaaa115f0f2e9a77192dfceb8c23e8689003,sha256:3c851704a287f445b1c669a9842a908d3b3e4a6a4420c4671ca0135a66fe676a,
gfd-schedulen180f7d50m30k18,published,227535,192408,2025,33102,457985,sha256:755064e1f8531d145399aaede1e478234230d7e66f87c3c7634d36af00b2e98a,sha256:d09f565eaf9c38bcd6a29cfd3bd3b35121b7eaeba159482c0e66dc0faf41138f,
gfd-schedulen180f7d50m30k18-16i,failed,,,,,,,,Invalid header line: INDICATORS
gfd-schedulen25f5d20m10k3i,failed,,,,,,,,Invalid header line: INDICATORS
gfd-schedulen55f2d50m30k3i,failed,,,,,,,,Invalid header line: INDICATORS
ghoulomb4-9-10i,failed,,,,,,,,Invalid header line: INDICATORS
glass-sc,published,214,214,0,0,6119,sha256:c66aba8db6d937b36de2344baa0f723fed2c0aa78715b491f3fe0de04409040e,sha256:65437c5eefb67d49615da0a7cdde2d1472b8b4abf623fc69d5c77d941b2b7e46,
glass4,published,322,302,0,20,396,sha256:2db963dc923753562ad2095c165ac28bcddb5b04b0f11704ab133fc00c2d5cdd,sha256:af34545a691a66d66063a62b93c2665c061ebd206a08b1c0e84eaaa71c1eeb53,
gmu-35-40,published,1205,1200,0,5,424,sha256:cafea1d974cf4a450dc24367cafc2924e4f214f7da939ad4a105a31ca6a9f9cd,sha256:ca9f3575e1335eff4223b07383b8661137d309c2e10ee2b33922c5fba381d9aa,
gmu-35-50,published,1919,1914,0,5,435,sha256:892b69e036bb907586dbc0ef201154c30be19bc1a631d527f295b6d0cf595b7f,sha256:009d82dadc02eb62c6957e9c53b479ebff9135a7f7785b55b04b8478a0109fbb,
gmut-75-50,published,68865,68859,0,6,2565,sha256:b99ca7ec395e061e90a424232970ff1abbb785812239767ad1dffe050f804e7f,sha256:ee44482e6b61cbcdfd677ddce115c9792d395f69bfadbef89ee48c7b5c05cbd7,
gmut-76-40,published,24338,24332,0,6,2586,sha256:2c5bb20a81937bbaada08892abd4ad8c83d5d753db015a0de2a2e444965a3309,sha256:e4194393e8b2b12b256dca0bcdc1a5ede1751131a15e5e61da70492b8eaa22b7,
gmut-76-50,published,68865,68859,0,6,2586,sha256:e1fc16ff47197a483ecbdb4b50a18c9844c460b9af7d3250d467f794e9015515,sha256:c2185642f39c1d46e4d70c922bf130ae47d7f1d6509ad3c9d50fdbc8fef57977,
gr4x6,published,48,24,0,24,34,sha256:f5fe71b7e0047021c7148563fe0108cf80757e9810fa253a178a428ab7428b52,sha256:86caf6543eed8068b0cdf01cdc0f140e9e41c1702224c94bfc8c778c233763d8,
graph20-20-1rand,published,2183,2183,0,0,5587,sha256:2e975138713dbbdcd56ca6c9b44a29c480e52489f92ad9ef757000f3e70e1509,sha256:1b050f67573743bfe5d58b5f9f52bf5abbd7a0334bbcd05be69c7152cc330380,
graph20-80-1rand,published,16263,16263,0,0,55107,sha256:058c67b321c52c9ff1455ef1e3d5eaee01a09e60aac0624a6f7778cf3b33e158,sha256:772cc070c389fa1e9b2c14dfcffb78b29c1b5d294f43ced967a731c684ef5118,
graph40-20-1rand,published,31243,31243,0,0,99067,sha256:ba5ec659bf7708293e05fa64ff129d44fb6699c47c41efd2f8049fe119d60a3d,sha256:aa5c73682093ca580f8587dd4f4beeefca17e55f4f2ffb082f82d0068731de9d,
graph40-40-1rand,published,102600,102600,0,0,360900,sha256:7133c140e393a88b39a52f33ca195d3049af477accf9358bfd7db650cfec05b2,sha256:1814c800e87fa3711db24fa9ce0178a212429c28ff99f1f1e70f84d328627d91,
graph40-80-1rand,published,283648,283648,0,0,1050112,sha256:c2bf7b3ef399a014390b5f59d6393a7862a8917370a7c0a048a067beb945e7e3,sha256:f15ab2a5a5b6e5a3c9eca59ef33d00121155522c5f187f26f06be78cbbca4558,
graphdraw-domain,published,254,180,20,54,865,sha256:0c401b3d49c5e8ee719e4deac903038ce03c00a278d8ecf02f50d4c702f8510b,sha256:e9a6268c50521e3b8bcdfa149ab2300913b916f1b96a9e502514ae0053d0d7f7,
graphdraw-gemcutter,published,166,112,16,38,474,sha256:c625769ad3c148dfc4e9782fe06c9e51019dc0d27b91cc1b86133c23d28e3512,sha256:9ec95d8335f7598d91a0c1d3e6f6b792c87dd93d263d588eed9a6214bc960d90,
graphdraw-grafo2,published,9258,8844,134,280,203455,sha256:48ad6a17f8dc1c505995102ea73c68f7ae45d1ff73423e660db026322d3aec65,sha256:cf9c488344431be0790e1988c2977da2eb6dfa91b009383724eb17f35180fcab,
graphdraw-mainerd,published,2050,1860,62,128,20661,sha256:473f27593f5050d81915cce007e53c028609f436a6935a71a10000e0554c0e9f,sha256:93c11c481ed2942904acae63225a8bf3af63f25cc286921c183fdc54682cf9ec,
graphdraw-opmanager,published,4812,4512,96,204,75395,sha256:e174199de1f5af9a987103313ef1485b255782dd05f36d5c104654f71d585e6a,sha256:2f7c354f805be49ee21198a681f8b9a1087ab069f682cbf857ecfe51fd59a706,
gsvm2rl11,published,2001,500,0,1501,1500,sha256:b9e39e3f8646349f34d00c0496ba07ea71e1e90adbc6a06ede936136a11da809,sha256:36d037611f06fdb3b0ef31aa612a87b082db1b97e9409610734e6f52645c16bc,
gsvm2rl12,published,2001,500,0,1501,1500,sha256:a12015f22d5ad7e491c5a2ef7bab2f17272188bc55ea3d805793211d1b20bcb5,sha256:0ed37ce0814051f4a0492576e6d85010216f79a52adbde852b6fedf21ed38b36,
gsvm2rl3,published,241,60,0,181,180,sha256:3c7e6a8ce534643c5584603f566565347f89d4f637aac3b68d417521820cfb64,sha256:a6d2da3ba81715a7e37a8a5e43ef530ec0c13acd89312842119c9a5f67c72459,
gsvm2rl5,published,401,100,0,301,300,sha256:d65c42862569dbb9b2ac6b3445fc5e634114b8a8f169c48e0347a2d6958dc611,sha256:f98e17fbc2191024cb6c7732a8ab0d78fc6daaa078a6897ff1937c0faaf9b7d0,
gsvm2rl9,published,801,200,0,601,600,sha256:0fe3a8f1b4245b37cb4beff7cd01cb43cf2109e980dfdd5bc82c31e032f4f587,sha256:26f92a25b11e50ad2d0774e79e54bdc30972c20a61f72dabca6c49047b4efe98,
gt2,published,188,24,164,0,29,sha256:dc067c4f8ac36c8ba32b4ab5936c361d56aeb255c6a1321b7bc357febe3c189d,sha256:4b3aa903c24dbba3cc52b3bb8a97b97dd5f46f7800ba742507c58aa4b80e4ce1,
gus-sch,published,5475,2736,2736,3,5994,sha256:3157ad653db8de04bb1fbab60de5583bfb6a5f2fc1e1dbbb0b8ecc47f1bbf089,sha256:0e3288f78afc6dd99e09dd7477d6fba7d626d27d0cd4cafa7b0f3228d6a367a7,
h50x2450,published,4900,2450,0,2450,2549,sha256:699f1584526a1cd52c74ab7a4da08c3fb28b89bc5698e6a8c311ef0b411df194,sha256:6d51d1f1afa9017bd64ec5886afbe8b327f45c18175546e50151ef4a8230e3c9,
h80x6320,published,12640,6320,0,6320,79,sha256:da89f9fa84af3a96d20542c503c77398ca21f736859ef5d976583691419b85ac,sha256:4eaaad15c63e3682d10754a5ffadd9a0bc5c04020a0e431b9f56e9e3b42ca9c2,
h80x6320d,published,12640,6320,0,6320,6558,sha256:98564ce5006018c2beac1e556f5aa08c81ee21aad5044e8e4d8a243eee2c5a2e,sha256:48c05a5766dd7c9c498b4422f0cbfa7e93061632d32d6974ad2833e7a4ba77d6,
hanoi5,published,3862,3862,0,0,16399,sha256:4e4e0066f0ffb5f4c28f5284d002bc34d09dd909130c5af05f5a50d3fbad12cd,sha256:9ec58301cb07a816b3cef2d81a6810f542e84ed9f87912f5396231780282838a,
haprp,published,1828,0,1828,0,1048,sha256:63b0afbb701a0f1126b3928b4e31dd6978be1525b5588c720a9476a1b99a6027,sha256:a6c04becd1a675ac70c20dab75cf00140249d50e93522c074858234ef44f3a34,
hawaiiv10-130,published,685130,578444,0,106686,1388052,sha256:6fcf8b0c81db35198c4becc170d1a94f629274ba9a5b9a708615fbbce5b67455,sha256:c45b7a90074b27c419a29f9d6b1f2c7be8dc64eb367e55c7ea12ca7cde1324f4,
hgms-det,published,1322,547,0,775,9752,sha256:a33a4e1adfb3a7f91fef3e75cb86b0751430cb6cb6216852df99c70c0e33a3dc,sha256:db49fdf31728af55aa104e06fcb4dfd7ee7124cf4c6b3293b278dca931d58bf0,
hgms30,published,23797,547,0,23250,281917,sha256:2f6f3582acff5203d8c6dc89b7ae4698de69a43aedb9d991cf1776a53cd390af,sha256:e5d3a48f3e09f6993a7bbf4d88a0e7925328fa337190c0caefa595ccacddf3f1,
hgms62,published,48597,547,0,48050,582237,sha256:d51ce8cae0fc36ee86888e24f41b5e836d23189d3d9495202983019a3bbab687,sha256:f1c7057bf3e244c1ffa9851d052a383ab40006a7a3dafe89a73b4ef8bf171104,
highschool1-aigio,published,320404,319686,718,0,92568,sha256:198af4cfd3699ea53922a3d9827babe9130d0aad1b3c01b94f898d182509e4b7,sha256:bc5e4667ac3a0d5e90b4c89add2e0de07af0a009c471018a9ce092da3f5118c4,
hypothyroid-k1,published,2602,2601,1,0,5195,sha256:03870fab3c2065c4a50ffcfc9dc489ed8cd56403c2ee945d2979b4476e1cade2,sha256:28e27f274a37d5a48a7fdbd9739b74838bf5e5351de964d2969b1df5e5224151,
ic97_potential,published,728,450,73,205,1046,sha256:997b0c114ce2c4710a28de0fbc25f1a166c8d63760921d59c8db73b312ac7d4e,sha256:e2368bafe52a750560d8a0387fc732119f862acc2a4c7b0335e8856aa1afc717,
ic97_tension,published,703,176,4,523,319,sha256:dd407d0b0dd85a9281b4ebb9cfdc94464b1106c40cc1047676befeb7e3c9d82c,sha256:192dc00197ad288480dc947cebe7df1bf09f3c1095c1094f83c7a58c34afc279,
icir97_potential,published,2112,1235,422,455,3314,sha256:df0cbc1c773ce657d7d4a3768c3fc4817a7b1ef21fa8d06e110f8724c986a337,sha256:1ec5433d33dddfb740e6fa287e72432489e50a2f7a8fc7243c426e0f42b4432a,
icir97_tension,published,2494,262,573,1659,1203,sha256:13dc19bef64685468259e002d0c234ccc9fbac83a25946f36bd6fd6930619f51,sha256:67d39b2ddf0189c76c5021d29f2871e930c95dbd24bfa95bc8f1f536b148f5a1,
iis-glass-cov,published,214,214,0,0,5375,sha256:f01962c4b560ed4ea02974a0d90b01617922c087cdfaec4f191a486d246cc5d1,sha256:310102a837d830f17b4919dc185afb4f88bd863cb0716f0e1b65cac71cf55dfb,
iis-hc-cov,published,297,297,0,0,9727,sha256:1859ef2396ac386faf93791623c4be43998141ee94b3ae8dc789fe3e03b2c535,sha256:8ee276f5d934efdac59858633f720c0990c7f5313dbec7b8812d3bcc69c1cf88,
in,published,1449074,1489,0,1447585,1526202,sha256:6797015672a6603e51f1f044048c2999d1af859c3c1122b9dc27ea7903d584f6,sha256:0f403de1af4d24cd429c659b415b40f7579ed2d84d49f729f534354de23025c7,
irish-electricity,published,61728,9888,0,51840,104259,sha256:dbb2735d5c0f9c3dd3722e5df2eb31ecfa38bfbbd8e9420139b8af2a00a45b63,sha256:2d86f571dd4f5e09aa3a14b01105452de1344972681b5a7d888fafdcf2abe501,
irp,published,20315,20315,0,0,39,sha256:274ac85ba02b019161d0f598dba8c3a3ee336c50e7f41e32d4194af5716109ed,sha256:d9e98cfd600477fb86350c6a4eca10d1966f95317a76cd8102197f668d5fe448,
istanbul-no-cutoff,published,5282,30,0,5252,20346,sha256:ca3da31f8c7a66b735afad2c2ccfb739aec17506ff559720481b4b9c4dd1d928,sha256:97b9fe37c511af432872a1e990c9d4406a5518773e57c9019905bca952b3c324,
ivu06,published,787239,787239,0,0,1177,sha256:62416994e8ec4972596fbd1284cc5deef71fe180140dd7a4422b47f6194dd55c,sha256:f2341a46b8a5e015ab8567723c523970fb5029e4716ef26dd0b1c114b5691b92,
ivu06-big,published,2277736,2277736,0,0,1177,sha256:55da356b71f0da566cd09394c9b9a5a60f6011fdfc2e99a1d9399a110f90c137,sha256:ef22035d0d979534d2e6217f17793e2ba648ee3e6e45ab1dd489cacd35c5235f,
ivu52,failed,,,,,,,,"Multiple objective names found. This means the MPS file is for a multi-objective problem, which is not supported."
ivu59,published,2569996,2569996,0,0,3436,sha256:606f73b34d9c3a31ca449d90b69ffc6a3fe3db7352dceaa54a4ff91713347f45,sha256:6f0424c6855487ca5c386b2b75134a8864d6b08a0895f03e60edd3f4427d4df2,
k16x240b,published,480,240,0,240,256,sha256:64984e25fcc99bb1958052c8c19ead623bc4ddd58d43e50172bb40fbca44a9e9,sha256:a969048de7349943c955a197a12733c457677310f115daf075a8c0a11054f8d4,
k1mushroom,published,8211,8210,1,0,16419,sha256:ffe034e9abfeccf03b063d191f5454d337f37f4360a0041c8d0458a7e04b81b1,sha256:a92d9e9b37d00a9941b3d546f189de9106bce0d156b9a55f860acd13a47f3875,
k1mushroomi,failed,,,,,,,,Invalid header line: INDICATORS
khb05250,published,1350,24,0,1326,101,sha256:c37a08fde1a1adb4ae125fd97f255931bc897c93c2ce543d9479131714547020,sha256:50847df242023e7df6bef329a2962039d046acd2b84fa538b3af897f7965c540,
kosova1,published,614253,609591,4662,0,304931,sha256:d3ae4b50b64467ce569324d688af2044ee4022c9c3295597653d5aa905a6202c,sha256:a35bccfc3209ea75ddcffa5b106930954e18bb71017b0831e98ec1c7f1f5b629,
kottenpark09,published,2893026,2892333,693,0,325547,sha256:fd5afff903e0c935cc5aa9ca4f2f5befbe6bca4b88f2ad534c6b68a169c2c08f,sha256:cf5e55a661c55683700f429b3f646be41bc039445eded36739bb594e546608d1,
l2p12,published,11786,10906,590,290,21315,sha256:ec9cae1ab5cb04c5f896752aa77525a9792c61fc3c52a0fafa7fcf16467d86d2,sha256:c7254ff2c011a9751028f883a41ad725963f8e6f5c8ad1f6a929c1b49a3310ea,
l2p1i,failed,,,,,,,,Invalid header line: INDICATORS
l2p2i,failed,,,,,,,,Invalid header line: INDICATORS
lectsched-1,published,28718,28236,482,0,50108,sha256:04b86023c1574f46414d6e96197d9fbd316027abba47b43f16139b45249f8eb9,sha256:8357b413cb0f77843e7a1d9ebf60d678e19600084b869a982b0d0e690a6f287e,
lectsched-2,published,17656,17287,369,0,30738,sha256:d0cc31971f6c8233af430d2587d3d469d8c3a93293f507528dd35478f8120cdd,sha256:cde77ff54a835e131ab349a48b603d179e5fed6c7b0060fb9248ccf010c41e0f,
lectsched-3,published,25776,25319,457,0,45262,sha256:45c7b498dcffaa646aac000a77c7879b255ee702c052161172d7e2f91ab99635,sha256:0bd37c747d37b885a9736dcfd039c8fb56a3abd39343fc07818f6cfaffd296d7,
lectsched-4-obj,published,7901,7665,236,0,14163,sha256:a737bcf22c317f77df5e41479d110d1c81edce607249cd02855bbed9b89b2252,sha256:f851eb22ed8237ed5731afb2a144325d607c640359c6f4d5c4f251252c040dea,
lectsched-5-obj,published,21805,21389,416,0,38884,sha256:ec4b9d77d421bc474ab5d65d13fc2be437d7d7e21dc29b349d29469dc9595016,sha256:fb9126498e347b764f41f77dcc8b0e21335c9ec832ac10b2f50d5d08b2d33805,
leo1,published,6731,6730,0,1,593,sha256:2062ac0016c2ac556b29b357615b44033987141ea8cde9cebeee19bdfcf954d6,sha256:6311b4513b1f9d4013cf27dd22488c02969ee91ad2d815f3f3a9309d8689ad91,
leo2,published,11100,11099,0,1,593,sha256:3249adc7cfbcafaf30730517ff730da7fdf13e27939bf23b82f957bbc92bd2a5,sha256:75ef69cb919de3519cd23fc83a84eb94f7d8f06e3c3f84046fd8547161ce5418,
liu,published,1156,1089,0,67,2178,sha256:7ff12ab7306e8e992453e2cae0b12b6f3f51ca0ce2c9ac2fc191517944916a99,sha256:bcaecde0f47ea10eeb815206f95b99a5e0759c44869291d058fbaa5cd2ee3420,
loopha13,published,19356,18150,0,1206,23758,sha256:e9513636760464cebbff16f7205e91d629df43dafca714f524054e49a22f29f6,sha256:ce579829823525dcb6301f59478b79620071afd306f7ed038a725aaca1b0d8e3,
lotsize,published,2985,1195,0,1790,1920,sha256:7a77f908c8399e338a74430393c7fe0b06d938647e3886e79297e4b766f43a26,sha256:88f5959933e9235dd41ecd7ed946106da8127aee6421940b0fadd89e6bca4d76,
lr1dr02vc05v8a-t360,published,20810,12174,6471,2165,7560,sha256:32a37afbef08d6bf25fb2b21ea9e559cbe287cf5f471ddc69d1608f3ca31771d,sha256:8c8500ac1d58c50f70d9766e2ba026274a7864d50d73372428f5fc63598dfeff,
lr1dr04vc05v17a-t360,published,36912,15326,17979,3607,12600,sha256:6556e760f56bd1f59c4fcef6e39e1283648b8de84b66758d8ae21d6704f618db,sha256:b2d2c135e5b310738c9ec25c1325f4db77a8f9fa7294342bae4d3066417484d0,
lr1dr12vc10v70b-t360,published,193525,90670,93480,9375,56160,sha256:4f04dce6b5ce50a67c2052d8f05e437871251b82965c07343770b6c1010afe77,sha256:be2a0a0e1d5f4887e3ea4152ee772f50403b00c18ea9d5eedf5d0ca5069be6d7,
lr2-22dr3-333vc4v17a-t60,published,109519,92865,0,16654,108566,sha256:b36bcab0aa8c932ed0346dc66d50ab7aef32b0a900d8abe1946333abe56b0870,sha256:a48300a94f2b16120a46f323235c4d12827ef78656e87758b62610fb7b139ab2,
lrn,failed,,,,,,,,"Multiple objective names found. This means the MPS file is for a multi-objective problem, which is not supported."
mad,failed,,,,,,,,"Multiple objective names found. This means the MPS file is for a multi-objective problem, which is not supported."
manna81,published,3321,18,3303,0,6480,sha256:553e215d849753b827d353a680b02836d17e1c39a871575ca5e96e0a3950d161,sha256:2d82fa618d0b39d4c604a5aeb93a2d294ec4f25c3426d54c3ac76660da158779,
map06,published,164547,146,0,164401,328818,sha256:b27edcfdd3e85bdfada6b884a1e2392fe1403bdbb8135e7979d1e16ffa0a4518,sha256:b19ca757ba49138f204fd888abd188c23bb6e75eacea812a3ac92fea7e38579c,
map10,published,164547,146,0,164401,328818,sha256:4ddb51fe23bf4d25d250548232894a13f6707e89642449d76c941005d30c5d37,sha256:3b8a66f908dc1ab80e22fa27aa24f0e53557d39ff4d8eb0ede04016958878e12,
map14860-20,published,164547,146,0,164401,328818,sha256:b6abab07a43ab61a201a73958a8ee323a8afea1b491125beea21d12539ff606f,sha256:3c404a0a2b482b89c9c0370f74215930bad898cc705b37f00c351836ea2db973,
map16715-04,published,164547,146,0,164401,328818,sha256:8e2787b22ed80a4dd2e9e17176bfb7e4141f95d37e03ed9b1418bf5352d4b9b8,sha256:66509e788c8e87d03907392c9abd592d99adff44325fb8fd57ddb3f3e01c7881,
map18,published,164547,146,0,164401,328818,sha256:0d4fe3f0e438a0deff70fcf47e047dcf25f05df46a48b1044534f11741815bf4,sha256:745ef956ea7caa77869a6f211e4e9b79b0a40a60a1842ebc28609520f2b0574e,
mappingmesh3x3mpeg2i,failed,,,,,,,,Invalid header line: INDICATORS
mario-t-hard5i,failed,,,,,,,,Invalid header line: INDICATORS
maritime-jg3d9,published,92261,36960,0,55301,126621,sha256:274141b6cfd27607814735c4d3f3581e5a33dd4a08e037bd9898d9b4f7de1e88,sha256:aa0d6b189d6a0fa448a78f4b46bc4800faa6cd7b2b3032ac347efa8c553cc47f,
markshare1,published,62,50,0,12,6,sha256:eabe169672a89dbc826f743666244bfdc4e3ac1976a45db536354e1f5fa20b7a,sha256:1c6166b11e4cb7d41bfc4b64b51e620878da2814a50e361afbd100626a232f01,
markshare2,published,74,60,0,14,7,sha256:c336103ab8c034820d58f762d4f8508aa4770fc829f212eec48f876323fde023,sha256:6b11496c9b7ed898949689a5ad59329c6e52f8f082c29b7b5eadfde5087ab625,
markshare_4_0,published,34,30,0,4,4,sha256:026f0d195106c1e33f388acfb7a249bf6ec719fee4271cac80f4a5bfc88b218d,sha256:fb5752a5c7e004b0499226dd5d7f0375f8afff8bc7d775e776c0111d71af3e6a,
markshare_5_0,published,45,40,0,5,5,sha256:ac0f6ebdf5064d11839f2efd16501e59c8e789db2ec3bb0a33fd2eae072875ea,sha256:626ec3e64b10833e8b987981eea1f3553a96b3bee5e4bf180966f55d68dd13a3,
mas74,published,151,150,0,1,13,sha256:313fd236f5f643370dda45496d8e00addd2c3d398f3e9515a0645fd70c9236c1,sha256:ca8cc25bfdc3f2c63f48d94d4a3743a1dbd88cfaa8dec7f1de3ce9d93db15c81,
mas76,published,151,150,0,1,12,sha256:047d835dd8a71568b779fe4c34f462caf02a7a1177cf46e75ab6110909e12c4a,sha256:2c17895a95931351ad7573c160cd4005dc5c36eb5c14195baed2c9cc3b7107b7,
maxgasflow,published,7437,2456,0,4981,7160,sha256:7dc478a8dd18baa087f70f42ce9abed0145b8f2c94a7dc9aa68384820ef6f841,sha256:ed401f75289e30ded134bcd9f926033df0795c6b386499cf81c5b1be3231bd26,
mc11,published,3040,1520,0,1520,1920,sha256:6f7d16146d53a936b49d64ec57695e895578442d39ed394a9e4e762e76f7fd95,sha256:d054bc108042bbf211badad580474100cfb1a1ecef599a209a1bf92739402d39,
mc7,published,3040,1520,0,1520,1920,sha256:298eb1c428ba75dd4ad5ac82922c3a9f8f458e8ecd76916312aa7da4f03f298c,sha256:34ce4486ece060c3ab123c99df12ec9fc3187b1b832dfef2db96f2c9049ba05b,
mc8,published,3040,1520,0,1520,1920,sha256:1cfae1ec302930749fd1e172365cfb1e13efa5f192ee680901031eaa4c7b9090,sha256:428c0094335146355c14c6a0388d52d467fd6182947c6168271219922ff88046,
mcsched,published,1747,1745,0,2,2107,sha256:cc52854bd9803ff36d5226b4de65104b4d53311c17e64ac727ad03274fe63890,sha256:7a6524fba38e096bfc176d403b2b51b94d040700f9fd8fe099e8b2d749187682,
mik-250-20-75-1,published,270,75,175,20,195,sha256:933fe89d143ddaafab0429456280571689fb4e3a44cb0eaf9a4541b6bd383aa0,sha256:bbfe54c70f07c5a21d977f30533e581117888d5cc29b563301d41c577814f542,
mik-250-20-75-2,published,270,75,175,20,195,sha256:a20d95181313f6a7c1577c526442b004522b054f4da6a6c5db6068c3b021c1e1,sha256:7bf632b79f0d83d46b1b35a77e1bfb81d4287f49bbfcd4a3a7192e452de82c77,
mik-250-20-75-3,published,270,75,175,20,195,sha256:0e8a02a66c6da23aa91174e30dcde9606e481ccd2b067f35cadd36400b8ce000,sha256:b9d86740229fab20c3b8074162c3e99f5b69201070db7991855b601b1a0d5caf,
mik-250-20-75-4,published,270,75,175,20,195,sha256:e884f6ef784508bc6e2d388f95db5f22a282ec6ec452526d8ac1143243e0e004,sha256:97dfc7007a22aefa53bbe29bb8c8a7049be502b6ae25e11a76d4804cb24f1dcf,
mik-250-20-75-5,published,270,75,175,20,195,sha256:6f863964f41c1fcc765c38c354b1927ff87eb9169361baef1285ebcbdaae744a,sha256:6a07148630a7e1a56505088876b065e9508725ba09633749b95ff510ff018376,
milo-v12-6-r1-58-1,published,4440,1500,0,2940,9540,sha256:77042c1a4406d5639dda537ff7de1a267f55690af9a8a5ee46509bb517bdf8d7,sha256:092396ebc0273dfc9fe3578ca70989ebb1e9921129ab2bcecdf716822e3f7d94,
milo-v12-6-r1-75-1,published,5698,1925,0,3773,12243,sha256:935e774da43bdedc226e5102556e5c7f1f766c18f119e81981a45772f2891829,sha256:d9ae2892df78191506f63a2dfcbbf96c7449e52e3157a8a29f659cc762f81359,
milo-v12-6-r2-40-1,published,2688,840,0,1848,5628,sha256:772981a4e23d54565eaaa0254c1876321fed2a67b31955771d4a238ed7b6787b,sha256:f924fd7334db7feec06a05d00e6a3ee0d83ddbe1d7dae157a6ce802c19a86054,
milo-v13-4-3d-3-0,published,516,120,0,396,996,sha256:3e42a05695e375c73ace39dcfe024a6bf368a74a72593e728d333622647cb3a9,sha256:29098bb6858da3314c0d4a24c4a54efa791249d7ac971f521beeea36491ebc13,
milo-v13-4-3d-4-0,published,688,160,0,528,1328,sha256:1f468b62d025626019b26fd690fc6ae0669b415d3578af98640f164230f1ce5b,sha256:16d7bcec87e00d1dfd0c4f89e45a1c69bc7ec3e1bb8b47ca2d84d255cb350fac,
mine-166-5,published,830,830,0,0,8429,sha256:edd58fa01eac2e66fe8ccc613b4362825bc33c21e73eeaa41d364e74c74854ac,sha256:3e7f89da8cd901b9b1a3b40a7d75008e66614b8145ba52bcce835d4ad646598d,
mine-90-10,published,900,900,0,0,6270,sha256:2d864023e207de00ba391214dc7fbc7ad0bdcf25f70a64e43f836c4123ec901b,sha256:47c12ef96bdb2ab39b2d3334bda617f5cc06c4afc5db9c83485eacae01a973b4,
mining,published,348921,348920,0,1,661133,sha256:4af70e88198e0d629db551e75910ec7dbc695e53bb43cded0dcb04a57a123bdc,sha256:6db98ad1156a93008c517b03f6b5148d05e6f79c6140af04438c5147a169cba6,
minutedispatchstrategy,published,41761,20156,0,21605,80194,sha256:626c008a123a68b1df2d1ff96aabdf959582558ebe776317358a727702662641,sha256:f436f36a9bb4a842e30710b77297003cbf4364a7bc6ff4f6d1ab9f4b0e5dd229,
misc04inf,published,4897,30,0,4867,1726,sha256:0b2c77232ed7a81f37edc4ce44916afba474074981bd643217f6c696405783ef,sha256:73411bbd4e1f410db948fccd1999275457abbc0ca704590664d552d054f099fa,
misc05inf,published,136,74,0,62,301,sha256:71e26618f97521cb27818f55ed8122269b7c87c4559c734ec512a474a68d29f2,sha256:a400a86afa9c9018389f493bf8e4178c58cab76cf17a4fce689dee4640e2160a,
misc07,published,260,259,0,1,212,sha256:9a45878ab28ec0b8fa986ea43b1bcd5ab33263ae4369f77d4e8dfb2e576a2173,sha256:9a75e81cb1d0c7646324f0c8c5898c635660967f45bffbf0473a0dca3d4b503a,
mitre,published,10724,10724,0,0,2054,sha256:e342fda4c48964cd9fcb0b4a55ae417a74d662a794a397f36dc239068f3e0929,sha256:23e357615b813e3e9412fdf5efe1a70c45cf43aed158ac505730b6a9eae98e96,
mkc,published,5325,5323,0,2,3411,sha256:295e7fd55cc7434c598a463150f673677e4d14e99bbc9522acaf9fbe34b10701,sha256:0b1dfb1f78e2ea960748f02c0df65b7c31954cb20c517f2dfc3bf2e00782bda4,
mkc1,published,5325,3087,0,2238,3411,sha256:0eb0c089fd46630d5473598eaeff4d7454322ddd614443e5a58406018f81d872,sha256:dd84384fc9218710c56d1409785d9fcd8da5aa9f38e1ac4399b1a20aa818e835,
mod008inf,published,319,319,0,0,7,sha256:9f9334a9451dee19a194a172cd0c9b45680bce90c275a5fb82aa746d22506c7a,sha256:f64f04f5204913a195e27aab78bf6c39cf5f474347bc95c3a6f77d50af4ee777,
mod010,published,2655,2655,0,0,146,sha256:737dee45b6453fb461beb43df3217234b28d636f1fe7ee243465fbd69049595e,sha256:25709a8a1ce4e44c65d51190bb90c6e1cabba26c4df47e023180918b2e554dcf,
mod011,published,10958,96,0,10862,4497,sha256:b3e9b481f0d8df0a654cef35685a3efda485a0d12df1763d690d4d44d88af358,sha256:0ba70d33ee9a1a1894bb323898d68960135dc6747d64c7f47e81a3c62fb6832f,
moj-mining,published,67519,5171,0,62348,49916,sha256:64b91541e245baaa975d4c972cbcb28f0f6077a0a5bccb453d07abe96cd24987,sha256:d5d9bfd335c752549d27434621715a596ec20d4928f2cda53d75025641f65dc7,
momentum1,published,5174,2349,0,2825,42680,sha256:d9b5b6ebf1c9c567048c351e835aa999cb86edfc15e73f08faa213702fdf6172,sha256:8c0ccb23952485cc959de3302ba4f8777142fafb126115034db3d93b4657117e,
momentum2,published,3732,1808,1,1923,24237,sha256:250055a510e6134346ad065dda1a5c2523b6c7aa7fed714c432a158bdfb4807c,sha256:0ad61c6d35cc68b3787a96db1a965f25a5779cf0364185ccfff5103fe82e5fd9,
momentum3,published,13532,6598,1,6933,56822,sha256:1c442665e2fcffafa2bf89409f17b0bedcf5214e1b2838dc24d2d09453822e3b,sha256:32cf40f0887881ae513ca1eb2c01d79465ba2e2a2fda0186fba18c846432822f,
mrcpspj30-15-5i,failed,,,,,,,,Invalid header line: INDICATORS
mrcpspj30-17-10i,failed,,,,,,,,Invalid header line: INDICATORS
mrcpspj30-53-3i,failed,,,,,,,,Invalid header line: INDICATORS
msc98-ip,published,21143,20237,53,853,15850,sha256:0c220b724e4cfc55362624f0aea03b59df62564f1e663b9a3a240ac01dd02124,sha256:2596327b74de4bc807a2736b21e6554a1e8b9e3cab2e1de12892e353ef0dace9,
mspsphard01i,failed,,,,,,,,Invalid header line: INDICATORS
mspsphard03i,failed,,,,,,,,Invalid header line: INDICATORS
mtest4ma,published,1950,975,0,975,1174,sha256:263b3f9f05abdb3756ae7d475c0dcdba5417fe6ab141db121294366e522e5629,sha256:459dbe1d4bf495a0087b7ad4d5501c38ea51f95db0da7db298f87cac66589882,
mushroom-best,published,8468,8237,118,113,8580,sha256:c283785599583a37f4ce3c5043ea24ccc4f95ea2250a420cfa736f320d272751,sha256:00038c1f03c636aec557253f5c1937eea0911a85a4aadd0e7761af0c4b6214b1,
mzzv11,published,10240,9989,251,0,9499,sha256:53b5bb8d117edf9c477a8192a678af9ad6eb910636e4a73b481e4888306e3924,sha256:7bbd76c637fb0858d44bf56614d4234893e3babd4807ac0d44d45bb007881124,
mzzv42z,published,11717,11482,235,0,10460,sha256:e7f92c6175ddae2e179beee8dd253fe07c7ee130f32320691de529fe12072253,sha256:8cf5897727c07c967db57224fd060f62ed1d5b2338a7c67ee5e211aa9633f9ab,
n13-3,published,3472,0,186,3286,1723,sha256:e01447b45c4512898c6c308d0a4472f5abdf5a8aece9c8602f22c0607304560d,sha256:2ee2e606d2586ff000f4d561b79beaa8971d53482cd9e85dea433576db03a24a,
n2seq36f,published,8100,8100,0,0,285,sha256:2602742deecd9fec8f86f90305f308e8fe19c249478e59bfbb131240713bb01f,sha256:a281b451434751122f4a5a7802705bfb2fa27ea470165dec42dd51763b62a389,
n2seq36q,published,22480,22480,0,0,2565,sha256:c3e75f0d03165d77795a005e674360caef2581ef63b3ed07d3bdff8337575f11,sha256:6f14bc054f6d63ca1b54728c788f7efdb532472941706b04cf08914ea0b363e5,
n3700,published,10000,5000,0,5000,5150,sha256:72ca46db650b8f43ed7d7b82ef05fd297f3b3f783d9f18baed8e3728b7c57920,sha256:2123dc0e51b8eee9b04946d48b4a09edb96a643686a6f68292300031eaabdc6b,
n3705,published,10000,5000,0,5000,5150,sha256:4a8ee42a2f98f329654af9bcb39b91db09639d6266f40ed30158ada8c4de6d23,sha256:befb52e5922f5e27133da4774beba4d3713001eac05c4b30b214958e4bafb60d,
n3707,published,10000,5000,0,5000,5150,sha256:8381a9590cfb61ff8dd8a95d68ccaa6e0571255bc15e73e31779e64f2bbd1759,sha256:6231fb856b373d5da7835974c7ffc050bf95e66fd49e57eacb0dd4ba24937022,
n3709,published,10000,5000,0,5000,5150,sha256:1f16ddfe01d4576a51edb62329eb105cb32954eaa366e23c592f00845cf4b767,sha256:b200dc0b1a73c4eb6e472a6a448c60cc76f27951787865e1692631e5889fd7a8,
n370b,published,10000,5000,0,5000,5150,sha256:6a0a32ed36cc8a0f56e9a2a79c82a5d2653e99f612a24b13d7214b1a9872df62,sha256:ee97a7319045798ec5a579f502b1e749e581fc87ebf232830a14122350634ce2,
n3div36,published,22120,22120,0,0,4484,sha256:e9994a872da1af1cdb3437d678d256a89ad094ac137f25c4b018408c0ce6708b,sha256:f871e370407f327a41fbe4ff5eb0aac70d2ad374c0177eb439b605e9f2b06668,
n3seq24,published,119856,119856,0,0,6044,sha256:7f6022b558c01cfb187e0045e800bb3bccc6ff8d204da5ef6f159e8ccb016344,sha256:c55694f107c30117540d9881baf179dc75f09624b6dc8c457f3ad36f4dda2517,
n5-3,published,2550,0,150,2400,1062,sha256:4d5a81d2bf5c546fd377638e21482fa9daff99750ab46716bf1b4801eaddb2b1,sha256:22a2b6d266091f4a62588b265f252795944f26e3259681f6f29edba0b71a7d6b,
n6-3,published,7178,0,222,6956,2760,sha256:e2c2e835c749e6aa6d62bb8c2f3bfc038015d040cd8b03756a627b27c08e286f,sha256:6bcd118287cae22a3c4409dc8e5b60bfa810fe2b796af9134a8256b33e17784f,
n7-3,published,5626,0,174,5452,2336,sha256:3be9c6fa01eb296695981d2ff16b4aa5b79a40743c501cf66d295b050fc1ef23,sha256:17da4fe5101a05cccfe6ac8aad5d2cbbb2cb82abf59b6c5e3738d006495d58aa,
n9-3,published,7644,0,252,7392,2364,sha256:ea6130d5033c3f4ce10f33c461ff4ef3c4c6e4f00b29d4b863eeda99ef7015ff,sha256:4b714fcfcfca3d0c5fc8469b7286de4c21ea7244f1363b3e93a9c6d968faafe5,
nag,published,2884,1350,35,1499,5840,sha256:19bf47e620d76316011b3472bb9bbceb4f8b06fcf64b453f86f4cf675a9fb02c,sha256:3261a3f8e7ddda644282d125779bb7e1fe6b7e21e3fe56ea722533b0b1802f3d,
nb10tb,published,73340,16880,0,56460,150495,sha256:fc0c64ec17ae9c8ddf3e90badf33fa7ca9a9e39c7665a3da85ef7aa9a175de4a,sha256:aa9297a3d9e45e8ba8def6bf80f98feff18ede7262d411c63d83ac2ce57564f3,
neos-1061020,published,14010,10333,3598,79,10618,sha256:5bbb512d55b68177dc1974edc10725e0be6ac92ddd635fc61971ca77b139b120,sha256:c60db30cf4d878263115631494c02196a42672972556e7d7e3be42ff5913b660,
neos-1067731,published,8779,6330,0,2449,3423,sha256:91a20af8281a69b6be18c21b96023a9bc50a856c0271495a90f8be83af6080b2,sha256:e472924ef3a9ca7adb27f0f254417c94623640d3fdc2b4b8793086bc64338f1f,
neos-1112782,published,4140,2070,0,2070,2115,sha256:4072c9912293a9fc3985683fbe1d5167fef3a511be7ab7144cb5ad7e70386006,sha256:baa7550bfcf83ec99c091276357de00dee36edde4d64f2fb3b9b680c41d766c7,
neos-1112787,published,3280,1640,0,1640,1680,sha256:7c330c797cc229cbffdd6e0c56c56ef3adcf4d3336a309701ac8fa5c1e90a11c,sha256:d82ed3acf420ebb43deb8349f42d75bc2aa0ace428ede06ca87fc2709fea5541,
neos-1122047,published,5100,100,0,5000,57791,sha256:23337be3cb2ca276465318b6ee52f97e10e1ab6ee5fd89649852a04a046a2c76,sha256:371835ad12cabca2c3725273bfb28a1e74d10026fc7aea5089f735f48b153ef0,
neos-1140050,published,40320,38640,0,1680,4230,sha256:ae5820b68b9cc8329dc4c82f33e4caa25140f566898a46152cc948fd9edacd02,sha256:7d8d19f5a2cbb1d6bed1b104f629e58b38273c7845894532181307c7b6cbbc7a,
neos-1171448,published,4914,2457,0,2457,13206,sha256:4f57cc4567841566986488f4ca43f937da2880743f05ab9d48e96ee68c47054f,sha256:dd5e4dd1272e012d2b474917f34ee8e66668e4f57a2805b57571532de6353f1d,
neos-1171737,published,2340,1170,0,1170,4179,sha256:a8259289bca840518dec3a7eead1bcba042e991fd4058097b0d56a7c4c8946bd,sha256:36f1e19ab34b278dcb16dfcb3dbee935387023010857b4edfc30514d2329c826,
neos-1223462,published,5495,5180,315,0,5925,sha256:e8b73a570f5c6ae8ad82c5d08e6637008cbcaae2aab2754c80a8587c7c3dab78,sha256:657ea540b62572bd63ed9e1257ed48e175ccf0cf480e9a016477519155da566f,
neos-1324574,published,5256,5256,0,0,5904,sha256:ad60f431508720df6c7c51d6a42596a3f68d095079faa4531127c3b35b6bce27,sha256:29a4ab5a489a4d1c7be6578a43550c05db9e4862e8ae40d2204070dbc733e86c,
neos-1330346,published,2664,2664,0,0,4248,sha256:ac2f49b0536ea1c6dafc04d60ad89738d38817bb75af141057959e61ef642214,sha256:db97a1f8119dd7b6c30017fbacba74294e3a5fe101fb1378033d5dab37418f1f,
neos-1337307,published,2840,2840,0,0,5687,sha256:d3a88c1717f9cac3330b35aec7e6e133e6ea1904c615b0351f4557838fbdc229,sha256:726f6ba097ea0f7f212803ecd7eb5c95a8b277c88bec1bcfa34411f2a2d27d02,
neos-1354092,published,13702,13282,420,0,3135,sha256:b75b6c7b7cb3a46b94a3d72f30c2aa1fc66954b5c9f90e9318e0232de6c4d1ad,sha256:e3924dd631e66d4796f851dd5b12b6c8ceb4f6d4cac8d900c7b6e2e67b33f2d4,
neos-1367061,published,36600,625,350,35625,102750,sha256:22c9eaf9296827ec837ac4eca500f2c17a52f3b3af00cd6330ef8820e0d90a1f,sha256:4001c8e80159d4ed76c57632fb978d6a03338a2dfa72f5320bfaa928a0cfd0d4,
neos-1396125,published,1161,129,0,1032,1494,sha256:1bc44631349b05b63827191741b6fca33ac906b5eb759427b2177cb091c0aac5,sha256:00712d440a71316bbe65822cca4735cc68c81f5ae6d70ee392faac1c7aa8e9f1,
neos-1420546,published,26055,1125,0,24930,12671,sha256:5db6b28587c33303b468aa133c2b5e7ff754fc907c1a6c7c0530c1ba12d6b6fb,sha256:e958b165d7301d2c19e0a8d182069513767b4943f300524c7dbd80f0683beccd,
neos-1420790,published,4926,540,0,4386,2310,sha256:35954bfff153d4501b69afc916b399f0352133343ea48bdfd63b528a4054b6e1,sha256:e71d8ba42e0b4ce65c7e075a43037e97a6b4d3fc7491ccce24a2ba2a047ddcc1,
neos-1423785,published,21506,1920,0,19586,25721,sha256:c9270a588d97bcab8604e429abc29e1799995cc6d758884e9588876e6925175c,sha256:890316f600bcf61e8fcbbf1b7cafe56cb263ffb3cca33e4129f696c8cded5b63,
neos-1425699,published,105,5,80,20,89,sha256:d28e99b1a2dfba84d15d905e691da36184e70655de6dcaa8015655179900f7c5,sha256:4da2b71f306e16193bbaad0aca16b5669577f3df0e556b923a076d189cb952cb,
neos-1430701,published,312,156,0,156,668,sha256:1e2f5a742c5256d5af40e7661d6e9ce62e677d7feb7879d9ae239e231494a4d4,sha256:578fbb64c9fda6b4da6641bda676f1694cd8e618b29e4144b5094b435fc376aa,
neos-1442119,published,728,364,0,364,1524,sha256:31eb288659b17e6a4ca6d46c40a5cf320c77400a4a8680e61b875676d37ca67a,sha256:c92400a534b9c1bce1ef5bd3060f40d319bc9bc8cef76e8768283db40af5a9d0,
neos-1445532,published,14406,1999,0,12407,1924,sha256:1594329695b9dc66ef6e24fefd578e80687d06fd1ab91e0c62927ce79eea7ef8,sha256:1c655558710a591d3196f3e7cbdcb48042286ec1b9c38c6862d6b2f90b2811b2,
neos-1445738,published,20631,2150,0,18481,2145,sha256:53301e4681f7cb9e348aaee3af3cbe279864ba2c068db8b3e19462eddf314a5c,sha256:41e3db69ad8fc2b01d0e8bdccbfaf68e5864fd6bbdff6e87b8149e7afde50bd8,
neos-1445743,published,20344,2150,0,18194,2148,sha256:11f59db7e43a50c5f8c916125d20e6982cf011fa9fc5e29c94e9bd4088c5c193,sha256:2aff42253f3b0bec7a075093415ebed2dc47de85a53a8095464136889c9dd80f,
neos-1445765,published,20617,2150,0,18467,2147,sha256:0350967398ed0ebf6910f378add7ad8ca5832fb27dad4ad497424d0ecf81212e,sha256:17b8db0111635d0ef922ea252b4786b4f34dcf4872ed26ce75f76046340a9520,
neos-1456979,published,4605,4245,180,180,6770,sha256:a01771fc31adc3398d8a044dec0dda91c146be15d7f651b36b8a3ab6716e5126,sha256:9f38b9c05e531cf5d098dc17f571a2c079792229b64c3a744118079dd266e4a0,
neos-1516309,published,4500,4500,0,0,489,sha256:cc72f869f2e641533405e27519cadc2a97352b2211b5f537a534a544aa11cbb1,sha256:0df44040beef28153ed9f56cbc4029f1e41c684e4c1fc3d44945e2e8fa563096,
neos-1582420,published,10100,10000,100,0,10180,sha256:90a7ca710b2847491514add0510ec9f27d524c9dfffada556c63151b5a7f9943,sha256:790d236400f30f6f79d4ad4982df0c73be1e6907f5448d7d7a83eb19d847da4b,
neos-1593097,published,18460,18200,0,260,798,sha256:07aefb3783814769d18b6611c21881609626ad1af3042b8ce79168c71a8e80f0,sha256:0ac4b6c58b7f2c8873ed56197b5c6d668fca8526efaab8b9d1bea3257d22861b,
neos-1599274,published,4500,4500,0,0,1237,sha256:5c5531260d7a7ee168585eb9a695e9f2e151a99739050af7d0d371d8de59a835,sha256:14de70584a5d61ab98b1267510279dc461d93818db628cd3a36c140ffc760aff,
neos-1601936,published,4446,3906,0,540,3131,sha256:d706cdf52c0936e1b724e1180ac37a1d1e918428f6c780107556252ab40e8874,sha256:7c308ba54d60823ad97b97adb8cddfa63b8750a402c180a9830a3cb26704a7dd,
neos-1603965,published,15003,7999,0,7004,28984,sha256:45763ae4e7e19a9c0f31e3c7cc9219f080b9f0c9883822ee24ba988dc74f2d72,sha256:6f3f0c2f34798f64b9138aaf68be572b0314f50d41221755bdd46b3ba886f5f5,
neos-1605061,published,4111,3570,0,541,3474,sha256:aa9629f53d998d51626e9ad2a484653633653ced9f2c30477d0d826a35bcae55,sha256:e83f4bc94a9e0900d50550bf898fc684f3bc12e4b4fcc2f121394ae94bc73821,
neos-2075418-temuka,published,122304,122304,0,0,349602,sha256:d5fd4698ec7628aef943da7e89534526d03e8c23c4ff7449529729a8ff2e901a,sha256:0a19cbffcc57e990b26399d3bfe31d5d3c20d7685bcaeb717d18da02f85a36e8,
neos-2294525-abba,published,10842,10086,0,756,11122,sha256:d8d648f4cf55c614c99da5970fbdf513de4112652b2669d7763f5d286b3d6a97,sha256:d2f7a40e6d08d3e0289124fac834786be20d5f01b3184a87e17330f83e76aa4d,
neos-2328163-agri,published,2236,2236,0,0,1963,sha256:d77ca5745ccb2444b48dd1475280b80bc7b88f4ff933b658b75187703ae54ad0,sha256:329109dda89ab8d2145620483a445c71a31c1c2128e7d162755288c040843c85,
neos-2624317-amur,published,524,180,344,0,342,sha256:5f365169a41483c5206ef9badb97ba06f682dbcd5771fc36b85fc17e8b6d5944,sha256:8388024548dbf44bf981856cc6478761be4a17647864ff22430f6037aa9632bf,
neos-2626858-aoos,published,524,209,315,0,342,sha256:9b769777b712b9afd92307d876ad45dadb05112ecc3f5faaba3a325e6b05eca9,sha256:778fabb96067b769038066e4eab213b41a9e33f380e0116588fdb92728aaeced,
neos-2629914-sudost,published,496,256,0,240,51872,sha256:c64715735673de06dba7afe94dfc37240291c850bf5121555fcff445df7e046f,sha256:6d0366dbd0db194dd934a32593ff48783586ed6e355aa619896b71ce667fba15,
neos-2652786-brda,published,524,236,288,0,342,sha256:7b0c21e82134188399c2ef744328e27b997ed1701b2867a06c15bffc39d95ba4,sha256:0a4d97209a45236283434996b7e04072701fad735fff6fe8760d36f28f9bc57b,
neos-2656603-coxs,published,524,186,338,0,342,sha256:727b4d775a0ff3eb258f3be2a8d91b73c8b3f465a1553dbc08e659b49813031f,sha256:9efeaf340b8dbb07706cf9ef25110be7a36283a4f939683acebf75b65b9c0d89,
neos-2657525-crna,published,524,146,378,0,342,sha256:ce11f9ec8692f50d9c973dc180a065bc005af93c94ef5b86cb0edae74a86710f,sha256:ea7089f6a2179f4b0d3bfbdcbc4033054d11226d9edbf0b2f8738b57fbd78a26,
neos-2669500-cust,published,112008,110880,1120,8,105744,sha256:91bfdd90dd3af4e02df337c8b82cad1d8470b05d57f215499c5d8ebc9a0340c7,sha256:739d018070103730c56acaf6ae64b66f14c6f11965b91ab823afdc9d5a972962,
neos-2746589-doon,published,50936,50704,224,8,31530,sha256:8b48545b477fa6c5bde5f88be4916b187ea69c4fc43c88e9bacc26ebf5600ed6,sha256:cebbfb710d7d4b20329d3c908480c16d565404f52817fbe5e287de36cf55db9e,
neos-2974461-ibar,published,214730,200352,14378,0,214107,sha256:cd6c1e3295758c29fbe81bf2625926900da3590d7f8f710a9fe844b2871aad24,sha256:d72d5364c9b4b8843456502d954bd1482d59d05742cdd58e4974f0edcd802fca,
neos-2978193-inde,published,20800,64,0,20736,396,sha256:6f25f5c35387c80b67c56b63a5df317d55ab4f33dbd25b887b793fd9edbb473b,sha256:88b0957d87c0dad273d371e6ed90f4f3e67b6d53373c9bcf7bba1887ec3f8b6c,
neos-2978205-isar,published,104000,320,0,103680,652,sha256:12c81bfb15419b0e6e38235c03cbe120ea4daaa3903643db575a9ee3ef2bda8d,sha256:9c5ec8ee70fb77fc5798e27b263842c1c512e65a7e497cd576853682daaf6c2a,
neos-2987202-jeir,published,146700,9045,0,137655,120209,sha256:089daf1e819b018cc1e40b2cd28b007a0b496935fd1dd095caaaa3dd89f97ae5,sha256:da3aa9806242cd4d77f8e34b51f65a78ce34e4783d4a9b294f2d8c44e03db02d,
neos-2987310-joes,published,27837,3051,0,24786,29015,sha256:fb779e012e7574eee8dcf013618b9ebaf13be16129f52998a136543b8d94e9ef,sha256:e15ee17e6ae1fcc2c4a45197dd1a1130815f532f9220e4a75e40f0db57ccba1f,
neos-2991472-kalu,published,12105,12096,0,9,18170,sha256:af3fe9ae4e69307081613925c3abcd417222a3670137354bae1977a69a6e7727,sha256:678508b2f9f31c1089035e535eb82fb5360e14506adc72863ceb149271e7c628,
neos-3004026-krka,published,17030,16900,130,0,12545,sha256:7bf817f16025adb0b79545d86c20148dda3e334c06411b745e2067d65a3c9126,sha256:fe293bc1439660d15a4302c5ea0dc8f89a38f184a954a57300446f6da89505bd,
neos-3009394-lami,published,2757,2704,52,1,2028,sha256:8a5733384ffb990e6036910dad2fae2e18546ad61f27ec98485164a4535043b3,sha256:cb5c5ea81f79474b10d413c79e1d76e513fb6ad35b8d19f3ed644ece224983c2,
neos-3024952-loue,published,3255,0,3255,0,3705,sha256:321db41f870402797310f9265037acd670132c147dc60dbe8d1b8da0c73c5355,sha256:2c7b7d76a154aedd12d9aabf77798bd2fe0eeebfc3d3f2704851ba9f1cbf9426,
neos-3025225-shelon,published,69846,69845,0,1,91572,sha256:f6c0cdfac0bfac37647bdde3090bed42e467298bfefca885f9d90b496d627de5,sha256:2f9d4a5e5e67a690542043ffecc98f924a0c95cfd90698c51c29a87c78bbed11,
neos-3045796-mogo,published,11016,11016,0,0,2245,sha256:847bb8462d90119b33529e4031733066e263049fbc73ab96d875e76c0ec28a00,sha256:6ada177c693b2565913ce4035faab2d537e172ae01bdf448692cca761073d047,
neos-3046601-motu,published,308,272,17,19,563,sha256:fc530fa926d4ea8a3988b373d0885ed159ec3735e1953df6ff85f24fb7b166b4,sha256:400dfdc67558db7f9dc2391410e8c7bbfa239797ae33854fa2ca2445e91e3694,
neos-3046615-murg,published,274,240,16,18,498,sha256:9d9484455b766b9fd442ce0712a01308ab2897dab6d5fc9e0cded1eaad927b4b,sha256:cb3d52cf7891b4f8f397eb0bb45cfe09870789f0cd46bcc496cf13ba27d90b73,
neos-3048764-nadi,published,12360,9390,0,2970,3186,sha256:3cb4f9e9234e55617eafdf3ed2d9618ed119ad42cb2284ba190aaddce02f7e57,sha256:ea5c0405a600b94e5d91f3c9aad4a0f3a124e4cb142c4bb8cd0ade2d8b5145a7,
neos-3065804-namu,published,4741,2190,0,2551,3280,sha256:dad5a262fd7f2ce9b1eef689181b8223522e1d4f249bcf3cb6ca561b60892fdd,sha256:8d2c628d803a404016a1ab142ddce61255fc3847a026391e9d2ed59861206a84,
neos-3068746-nene,published,4890,3815,1075,0,4664,sha256:5f2314578fc9c98fdff5d3ea486a4551ae3af9966a3cf648b77d4799b5b25a92,sha256:1d05e178a72ad1c28a48105dba258accc5fc62403d2ad377d6a7884bbc76e7e8,
neos-3072252-nete,published,576,144,0,432,432,sha256:126063f85bbef6c99d111742708fbf6cad2246ab2cdbfce7e07abec2f1fd16ca,sha256:e14a447d5e717f723fec4db06cadae44efee06c9dd184275bf0ec3b22fdb4e4a,
neos-3075395-nile,published,26928,1728,0,25200,27756,sha256:31c9884dabd53237b0294627d0067cd59ede67ba4ae6a25ec1735f34a151d1aa,sha256:f86e8d5543211090781f1005d3d410f96083527408bba0076f88e69ebca60e0d,
neos-3083784-nive,published,4779,3240,0,1539,2836,sha256:d6a2b5bf67d8f11b2fb19a49c494f3f6b08487a6046a06816555d45862e40356,sha256:486ff97675b9a4bdf58e9a5d971f2a27cfb3adddd1d4c3fe31dd152070a4feca,
neos-3083819-nubu,published,8644,0,8644,0,4725,sha256:e0a57ca9e200d4064014519052d40d650c16654fc63a67b44cb22a8b847f66ff,sha256:efad7e5c8b74c8de3f87692a3853cec37ec51e7062bb1711d0fb389d1140f3d0,
neos-3116779-oban,published,5141,5140,0,1,328,sha256:886e05f88c96030f5a1b6666b6b51d685fc859b74835c76145d2f0e6821731bc,sha256:fad6ac3f175b6661753d1967f735320d36dc3f67b348cc98959af02009b0b789,
neos-3118745-obra,published,1131,1130,0,1,144,sha256:eddcb5cec77633c8d1908bb3ee37decd697f77491c988fa156fd75f7f3116e7b,sha256:f8ef651f96809db767ec548e7565380d0a5f22304d21e4e6076825f04fcf98f2,
neos-3135526-osun,published,192,170,0,22,1546,sha256:3aed9950e709b0af442273f2760cfc51ab1559e7dd3511c45a3946a2f7ce6378,sha256:eea750f068d89765bc16c0c3dbc448ead3d8d0cbe7473cbaf726b66f139547d6,
neos-3148108-pahi,published,12241,12241,0,0,154774,sha256:3a9c46210930c6bdda6068070b80e35e564183f6a1c4accc73f17030238272b4,sha256:25fe23cd6ae5313906fea2d4ebd756a9cdd547d55d2bd08137ac0f1b00defc22,
neos-3208254-reiu,published,3154336,3743,0,3150593,9464908,sha256:1120cfc2e70a182f7c4caf4c9c9fa6331b41f3a4b89b9b2c1bef272736a9a156,sha256:596ffcc30048ce6f517fdbf7857c673dbb5e1324d4535b0d328b5c036d177f3b,
neos-3209462-rhin,published,56453,383,0,56070,170226,sha256:8f0770ce9f028202e3d6609a01222ff4d5defcf471202d77ede2efaf8e74a01f,sha256:3bbfbd8a4658c6c0f057c51590355f748b335e7a9b12849e3dbc2aee74dc6698,
neos-3209519-ruhr,published,8675,8000,0,675,12500,sha256:2b42969403efe4928726b780bf0e0bdeb3edf728f1df57080974bb31180b30ec,sha256:32eae6a25781a14f0afdbb7655f0b7a5b8551f9f4c4465234725b79c1220bb61,
neos-3211096-shag,published,4379,4289,90,0,10187,sha256:91395a7fffa699c372bbce9cee099f32067b533bfe3111a7d10effdce2038ab3,sha256:c637785cab8e05f44d4b60f9e0bacf1b96c01a3c95127ca57c828e02310b79cd,
neos-3214367-sovi,published,4318,4139,179,0,7244,sha256:2de627be019d3c11dd2ea2b009d88c8b28177e4eab2516c9a1d79c80c049eabf,sha256:01fad2a7ae2a0b4cbea4ac6000e8289ee184aac8e4fe87dee78051bb4ac38ed8,
neos-3216931-puriri,published,3555,3268,0,287,5989,sha256:916dc4801da6c8b84550e7734728df8e6359c167eeca3d485d82820d1060bf42,sha256:70a0fe43b2fcefdd6805c4d470a97a15b6411bdc35235945f0dc2db0f35f6272,
neos-3218348-suir,published,7022,7006,0,16,1320,sha256:d4e1221d60844b01a6376c138d12da4a37987dc7fc4ec0fbfd2a88d08826b5f8,sha256:daec731dff174be989ad3d4090c3c6b8879273929c9c74ce256eabb4d488a708,
neos-3226448-wkra,published,10012,10012,0,0,2208,sha256:f299d23429b4a6d7569f20479206228f18c29a07e1de978b71f4d43a0425c0ff,sha256:e404438a50944b9274a16a7ed842474cde3719bff94db3641633e449eb453bac,
neos-3229051-yass,published,99472,99456,0,16,18846096,sha256:17f734cb92249263a1d54475c8cdc81568c70bb6857e41e3ef2a4c522c064f65,sha256:d953deb9b75fbbaf17be742a69bfaf3e214955fb3460400f2b77dcb18d07c4af,
neos-3230376-yser,published,57000,56976,0,24,786916,sha256:890b504580790b1c281b62045ee15d816dedb776ec28d18bff4bb99dade86bf6,sha256:8acb19e2ca9686a9a512f604680605ea8a110b1de3069fdb2fbfcd5ed34578e0,
neos-3230511-yuna,published,99472,99456,0,16,19335696,sha256:c52a0c58c88c4ddb89625c4e0b693b2cc8994cbda1e545516a050a3139eb3416,sha256:f527acd7eeac4f6d0123ab0c8f3d565a14acce5ba3be278746b03d9b8464d480,
neos-3230516-zala,published,101856,101824,0,32,1146724,sha256:a4cc72a633b8923971ecf0fb5cfc1d7521a7101e1a00ff8dcd02e68922e13fc3,sha256:d3ffd99697d978d4949f14a9b2c47e1051106fe4acc9433c625fb137862d25f8,
neos-3237086-abava,published,50192,50192,0,0,69472,sha256:9aeae618e385c35ba93105052f33c1d6425821c40ec600d0d99f7fed10c559fb,sha256:1a20f34a0653fef44d0378e8ada048d170573291f213dc09ea813fe525d9722a,
neos-3283608-agout,published,26256,26224,0,32,108649,sha256:3e18fd833bd7eab79452e7bc996cdab5758bc2a50203f32647c40e40243f0a23,sha256:a1fad66ebc156e0f866e04ff8a6f822d193a28ae2afc06b62fd2f82dfe9b030e,
neos-3322547-alsek,published,1001000,1001000,0,0,2000,sha256:f8da71b755e0d2dc444830875919f2b4a9e89ee2bfe735e95bf7fb6c28ddf0f0,sha256:b3d85a82ebb78605414a9f059450eab5a9271ce18b4afa29d62614c5a654e31b,
neos-3352863-ancoa,published,20046,20045,0,1,169,sha256:c238cabc5922ab733fd9d7b99feda7dc5708d7cc32bfe281a4cab4030edfac20,sha256:5ec1ebaf1d5d9e82041040b2e6d3073972d1989ef4792276adc32fa0927ae379,
neos-3354841-apure,published,100000,0,100000,0,169,sha256:d77d0dd7538efebd45488d14fc6fa3d2f0dfebb92f012ec98f2ce1a181c53703,sha256:5d9599e70eabfc72106a8dbb25839e70d19e3b5a3ee7f4f9ea12ee707fc1eb9f,
neos-3355120-tarago,published,7800,4700,3100,0,86633,sha256:e2410fb6b4042fe57fce8d91851702a3fba108a9da71d68ce566fd56d48fd068,sha256:6be163242d2d3d8b8d5cb5b5b13669ab40c6571c4c5719294b63370663535ede,
neos-3355323-arnon,published,10248,10104,144,0,21216,sha256:1c661c2c81f370259da998ebc460a669e98926b9341e121c1841c4d86f3d53c9,sha256:e2f2dff48c769d565cd0dd7a5b8f4760839f027e5be6acc41228732c3bdce559,
neos-3372571-onahau,published,13086,185,0,12901,29487,sha256:9948c7b02b896d7efa711d85e320275d7b41026749f9a86a9a7d2b2aae59a54b,sha256:ae10b8dcb433542b29995fff513af7d16a9651cd2e0eb607be95f77a682866ca,
neos-3373491-avoca,published,2368,43,2325,0,1570,sha256:80da35be395e53315122c75f3d87ca77c75b353c0718b80bf8a72717c47b1d1f,sha256:c9b12be2a59e6aa3812156d9b76720c04983943439ec9393f292f8cc0393475a,
neos-3381206-awhea,published,2375,475,1900,0,479,sha256:5bea29b9bdb93b2a8462c656688fabf91e5f48281bed0de3d861a0ee34c6a1c7,sha256:c4c5d03aff866f4c32bce6188b19c95690f63c39a76fff6c1980b45f4e5c7fce,
neos-3402294-bobin,published,2904,2616,0,288,591076,sha256:a79f50f729e160977fbff97379f70272e543772cda8b77123cd2f020a43fa331,sha256:701fb284c21c0fff169187c0c59194bfab25f4980e55b4e1c97aa296f2f82b3b,
neos-3402454-bohle,published,2904,2616,0,288,2897380,sha256:841d449099df420c87b862f744184240920848ff911f823fbaed90adeb93c82a,sha256:0673df9b822b48dda085fc48a17d3e461ce72727f4ba72e4c392129960867e82,
neos-3421095-cinca,published,896,117,42,737,1218,sha256:bf2bf3c21bb1e103a0390b321fbffbbf15629a2d4db30e4a0ae10ed9ee8befaf,sha256:ded783512a0490da549e3948dea339110bc1fffe8b5f155750aca26b9a397c24,
neos-3426085-ticino,published,4688,879,3809,0,308,sha256:7910457791f7af537a5c722f4d55dc668684faf53c9a41fad158dc8767929858,sha256:787ad7cd92d88d04e73a621225f8e627a6d9d3f21a196ca0c8eb5d638b7f7a49,
neos-3426132-dieze,published,11550,2750,8800,0,570,sha256:fe00038d806d2704274dd5c3b6035a15af398a54458ba3ec091f53fad27079fc,sha256:0541770558b00f8c87460d900e3ffe1102ec6ccfefb63697037018a5a61c8fe4,
neos-3437289-erdre,published,12162,12162,0,0,7358,sha256:04c062a1ce73737c584b16da27c6d6f9651a09db3f704e5f59bf0f63241c3732,sha256:9db0becd5f3dbe8eada4fa72630604ca4cd18871ab51fe42751c4d9da19d9fba,
neos-3530903-gauja,published,2310,420,1890,0,220,sha256:d9033e30e007265854652003826faf5aea7feeb1c3086ac931495f9a648e09c8,sha256:671a72e0df37e395fe811cbe38ddebf431cd13e3449ca58a93ff1919f23caa5b,
neos-3530905-gaula,published,2090,190,1900,0,200,sha256:e37c3b63fe727b0e75893be58b463a6dea287cfceae835014714a26182c13a81,sha256:2dc6009927a99686967887cfbd6a81c04f49f89a1ffdbfe10f1a434763e252c4,
neos-3555904-turama,published,37461,37461,0,0,146493,sha256:7015737bce532ac5b005704f9742c77c3c7e3b1319bb77f4859e7c9de01a4679,sha256:4c3eb485d2c0e5c30619b67ea15e7099572b36cc9a1ef6902ed0fc666d1c0e48,
neos-3572885-glina,published,57196,34272,22924,0,44206,sha256:b0afdc23c61b3e45dce3c4abd3ad99ce57b5a5fca40a42a9056072aa291a39d1,sha256:23b9f63e9c2aadcf7edc2a1db23c8fe0842e66a432420ec4a7ae0c0c2973ce84,
neos-3581454-haast,published,8112,7512,0,600,17220,sha256:2a08d5f1fe2c9a4a0886b9d40e87b4a21e81393424af284ca6a7fc86716ba1b9,sha256:4cdd09836d1b9de50625303707b9809c0acb1ecfdbb873bbe1be44264316d277,
neos-3592146-hawea,published,4870,525,4345,0,995,sha256:20db0f3c970b3d6b5e87c10177d3b23e14914817e5a6b2b292505718bb2a45f9,sha256:13edaae2461ca691950e05fa257a27552b05b6ca6104c43ca468586cbc37d819,
neos-3594536-henty,published,22924,0,22924,0,21280,sha256:177322a9961d2364495f5554b2d02df8e40abc06b6279d58ff6ef0b287988e5b,sha256:bfcee2006659ae7dc145e0802251c85b371927c0b901f47ea46848000934449e,
neos-3603137-hoteo,published,4003,3913,90,0,10510,sha256:971bf04f58c09fe644be4e5a1e96dfe71fb2b448c1c1c60c3851d5e1cc645518,sha256:ac7f2339c7fb65b2eee7c2105f35ae1f8a03815769bf1c355bea96b9360edcc8,
neos-3610040-iskar,published,430,85,0,345,335,sha256:78ff85562adff2d7cc2cbdab62c0e8581d7ad82c1adb08a001255688a52f3d85,sha256:a7b613b0f888846f4b9a41687b32e9ffb3ebc97f0b5504f6b63e492909e9139f,
neos-3610051-istra,published,805,76,0,729,709,sha256:56af36f3cc1a0b26b4e0f929b451ca92d04b3635f0107a44652e99ded68aa7a7,sha256:29829558dd8cb175064e63d3d50d910d9982914f2a39dbe1e74b549dc9b1e3d2,
neos-3610173-itata,published,844,77,0,767,747,sha256:af2e4c2f58d85536dd54a857546503815339fc24cb91c4a35d638a9b227a9e2c,sha256:c452e6c2b7f4f90f037d00f7f6384958c3c720bda73a8cdaacbff12813cfd2a9,
neos-3611447-jijia,published,472,85,0,387,377,sha256:b490e6e8c48db631959d83fcc97194c405d470acfc3672f354378d5e13e882c0,sha256:03f1436fa5b385924f159f66646918421bce92f39e50cd47e4978464137c5d6c,
neos-3611689-kaihu,published,421,88,0,333,323,sha256:5e4ac6dc735eee8e4671489bd1e6884fb8e7341f51c4329b59184952e35cd1d6,sha256:306efcbe585b91f986007b063c7bea71a7212c42bd052b44dcb7ca05d1636fea,
neos-3615091-sutlej,published,205141,153520,0,51621,449690,sha256:84c8aaf77250bfbb56f31a112fee15d95f96b55dac49f850d73917a37d164ca5,sha256:0f7369ecd37a1b465da72c9935180b64e75e65c9b22558cfdb63825de88bc85a,
neos-3627168-kasai,published,1462,535,0,927,1655,sha256:dae72170450c7d05a540e1141b8b777f9da0d1e27795eb41c5bfeaa4a40b61f3,sha256:e9bcce306eb9d98bb2e7d4807272298bbe56c6eefc961354ae6add3adc22ef4a,
neos-3631363-vilnia,published,15755,755,0,15000,15960,sha256:3b818cfcc67118e91ab9e59ed5c7c0d17979f6b699b1ae407e0b77df65b1f28a,sha256:9c1b8d5f6171e3dfb5d1e1e35a9581d9d9fb4f9327d86e7658076ae867cf0102,
neos-3634244-kauru,published,4376,4375,0,1,761450,sha256:e7ca52d5e3985277ab9c883f66f89aa96bccfd1257d21c37d2232844b2ebd763,sha256:5abb4bd3aac928c37605fa42fc8c1a12ee2410cafbbbf0bb13ffd619110dcd86,
neos-3636886-kereu,published,13198,6021,6056,1121,13198,sha256:e37ec48e3f084c6ca8d0d51be6d54a8a1b73f281665f9d58cd0cb0bf82fa189f,sha256:3df30a744f7480ccd07c921dc320212e4b36483be5daf7d911f1c3fad58bd6d8,
neos-3654993-kolva,published,13640,8948,4102,590,16064,sha256:9e79fa890aee90eaabbbbc2c7897d5bb9163ed1671bdc6dea97bca0546a6954f,sha256:725d8fcb86031e35492407dfc2811acafda4a47f4ad7122efcaae898444e74b1,
neos-3656078-kumeu,published,14870,9755,4455,660,17656,sha256:57c35255492d61bd900eafd63999b6fee21cd606650c6641fc5ae873918ab969,sha256:0614f90da61cbb08cab7612de6d9ff897ace4131d0fa27fe01d026c9390f8614,
neos-3660371-kurow,published,4722,144,0,4578,4758,sha256:5458e33832aca716ad40c5aa5cccbb12d959c5eb3992b9325819103cd3bcdb32,sha256:ca6a9246a60b72a684403d5baa448849d37a0cd7d7b8caca588f916940569746,
neos-3661949-lesse,published,4775,560,4080,135,1140,sha256:ba7b616b6b1e59cb6f31ab7e8ea45f9a2bc8ad19c23939efae492be1a363b8de,sha256:b36fb8b4a9a472735043307caaea21f594d197273f13575379536fa37a9e6197,
neos-3665875-lesum,published,3128,320,0,2808,3184,sha256:d1e3acdc1334abb6eaa0e6a1c86ea0dc894bed06fd86d2ffdeeaaeaa6ada188c,sha256:9e080650b6209854f19d8eabf4f2dc57fe95db1bf8e10e36bc2657cb4b6b4805,
neos-3672928-linge,published,62251,40081,19636,2534,76477,sha256:4fe511dd55f257f1556c86635d18e841140816d0719745787da4a04664e56b4b,sha256:dcb56bda2860ec8182228a750cdfad252145193015d0ce351d0a6085dfe6cd5c,
neos-3682128-sandon,published,7880,7870,10,0,14920,sha256:e79287b50b6725d5458746afc0612c617634452d51fa2c09279991cbcf6aa5c8,sha256:a8b3a45f9048c5f2afd8be52438f8049ed6e03f9d177cae1b0c9b3317ebe3f5c,
neos-3691541-lonja,published,10300,10200,0,100,10320,sha256:db5c12e52c630387724c8d3447f0680039459b1840bf62ad108e5ac3eea04099,sha256:4d6b367fd530fb2747d65c55b94ec00eae8095b538ad46e233c59c6705485806,
neos-3695882-vesdre,published,6135,5955,0,180,191504,sha256:b12a99fa8755afaf3c6d03ea62d194fd0b8215fa7c761df56f59298aca35acbf,sha256:c105f37e0b2056d161fa7042c38674db63543ebd01139218d47afae6aadca81d,
neos-3696678-lyvia,published,7683,7516,167,0,9004,sha256:aece7ff0f0ca0c585057a8eae22bd5d14eb2128ba2ab1a0119547e90cfad9112,sha256:094b79f688123567ad5fa4fde8963e85708969fdcc2d0e4bfd064471fef98d03,
neos-3699044-maipo,published,48007,31506,15424,1077,59589,sha256:06d9708de05ba37dfa68647ab944f0a5f79d2105d72dc9a9f26ed77808727210,sha256:a93bc10c92030bb29628b2701b2bc26134cca40cbed014d4262e6bc2d8ff5057,
neos-3699377-maori,published,17233,1856,0,15377,5587,sha256:e07f6f7c3b005028f8aa4c8791d8490f3c04e66163e00b7e28d44a88593cde85,sha256:fd47a55bcc31290cd4b9f94b6a923390a4ca7084c6d2331bc75579670d3cf9aa,
neos-3703351-marne,published,8827,1382,0,7445,4123,sha256:c54c7bd1c6f200f2a0530529e32525ae4890d7d11b4f5415711d05a9415ef039,sha256:1849b05e82224dbfb6e7d5f745953d30c7352565de8285d630c19ecda4f8c564,
neos-3709489-menik,published,48005,31506,15424,1075,59587,sha256:3577b2d56d53943563fa37dd7b0b5b867d6954c7a4c5f4af934ba851b54db929,sha256:d46ec097ef0918614e9ec35ec5aa4c49551d2251568dc0b137d79348698471ab,
neos-3734794-moppy,published,4418,1760,154,2504,4317,sha256:60e4826a8586545e1ca00808db36cf4e5b06b89262024b80e8bc13dfb13d9cbb,sha256:e79699ae67087e3a3f851366dce8fb77a366225c88fcf80fa20b3d3f1a8e3d46,
neos-3740487-motru,published,1689612,75566,0,1614046,4936372,sha256:52f5547179246df6abdf6c495d74356f9add664c05903be2016801f6daf44889,sha256:c57e41ad5e000587015e65c4a2dcf54345ef08f9ae89d85dfb20e9ec48bbcc63,
neos-3754224-navua,published,150228,3574,0,146654,232387,sha256:cdb5ffb0020cd2a80d1f36440aae0a040abc4eef248c1de0f2a4f604b04680dd,sha256:72fbb20c6f452ac5209ec7851db708cca211eec5d2608858dfac978bcd6c969c,
neos-3754480-nidda,published,253,50,0,203,402,sha256:f00a24384b6f19599e2965930ca6ab1cc930174757f7a6b4f3d98ef3ddac60bb,sha256:fe8091c79be71e5a5fff51f2a2702744feece05baffee8ef60a4b8ad90083f8a,
neos-3755335-nizao,published,40938,5226,0,35712,111026,sha256:f45def1c628f6a41d95c0d0f1b2f8ab39541098964439132a388ae4c55e5d800,sha256:767a228af3dad6835535ddfcdc1f0bb26d953f8840e95eda50ccdcd3933bf4db,
neos-3759587-noosa,published,27029,4289,0,22740,72104,sha256:f43f16f171b0dd5bbbf03700498ed0bcc48ed57ed8dbc4b658dc01466ba78fe9,sha256:3b2817aea2d344b7b1a0a0e0d3a1ad79ea2f6de753eb88c2e9fb0ea01952c95b,
neos-3761878-oglio,published,6489,1312,0,5177,3871,sha256:b7db80593e808d1693a61092f242bcfc6545151bdb6b435f0b71928fd6cc84a4,sha256:59c87bddc63b05567f2e851aa2319f1294b8524672717f050eead3ca83d8535d,
neos-3762025-ognon,published,4673,948,0,3725,2784,sha256:40aead7781f206b4b7902df2ab8b8bcd949200265bb67a6b710ea9f0df5646c8,sha256:ac6f08533d6e5e778ed161566385ad3b5f0c8b087b6c3dfbae73e2197c2a42b6,
neos-3988577-wolgan,published,25870,25870,0,0,44662,sha256:d9858d4788c13fec86ffaf8e92de5a8e0d5d4eb4683b254f217c7c1a6b5a14da,sha256:3c6ddb543284efdd68e676cbbfcf0d5acb54849721979710bfa8a2b6ebfd3189,
neos-4165869-wannon,published,31728,480,31248,0,85865,sha256:159ce2d2d73be89fe05c06554b8b7403d0bc5a76e6425429d31d6f51080387a3,sha256:38ff6ecc63c80e620dc9344c6df0539ec810568450a1d37f70f7d096e27c7d18,
neos-4230265-orari,published,32980,13380,10,19590,76374,sha256:5a0a7a0d89489358485d5f8819206c0a6c850491e531d447761b32467c403f2d,sha256:ff28ea3925e218cf82dfadaadc28c30bca8b05daff1680735173c584e0d1eeb6,
neos-4232544-orira,published,87060,38280,5700,43080,180600,sha256:4ab8e992a40467a20a1343840bac19adc1b9ba1376a85b71c08208218d9f5225,sha256:57771b85c699ccb40c6d3e5a11842f3c066ed34d3211f96348c40404e24776b8,
neos-4260495-otere,published,176048,168745,22,7281,295357,sha256:0d0dd11bd789afccaec7e54e40913e114f190f1908c0524023fd1baede4e0cc9,sha256:4d4507e385d7c24dfc6d2a3db3b16d5fe46b5915012efec70e76f6e992aa9ca5,
neos-4264598-oueme,published,54550,13370,0,41180,54714,sha256:827cad5aec168a5892189aa002d079b39b05ab19ab6e0cb6f8ccb8a9e1477070,sha256:07bb56a1abc38c8f32d2d528458aad51263d7ab6237eb9ec043ace3a92dc1fbf,
neos-4285819-pedja,published,721438,686647,0,34791,1518618,sha256:5938732b4be5cab69ebdb1773a233813ab4f83e07457a0c9e0e17375f9fe18e4,sha256:7cc0bae491398ef3c8457492de879e90b9f6ec5d2cca293f2a303eaa5127e1b5,
neos-4290317-perth,published,54708,1042,0,53666,65580,sha256:d393558ec683c915b6c00d20b475d0a72d0377d97ee55e038e4dbb832f22f227,sha256:e097f9c79215849b830defabec38a47ec0af99e6aae495666c7d780c04c8fa9b,
neos-4292145-piako,published,32950,13370,0,19580,75834,sha256:e40f16f1c6d5ac0fb608c4b996ba9cad3fc7bfe6d9d706ef97de0ffb290c47bb,sha256:4d766ad7ef08d7735f05f38ffbd87068a039d2206834938284c6299aa4c57422,
neos-4295773-pissa,published,85126,85124,0,2,210116,sha256:1e6880af083a4b4182e68cc50b8332d26e917299be4adf037527844f003c2fb3,sha256:f83e14d6619c3593044ccacf7e6e24185571fcbd723cb014821f61948112b438,
neos-4300652-rahue,published,33003,20900,0,12103,76992,sha256:ccd97c6a3f7076b6e78f97e6e61040cdd4ac44b584a5852774133b6ef5689b5f,sha256:9d6bf981d7bac70757477345abbcee9c5cc43097ca5922e82ce01f92f7f78782,
neos-4306827-ravan,published,162291,155368,285,6638,261877,sha256:d4f40eaea5294f4108217dd1e1b32029dfb8667737e52ffa43a6e2013903b49f,sha256:f889026c9bd004169bed95ea131dc0f31fe001afab8db59f20b19d07bc97d591,
neos-4321076-ruwer,published,361730,122,0,361608,509809,sha256:3aa15bc31eb715c1346eb2173f979f5c69e8837a377785f675b114f55fb3278e,sha256:24c0e9c8f545a42459d4d4c8ddb1747f11323af35e1dc1f074480ae3495a1408,
neos-4322846-ryton,published,108700,108699,0,1,104972,sha256:5ce411457457fce168b078898aef8db2f44e75476c1895a2eab59bbedb69ca18,sha256:5498ed0426b4343bf0fca26c7c322d98277e3c2ebd40c8c52bbef96f205f20df,
neos-4332801-seret,published,20682487,20677405,20,5062,19912111,sha256:4fedf1e89e6f40c8b3e5570b2b22a9def3efc83f07772be79f5f0e5d95e2b556,sha256:d0533c26eba147f701bbc20b67c69b8ac4c464c0c5d62e2c8eb70d863c19c611,
neos-4332810-sesia,published,20682487,20677405,20,5062,19912111,sha256:304085f4d80b64b1f9b7049526ba23a3326378b7039cef829477d598420f848a,sha256:81e1d9883139686a5490570239ac0a23b5cf2646fb61ec747e285dc1aa7f591c,
neos-4333464-siret,published,2731,1363,0,1368,2880,sha256:0fae8147c048a2936ccd94bdae02915626345083a4d9fd7b394a7b3eac905f00,sha256:98e71ac41ce73bbf9bcc04928292df8da0329c93bf54431dbb7aab3bae98bc8d,
neos-4333596-skien,published,1005,460,0,545,812,sha256:1d3a3a511c154083e69ee84776df88a8c38c9155824c4818be501456cd3ff93c,sha256:2b921d8534b3a564fee6d3e6b4b5b6757323d6eab90ea8a1749e43db7ac28277,
neos-4335793-snake,published,30827,20473,7865,2489,37166,sha256:3b0fb8b80617fc2b43ebcc9718e6f5070bed01c05cdf35111d25616b088bfcac,sha256:52a2d67cb1bea2041e6dd972b169e1fcdf997ee89821da14d3a702e7f4178a71,
neos-4338804-snowy,published,1344,1260,42,42,1701,sha256:19bbe2fe19106fb1e173187cac49f3e17f0dd6e27c6ce357ba2ea245c85c48f9,sha256:05c090b41cda8c566b8fc1cf044c0201083b6feff9def414fbc44e2ae69bac6a,
neos-4343293-stony,published,9400,4698,0,4702,10650,sha256:4032abec4dfd6b799d701a15f50574354a93823c8b20bfb3c04b678e245f5b0d,sha256:b3e4f000df78c0efb34a5b25788d4a060c2acea5ffee2df7d4dfe3951f68bfd9,
neos-4355351-swalm,published,21065,10530,0,10535,21609,sha256:9222603ead06381784c1516df84f6eb0dd1ce580c1899fa2acae4203b2795eac,sha256:c28c368aea7baa8da2e586c89c23ecf596423a35f65ad254caee6400b839e56e,
neos-4358725-tagus,published,11494,4898,0,6596,22777,sha256:d4235915279429d08cd9aa4e46c240a6ea08239b15b46326c56b308d956fcea4,sha256:657441a20f43b77c07f7a39749e40150c3cf1c884f074de149eb6b2668106997,
neos-4359986-taipa,published,25130,25095,0,35,48864,sha256:9e44bbebb82848260350e321deb906740b929e370a9912ffbb21acff1b259a9f,sha256:65efe79f6de046681ecf4ee60157540c22cc69a9e2c04181a7cc2ca9c27fcc14,
neos-4360552-sangro,published,10272,9696,576,0,46012,sha256:9c3604d5b1d0126fe3d1f64ee31f0e23b9afe8126ace1f9c70b842c3a39959a7,sha256:0628a6b210c18cdb33eb53544dff937633f7a93fc7b8fcd3160b35fd0e99185c,
neos-4382714-ruvuma,published,6562,6561,0,1,3645,sha256:f4b7c015cfad04317faa55a6601bd1b6693c184e2fddc6b26440d278b2794aca,sha256:08c5b6301eca8315663834cdab0c10edb559fe3a2a08300a7c0c678d7aef99d5,
neos-4387871-tavua,published,4004,2000,0,2004,4554,sha256:61066e377857620b987a7b73e2a79b19e0c40bb826bed18e6d5c6f4b4df3a63a,sha256:f41459c159559daedd383f873113d47a4338dfa50d5fa22642134f5337134876,
neos-4391920-timok,published,93846,93786,0,60,184575,sha256:51bf7f3887aa3dddcbec1760b7ec895a0d5389696c51991e56c25a0c4625b68c,sha256:963dd5e89b18f7258c0616d1fcd05c7252d484ddef83b0070f5451293312215d,
neos-4393408-tinui,published,4004,2000,0,2004,4554,sha256:95725ec4ebb3586eea473c3fab93884a148f51b102b13af4a64e6943a227bc0e,sha256:a82c079f4f2bd02c445cbb67479d9dac92b7ebb3364b07f001e0439060661ca6,
neos-4408804-prosna,published,66612,33306,0,33306,67161,sha256:150c15351adbe816ab8f8fcf87420255c98a52d07da6c3eb4d5470567b02be64,sha256:12e0be4c9320397c872112de8a3705515805e881d6381ad87ed20f05a370ef5a,
neos-4409277-trave,published,14363,14362,0,1,7875,sha256:c8fba7564308473a374bd2155dce2cafeca67fdb6480f901f67f123040dfb890,sha256:93c96a4d7b9f9d2d00e6e813803de523397936a29e698d04d8610dedb48619fc,
neos-4413714-turia,published,190402,190201,0,201,2303,sha256:7b5030879e6ff374c5e9cda43bb3cb54b4a24c1b3715c7880d68caee6f4d883e,sha256:4a9c9934f25c98fe9e3227d33f2e26ee706c26120671623d15ec975cfcd21886,
neos-4477313-unzha,published,2193,2016,0,177,4174,sha256:8adc85e3ba8bf638551bfe0e993cecfd2e8c57cf68bd582e4f95d4bbddef600a,sha256:278c575e8a184fb78833d357089b72cc2889d2dc64012d421be1ff71f9d2aee1,
neos-4531126-vouga,published,169996,169996,0,0,7694,sha256:e410858f78de595d98103b5758d780d3e9d90988624e999c578f349215fe76fd,sha256:afb9139fe887eb1e02f09c62e3d51704893882f630f6e15c226b604351b01b5c,
neos-4532248-waihi,published,86842,86841,0,1,167322,sha256:d0242acbdd59580e9b8ce47d4c36695577f3f07b33c264875eb5d7c11769096b,sha256:49e1db51a3c528d1e5fcbb5e9561c5ddfefcc8096d9f44f32226cf7ac3dab5a3,
neos-4533806-waima,published,93318,93304,0,14,52983,sha256:0f214197d21b5dfc3b8f9627faf5e91c2c1f740b3f9dfa163249e384e7b045ee,sha256:15921ac7a6f8b36904b023b143f8ea5a77c30ae1f1ffbce07678f296899d7db5,
neos-4535459-waipa,published,961401,640000,0,321401,163001,sha256:af8e51d3c33bd4e0c92cf68e26dc402f3716a2c7cacf34cf6190f5409206a9ca,sha256:95a6a6a3956003c9ec685d6928b70e79258e68c44d25a5937b55567fd5d40920,
neos-4545615-waita,published,654950,654930,0,20,345152,sha256:3a7de03187f027f70cb5a56cebb1e408546f00eab748890b6e91fb28f7fb5c02,sha256:bb19a1c17c6dc7b73764efc2317c9e2a63d0a95217c87a89156c67d10aa82dc4,
neos-4555749-wards,published,89147,89130,0,17,51776,sha256:9694f9beee675fa61eca0079bf9be67d13c0824fca9843e02c70ea9151d27a23,sha256:fbfb8b770cd3aa7efad2be9b609be6de9831dddba616ecb5050b35f9be05a78b,
neos-4562542-watut,published,134705,134694,0,11,73746,sha256:3806bf9be2f639814eeaed467a81189aa1bc309abd59bacace64e87ecf09851c,sha256:895c7b5502d5b2efe87117b5a90169aff83732805398728c8f495e0ebffd959f,
neos-4647027-thurso,published,9800,4200,0,5600,8382,sha256:94a5235d2004ee142a42bc0dbd20a4bbba3d50f6b0110bc45cacf2d7709f65cb,sha256:aa7b33b213d2d21390f6175743dbe1cfd584981772c740ed07cd313803ec811c,
neos-4647030-tutaki,published,12600,7000,0,5600,8382,sha256:3985bce9c811123376b84fabb1d8f35378247bace228a72cc71a23ba2b691feb,sha256:561c2eee16d688c2efd7fa2832aee4bef01412693c821ededa78473996836b0e,
neos-4647032-veleka,published,18200,12600,0,5600,8382,sha256:c46d0d65a211e2a46f5890463e75213bd4ec9fdaa292c1b4030008cc33feabe8,sha256:e051208bf694a60406d51fd633907ca549356444539aeb86a0963cdae6bf94b6,
neos-4650160-yukon,published,1412,624,0,788,1969,sha256:5328a92b56f40233df6b3a67e279f9e2fd72a6ed134bdc6809d3e8c34340691b,sha256:bebb17e1c74484a434bfd4a2013ede73fe6748ce22302c5e14be1169653e55dc,
neos-4703857-ahuroa,published,266502,133470,0,133032,221496,sha256:40b72b709503562a1795e20ecd7367728ac95280af4d45d24bba44a96486569f,sha256:3ac25e1e0b95582decd0fc6b3459f5b1d82f066edd40f9712531042fad54e61d,
neos-4722843-widden,published,77723,73349,20,4354,113555,sha256:16abc1a6dd408e88aa01c8bd43d0dafab595283a2c6b47d0514852421723b611,sha256:0265ea7ce6a237065e9ff4012581602c4cb3c5f2b8800d62e6e3fd2fd134f354,
neos-4724674-aorere,published,94145,87022,22,7101,137123,sha256:60564509a0b502201e91dce197fcfa97869a2d3ef1f5471b6205cf2fc6b75c58,sha256:76a91c3cb488530b3807b4987a272863f59be5f177e8421e12077b8ecddcd187,
neos-4736745-arroux,published,6216,1120,5096,0,1827,sha256:d7b133e13aa7966032ac6fedb3e75b90e9e6f0c062e70710539bec3fd5910fa2,sha256:b4922b80e0032494126e8269a8836f2378a5ed15bd57e691b8c3acca2eb768b9,
neos-4738912-atrato,published,6216,1120,5096,0,1947,sha256:d8c95dc3a66e5c61bcda0069ea00c43ba6569d0322939cf2cf44c01bca1d2aae,sha256:79093c3a1a4669f9190f5148e56458ecc90dea82c7167a2330412e27c1cac586,
neos-4754521-awarau,published,41680,41680,0,0,255386,sha256:60fde3094ffdf504837e24bd8ff6b3d3e495f904f433584147e446d57a8aefef,sha256:f438c5b71a56ede8cf428a5a08aef507b70487d1e09be5ca65a103ba9eb530cf,
neos-4760493-puerua,published,53593,53592,0,1,106954,sha256:c999b8b9911dc4180d047480c669a91e1d63888427ec3134d512b5048c46ba4f,sha256:b8e5c5804700019799a5d9a67b83a653de5ba75821d382a5417110e810765a6e,
neos-4763324-toguru,published,53593,53592,0,1,106954,sha256:b507b46928b596f5aa8781beb972b3d5eecede28a532671d551eb70de988ea5e,sha256:edc349e286527918973f2df230b0d2564ada2bc7c6a834a86498bbe324e69212,
neos-4797081-pakoka,published,12393,9930,2463,0,7147,sha256:2be912349f7a148386d3af93635188f1b2200c4af5a319f0daee7501b0f7b8aa,sha256:1efcb46bbceba4587891d27153f78631f4b27c091a2bfa43f05f094ec0c5e313,
neos-4805882-barwon,published,22229,15809,18,6402,49386,sha256:3161e3671e41b8dd3c885a74f3eabf808f7df75a4e13d8f15b3e964b51343465,sha256:b9ded03756bf71a9dc6b504d3a71c168ae3ca0625f7a1debd81042ef49ea7163,
neos-480878,published,534,189,0,345,1321,sha256:e67153129c1f61786d6bad04f5fbfdff8988f1e8ec3285e55c61ffeaaafbc1fe,sha256:d58ad45ab616ed0d511f6b63ccaa336006af3701eec618759433006a75130d83,
neos-4954274-beardy,published,12865,12865,0,0,17359,sha256:2b5c9a43078e94027bf7039ec579d85132b77d5f7bf575e887343b9ea2822f92,sha256:f0467abe67669ad733f377620ea2a0841b6479afbca870cd0693ba74d49b14fd,
neos-4954340-beaury,published,7850,2544,0,5306,20162,sha256:c4cd95aaa518f8e7c8fd73b3fab377814b80a997085c77825d362020302cbec0,sha256:d242a2eab8c896ea986c0a3238f85ee467ccef60c37c89874fcca03bb041a54e,
neos-4954357-bednja,published,3885,1231,0,2654,9641,sha256:87066d07acb1ad8d753c24ac60b3a045883c15c3270f580f7b910fc31d9a3157,sha256:e702d1d92fdee26881d27799205767f5ad6a472b2bca635aed4ac66885697003,
neos-4954672-berkel,published,1533,630,0,903,1848,sha256:c611961c35e5553c1fe75def0b8f64273b216c1d5a13f6d006b4f7222b1b5e09,sha256:3c2b81b453de6c8e79c855994c5845f13f8b4b6f448d4f3ca7d9e67135dd27f5,
neos-4960896-besbre,published,6149,1809,0,4340,14793,sha256:2215bc7e7310f8265aca89e408c68047a2d71af6a3d2eea2d6ab485a47d86808,sha256:1ca5242c3df55d1990e3e2b39619edc9f8fdff8dc27093886f9d761e778c8647,
neos-4966126-blavet,published,37885,2516,0,35369,109265,sha256:24d50cfa333fc70df8cef3977260c608d45a2e0f045c06d10a4508feedcdab0b,sha256:6b260083818693a3dc476153d57a6f33a1905343ea6662e967ff95d0dfd44936,
neos-4966258-blicks,published,196788,6708,0,190080,270816,sha256:b7454c71a8489037ca6aa0530f96de58cbed6c538bb0f52477195d3120f5ed8a,sha256:c31495c813e8ae95372c2a4f5cfbc01e9d2da0866f31ec7c5d1325181d042c8b,
neos-4971100-bodrog,published,11929,1980,0,9949,14998,sha256:bb8a05991e29aa5a06d3e38149bda9a97b7e30b1f62783c3d8962012bb27ee44,sha256:57585a4e16f95e0f0c346d3bf75ff6507a2c58833a801a407f575843cb74e8c3,
neos-4972437-bojana,published,293268,8148,0,285120,408192,sha256:cfd8755626305f4ac7902058184ea3713c42c1d6d38931a76e55c5e216bc404e,sha256:147c5771828f19404126ee861336b049adbb9f07f3c4dbd02955adcd8474b8be,
neos-4972461-bolong,published,245028,7428,0,237600,341424,sha256:3da634eb2754b1077b4049b7aefea41dde6f4f291151bd842f63ce1565911303,sha256:f7600cc4e8dababc382a7f0175eefb7536c74e146abf844fd32485e21fa14c8c,
neos-4976951-bunnoo,published,293268,8148,0,285120,408336,sha256:28230b4571fc6ab9e16b085f8c7fa92500de3e912578407118970c3d7f42a66b,sha256:8ec7337ea49d72b53e33e3dbccaf6751cbbc1c1dbff120131a5b3a0df1c6771d,
neos-4984115-canche,published,268859,0,65,268794,180214,sha256:4093e779d15957949e7c6e2d08550d125427ebb431a4801995550766d7636239,sha256:5d0524ede2f6b5dd625748ed88a498e669e22a7f4fad4853952f9b98d896b300,
neos-498623,published,9861,8500,0,1361,2047,sha256:37f6f543f45a7afc7b98b77a4c35bf9da19a1579ca7174e2d61a3b04923faac9,sha256:cfc3c2ab921bf10e20ddd208d55953eb0722fc74a0bab21ead668988bf8fa810,
neos-5013590-toitoi,published,27061,27060,0,1,53957,sha256:1bae1954479908da2ad9cccda22ca1c1e8a4acde7296d44599bda8ca7896368d,sha256:8e3e0972339660b3d9e1c7e1e406bffde6c023478993feb8b93297fcbd93a7e7,
neos-5018451-chiese,published,265713,1222,244,264247,170175,sha256:5cc1f33571f88603d8c8d393ac0525005a6477ea7072e320f8027020761e3f46,sha256:87d22e40908aa5c52a8fe997fea4ba5acac462891c56cce687799eb18136f32a,
neos-503737,published,2850,2500,0,350,500,sha256:68a0b3cd7d45ed0e88ea12627a8dfb3e349cc8db1576e793f8df61dc819849b9,sha256:fa3da74f6f2d7fb438fb8ab6ddcb8a057cb188f226d4559bd0c5ab8590b5f64e,
neos-5041756-cobark,published,60301,60000,0,301,30900,sha256:22b6d771c873a471298c2bfe1f5ef184c78d4a11aa3c8622e672b0b1acf83977,sha256:566dd1f0524b8f740bd1f19116821a8304153bc4564c9ee2e4f75ea27d813fa9,
neos-5041822-cockle,published,227668,149313,0,78355,546733,sha256:68d6681ecaff31ff402e1c7381df9e99889ebcc228d0e339cc630ddc6da3ca9f,sha256:d10fc0f61ec4aadeb4244bf344533f74277cfb8913fc7fd60dacb6c304bcda1e,
neos-5044663-wairoa,failed,,,,,,,,Invalid size (6) of field in section 'COLUMNS'
neos-5045105-creuse,published,3848,0,3780,68,252,sha256:0e94044831c34640797b548adc29835a3db1713a0ae413c57198279bb904ddc5,sha256:98045939abdc3a374707718e49e7f21e9bf7456a1fc79ecd2446da475c10d3c6,
neos-5049753-cuanza,published,242736,8304,0,234432,322248,sha256:f96d7726c02ad10861e5612b80b4bcf85401ddacee9f3f26b919256b5e7ce3cd,sha256:f15f315e4971c3512b60ff4a7084fc937617118aab0e3aad27171ec34f035579,
neos-5051588-culgoa,published,3918,0,3780,138,4144,sha256:97c82e00989226df981c45d58a030d6e0bc2766c2a87aca473718765801a8ee3,sha256:49d4580fa9c6594fd446bf107feda1b9e04bcbba6dc2c45f4a715e793ee8dc6e,
neos-5052403-cygnet,published,32868,32868,0,0,38268,sha256:9dab14fd8f60894a8fdd652cf7b9443992573c7907293f3eba0e415a267f4600,sha256:88818165a8c306392122f968d0dd17ad4c9a688ec21e7e83c6ea34a1f3146150,
neos-5075914-elvire,published,5003,2638,0,2365,3720,sha256:de1126731559d38fbca79ab14dcbebacc1567cde4e08517eddb9a222c59a0d6c,sha256:e00d5c91ea170cb7a233ebdfd3b1346ceaa314074883673bbf81f4c3b60d0d3e,
neos-5076235-embley,published,49686,98,0,49588,63112,sha256:d5c3d31c5e86625f546a2993ebf97f9f91ecf14d09f450689894bf1e807c44d3,sha256:f718687b3f7012a4ca5f3fecd39c870b0d729703d2bb8ef706bf09e5ae7f6c5d,
neos-5078479-escaut,published,3471,1330,0,2141,3442,sha256:190504f798fc6bd12b84a99c723cc8402e66ee3c41b3d2298b66a56f4f48a3c8,sha256:83c65a28846cbc68c158a1a3c978e4f4b9ace853562d89b748b2e637114a9bd3,
neos-5079731-flyers,published,49686,98,0,49588,63112,sha256:fbb21323ecb5a76be901e3e5e7ea0f8fb26857b89f525681209a42a115e681cd,sha256:595218c7daa102090e6084b2f3db999a080ef603abd7852735bc42dbd5b40a64,
neos-5081619-ganges,published,66432,7900,0,58532,187024,sha256:152a04c9360252ae774d8696c09e927d3dd9b92ffbec45481ac7fef26bf60a01,sha256:a275998d3ca973df472e899597a04ffa370b1fdcfda5f6ee4fc70aa45f459579,
neos-5083528-gimone,published,60315,4792,55509,14,617,sha256:2596dc67ecffc0c9d3137b0f7a8432fc245c5ad3c2aace605f2f1f9a2c2e53a7,sha256:c888193a8153a0828437cfb80a30c58c89c44346c68481e71aa0d05295933111,
neos-5093327-huahum,published,40640,64,0,40576,51840,sha256:794cddf8d5a5bec6e53aa8d9b182203a611a7e656079e8d3d4fb109b832250c8,sha256:5ab6bdeaceb1b510d21ed006002110ce91321f17a04bd1d60c4f12e7593b8560,
neos-5100895-inster,published,29400,56,0,29344,39760,sha256:e9819e3bd2cb2e1fa47efdb91a52362fcc36b29dd9303841048ccf4dbbd37b64,sha256:71a96087665e1d86009d8a2dea8e6b8f9c62d89a8839a59d932f2af048b0a849,
neos-5102383-irwell,published,51450,98,0,51352,65464,sha256:b4976f5e3c5045f410ba9086368e22eb3109214526bff6c4777cf25dfb02d7fe,sha256:e5dda2320f9ae0264747e6a93a0dfda6d4f53739057f817ba206732427108b8b,
neos-5104907-jarama,published,345856,9520,0,336336,489818,sha256:3049ecb7cb38b5ababaae14318f4fc5b9c5766e497789b40e4d43c30251aa2ad,sha256:500c30c58361b049c72ddb24966ad5f47f6579cc17a34f559c4296555f83b62d,
neos-5106984-jizera,published,470050,11410,0,458640,648984,sha256:0e960b0ca082734869aebe8fc5db87ce62594289469f25395f2a64e07603e447,sha256:48e380443d4ea74a2cd3cb46916344e5e258084534f2733235cbbd1f11c017b0,
neos-5107597-kakapo,published,3114,2976,0,138,6498,sha256:5b04ebcd3add6690fd77eee07dcf7e0d1448462e55fce39d74afaabb0508bf9b,sha256:791284dfaf0bbe788b6d457329d2e82c62b3e1a3a29382b7854973be137dc1ed,
neos-5108386-kalang,published,600880,12292,0,588588,849226,sha256:5fae4424677726a2d4cada11cf97b85e987d06a47b6dc6a7503f3c42af02478b,sha256:a09fd618dca1734e2e04e60107f45247edf2698852661c60720b91c34bfaeba1,
neos-5114902-kasavu,published,710164,14560,0,695604,961170,sha256:0f436adc1c61870b697338c8dd204dc207e5f403c2a5e964d590327fbf060c6e,sha256:41f5eb5934b04be3fb1bf903f14912e9aeb6a0dcaccb0c0d8329d3d0f9c8b463,
neos-5115478-kaveri,published,3114,2976,0,138,6498,sha256:e21da1ed63c7f0ed3fcd9b4ae9bcc3bc3ef94852e0eda6a058e3e22676f6236c,sha256:8665277eb5850f8160d8e1f961fd3b964227198fe714c514c03b953e590250f7,
neos-5116085-kenana,published,509236,12376,0,496860,690242,sha256:0054ab4daa146cfcb6fdd21182758fa0983a3ee455139bc54c76c2fa31560171,sha256:7fc1145e8a63586adb2541e9b05ec6206ea2c18c0e6793260d17b8d5fbf71465,
neos-5118834-korana,published,470050,11410,0,458640,649124,sha256:0c417188c6887760bb3a91a9c1d0cd1bd103fe698064d5853f923791c08c316d,sha256:dcf8d2b81558d7abbf187a687ac03299c2c4c171340a80dccf6c457912dfab5c,
neos-5118851-kowhai,published,613152,14112,0,599040,859504,sha256:594d0937089ad4549dc19d59c2e2204de94f4c41baef5dd82c83799c0f1c5268,sha256:41a63572676019856902d97e6b3107a9378e0b67b1a21396bb9d152c72efef5b,
neos-5123665-limmat,published,655522,13426,0,642096,904358,sha256:9a904681c5f3e3ff3eedd70bec946243d54a04bf071036be6012b34cdd64177c,sha256:803b30d472dbfb6f63d19713da4f057798e1becc791c2b7808b89c090a0925b3,
neos-5125849-lopori,published,8130,8040,90,0,453,sha256:8e1b1a00b56488b19c92a14cfefac2182f503b6599cdaef1cec7e71dd825409f,sha256:6cbb2bec5b48f860b49e54644129b79d8acfbbb4cef5e8315b29cf76abefa1ad,
neos-5129192-manaia,published,164229,164229,0,0,531569,sha256:24c7c9ae1e28c7779bccc3e4184fde89b59a1fd14325f2e345c0ebe55c0824bb,sha256:2f7722862aa2170079b04a0acac712fb51099b0e46da892d89b2bbe1fa3ecab5,
neos-5138690-middle,published,562786,12418,0,550368,776608,sha256:8405678ab2522e074a3f6fea8261176d940dc0a60deb5e511a744b7fd178f31f,sha256:911705b87048d0ecc4cf658cd001f57cf2f9ae5845b409ebf803d4f134b44329,
neos-5140963-mincio,published,196,183,0,13,184,sha256:87ee1003dc9c56ad0515e76e30d2081ac193723e39f27bc3cbd8e2116dc1f0c9,sha256:28bbce2c646ee915e49267cc472536473dfb8089fcc2b3eee4b4afafed3ec81c,
neos-5149806-wieprz,published,33753,33750,3,0,65380,sha256:65545205d09eba77ef7d068cc54fb5ba3a20e99fa85f9d3a5f9effa4151d7140,sha256:8a619d25d94341b7e0ad1fc391a22fd0fd1d4222659d47ad905e9aa8cc5fb3e1,
neos-5151569-mologa,published,108116,22230,0,85886,45671,sha256:70474ecda6aca458c1c003c95effdefdc157e2b5af64a27e4e5bffe33867d4d9,sha256:926366efa3d5b292fef15119bafeb06c25d517c76b5aab1a383634221ce8bc45,
neos-5157194-moruya,published,24557,13302,1681,9574,30175,sha256:a40edaad22f34d50fefbb55e360767f0f7c69bff21f873bd38d4a910e6af4d8c,sha256:584a4ed1ed486bd80c3ab511d5b85c0b809e66d55f82124449813279131f49bf,
neos-5178119-nalagi,published,4167,4068,0,99,6921,sha256:2cf0ffe0e09d437a6460232fa38553dc185d914c43e53e92cd99039f2b3125f7,sha256:0053885607736c470f20aa66ded3f54c3b1335cb64e72d078c1e5f6aee23a2cc,
neos-5182409-nasivi,published,2005,1600,0,405,580,sha256:b67d197db4e996a1a49fbc534d7f69bb536bd15906d604e1af64096a6ee97422,sha256:bb24f3204e07856db920e040bb633283613e43a67cfa30338e1bfc1282a760a7,
neos-5188808-nattai,published,14544,288,0,14256,29452,sha256:a7f5b9e9c5730c876a3f0845a02cfb9af8ba0c56d2350a30a8c967e986dba50f,sha256:5de4d7e077a4557b03144519d11ae3feb86a34456c7da486b7e33a81be86056a,
neos-5189128-totara,published,36025,35640,0,385,213702,sha256:b300fa17265053d20ba0b9e2c430408698c5018c76490c8eeac794132f54deed,sha256:8d4c68d65ac1bfb10c0cc2bb7c3e5fbfd1dc56c4cd9d9a0f31969c4f3f424671,
neos-5192052-neckar,published,180,24,0,156,57,sha256:fc018f34a1ea88f4e3ae131e9f34358269b2b2e9c5ca787330212b564b0c456b,sha256:90c1cf403a6d10b836aa3269f4b83822c9f5e7b14b2fade513321e67790d2f3b,
neos-5193246-nerang,published,14546,9792,0,4754,42256,sha256:1dd07e748924c429024087ab16d81e5b7c685adcceb0be81b15f5dcaee4e5042,sha256:62dabfac7819c78d2dae73cccbbd0c54117fe2cfb5e1411c87f64d9988d079e8,
neos-5195221-niemur,published,14546,9792,0,4754,42256,sha256:410873d6fa97879cd042cd4cee3451198fbbf0d50b782c75e60b3e9d6410a17b,sha256:7ab7d9016cac36edf19a3d61ba98273d7b3e1acf06d92256272e47a260750755,
neos-5196530-nuhaka,published,14544,9792,0,4752,42124,sha256:3024f2bff689d6319faac20d3ca5198c904feaf2a1e77e8a44b0aaa60dc3e2b8,sha256:2b19226d85be2f5bb9164e47a28fd5a09b1adb4077b5698d9994f15ef3f1e7ca,
neos-520729,published,91149,30708,0,60441,31178,sha256:b7b8902e9c821fae80922a6175521e57ff9fbc72bd4487f751d954fa3a7d5110,sha256:9c1db936acffca0880555c94c70e5ea1369d4722662c570343fbfd3783a114ec,
neos-5221106-oparau,published,25445,25120,0,325,13897,sha256:faf6ae5479eab4b90cdd5b557169f3d09fd806a4f6d1ae92416bca521de94d80,sha256:472a0c5d448a12fc34a9b272fa5c08ba97d7ae8f60451325b961efec7a8bf599,
neos-5223573-tarwin,published,158244,190,0,158054,560182,sha256:1a26bcec7164d3856ebd2516035e57c555bb74c2f925672b80b367e0e0374c46,sha256:00c59aef41731677b8447aa0ef0cb70a48000c87d8882cc4f0e9fb4e90dbc0ad,
neos-5251015-ogosta,published,136971,232,0,136739,486531,sha256:c6f94c86f129741f4fad20921a9e3538f2172b0b9da072eb683f809d9d52805a,sha256:5816ccee261b75d1d6f0bda2b13fccba9ce133694e8baa875ed19d10e5e233eb,
neos-525149,published,3640,3600,0,40,144120,sha256:9b653ce582458cb9b2f9653b18ca085e39d9f529918633b20958fd0601a9b027,sha256:0e8a956ce2fe184f504f7f1295e6c8442fa930da940d602413acb6572a9c97f9,
neos-5260764-orauea,published,12940,12580,0,360,12304,sha256:988d6f7aab5cfd4f8b2025c123737734ec38d24b5c179d6718feb3bfeceae806,sha256:6e0fbf3fbaa3f107b80be777116faacde360ae2f36a99f90035b1d9848709841,
neos-5261882-treska,published,2900,2730,0,170,2971,sha256:f13ea4479e42dc2785e1798fde1d7d81bb6130568065862d8eb826825e2372f0,sha256:4295afa431d12ce200203c41e0cd69a5ec5da67c390b12cc19b66d3aeed91f65,
neos-5266653-tugela,published,23310,22662,0,648,23458,sha256:9138454d01dfe0e33eba39ff234822f2bf55711cc42802781ca520b77169e8a1,sha256:44072bb51794bef1e997a84e328f284913e04655d8c8f7cb2c318e77323c8214,
neos-5273874-yomtsa,published,136971,232,0,136739,486492,sha256:c29e70563412227b14ce4b2a21480e98a0b7cdabfbe7fddcf5e79d703ba6a911,sha256:c59643312483c949076d15f0af5ef7031aaa11769dafd1fe8aba312127aa0bfe,
neos-555001,published,3855,3782,73,0,3474,sha256:18a08935b5235ba86322dc5bc76429035f783f064a05064fca4acde044357478,sha256:1ed7c936e6275fbceeac7bde72d6fd97bc4ab5d46c74819a7210c449a4266594,
neos-555343,published,3815,3800,15,0,3326,sha256:51076a2440503c0ae854e53378e84cf0b574e2f5d2f8aa0f0bc08f50b77558d1,sha256:d0b2e9d4910086ff1233f32fdf33301daad5a6bda9d1393bc59c77ad416d73c9,
neos-555424,published,3815,3800,15,0,2676,sha256:92608d7f89b34d78ae9c137efc0a7b5201e9f6d0332beb63a913f8e8d41b5c21,sha256:97a4d94243f0ad887f753c95c12fea3c0c6220ff340050b9e641b6721b33ca2a,
neos-555884,published,3815,3800,15,0,4331,sha256:a2ae31718bf4af4cfe72a096e5e42ef454bf306c8e3133964583061c51f4125a,sha256:368a9ff0b2acf72d0a87c2c226689883e144a18bca579ee57e1e7011140d862d,
neos-565672,published,190589,175361,0,15228,318334,sha256:891b6b4a8e67a61a54b6de9f4319aa7d645201ea04d8e008e44e3df9d6787498,sha256:442e7a749323f00f0d4036e555f7f816194e9f765c5e33432d4dda63ba864ee8,
neos-574665,published,740,184,64,492,3790,sha256:ad4ae1f309a0ea17ff2e87971b8b1386df6bd6b15e0cd1b5083394b67f95bbb5,sha256:9e8918b29bfca5833173f5dd611f69eed40fd61c3e29460a99925439893cdfaa,
neos-578379,published,17010,17010,0,0,21703,sha256:6abc1d18ae70e31ada4ffe18aa2fb4d9d5c1223db3c7e9ab239b7eb0c9e80584,sha256:158a29d9e86e573f1da466637d7506df1772232ca8c2b0bdfae0452970d8115b,
neos-585192,published,2597,1044,0,1553,2628,sha256:0a811dc32191b29695d34fe96bd40e647693ecb477ef4dece9e8f7e4339a71d3,sha256:a66805060c0b8d71f07c835040c707a3adea241f0ff4a8f87b10fc0a5ce7b245,
neos-585467,published,2116,846,0,1270,2166,sha256:aabfc61f2966829321d6332c70950f4b6423c1029debced15715c048ca14a06d,sha256:9e236bf0fb6b553f5f7cb24aab674e1cc02978bccc9d70d36e5be1283e7cbd94,
neos-595904,published,4508,1148,0,3360,2452,sha256:f41727f5ca0f05685c14e4a946bbfc26ae56aea7534d04e9cb6a9f1c262342ac,sha256:2b9749b67277bc31d12b29cf247ae91ea6602300489ed654911336188938d32e,
neos-619167,published,3452,400,0,3052,6800,sha256:27a1c941a166b8e5094a7ac8ce7ec4b13229b5711bae4e8e595994797d08b556,sha256:9c42ddf5a1bff6f1e4227311081367076aa97491be62a840c23a72aebcd6c7ea,
neos-631517,published,1090,859,0,231,351,sha256:99fb542ce2944a79c5ec92aff04e8fe08368b1fa09523fa32f4cb721d8304af2,sha256:0151b8fbe6d31e4ef41705f89f13a67e17db49cecd124d3ed8832ea8eaf14907,
neos-631710,published,167056,167056,0,0,169576,sha256:bc14e03c4453cf566eb21c29f32109c6bd6ee98598c196f9e0d9d6d32a2682b2,sha256:7e20c12fe3260593f42ab4c2abecdfaadd5f3ea2dbeee4ca7cc6f4f6f7e2c723,
neos-633273,published,11154,11154,0,0,21781,sha256:796226067a7500f68a96345227bd6c7ad000b94bd871e2bbcf6360a1f29b8873,sha256:0f89a00833596bc14b1dd0a62f5cded8d0ff6cbd6baddd54a58202df3104b155,
neos-662469,published,18235,17907,328,0,1085,sha256:1ae07498a57de610334319feae292b92f0c191957b8dbc6d63c30a92cea4889b,sha256:60288625d5ffbc5cc6c979a0e77d1ee17de899f5f64fa1247f50960748a7f9d9,
neos-686190,published,3660,3600,60,0,3664,sha256:80171f61b696a9bd278fb1fd56d4e19cc7e89f630b6dfcc4d254878737a31cb2,sha256:7db05fcbddc844b960801604bc769b8219deefd4e8ac21bc9364eca08e4a7c9e,
neos-691058,published,3006,1755,0,1251,2667,sha256:5fde471b356c647101de280002048cc0fa23e5a02d9b5174c24b7d4a9ed5700d,sha256:01a08aa5da4e259e1a3b903fab54d8198be5be5667727da19d05c000c4bdce6f,
neos-738098,published,9093,8946,0,147,25849,sha256:a771cfee38cbcf0a7548c2845286165d2d09d6ac2cde89bf230c5f308efa2ae1,sha256:08ca86dc097eb4589afe4ac0d320899536007b3c9680fdf7b89cbc95495a1652,
neos-780889,published,182700,182700,0,0,73910,sha256:f789cf172d53ca6ea7b924630c4a4d23027428698fff30d50ea8f552347daaa7,sha256:0bfda3396be28229707534e0f030ba142633c4ac82118912e5e96333f3e1faef,
neos-787933,published,236376,236376,0,0,1897,sha256:13c228a9433edd16371b7bc32be947ec507bc4bfa747b7257f9dd0c17ddec5e0,sha256:a3c887cbf2539c39b51f002b454a92c750a315beff36ca3cb0c3d5469dfb5dc1,
neos-799711,published,41998,910,0,41088,59218,sha256:4477b7442204806e0fc9b0613e32740cf2b6e8481f79734663971c5dfc9e4714,sha256:05f7536cb1719096df803d547b418a0b6dde8bd0725f9d5aac16367df0d3e8a0,
neos-799716,published,30619,910,0,29709,40418,sha256:33f35e5eea5daa352b08a35e268f3feab12913634bd43786538cde61837baf15,sha256:bb4d78ed2c29e90efb0ed38308d32244dff8fc5cece9551501a77135f0358f73,
neos-807639,published,1030,80,0,950,1541,sha256:c73f5cb8bf52c47893c6a5228539866552373632c882c94b8aab1145c8c10cb4,sha256:d5500d10cb4bba6cfa8b0f960b2149bf857d3091c33b61beee2540375d797411,
neos-820879,published,9522,9522,0,0,361,sha256:9b6ad0afcdf8df8ffa0bec9dfbfde5700cbeb927ac44fbb723424bf644fd36e6,sha256:08ae605348b0b6684168da1eef06cd36f726b40a032abc72d559f784bab48b91,
neos-824661,published,45390,15640,0,29750,18804,sha256:134b5acd38d37c5223627f9849132598e303e923195042b2b3bea3ac068de48f,sha256:cab3d51b5ccedb1c626264862df4ca6ef87f030241cb3dd1519bacc408fa3cb1,
neos-826224,published,41820,27540,0,14280,17266,sha256:f38681379129a472635c2c6e756c456a43e817ecc85498b179ce7f679190c43f,sha256:d82829e2263b74f29b78687c476db30767c62db6c2060efef4138c9cf7927447,
neos-826650,published,5912,5792,0,120,2414,sha256:9f6e096e80387177c7f225cf0e87d7f45ea397dd71ef260c95db35ecb53c288c,sha256:9953d14b6b6860e7c8c67748e450e39c37cf89e7c26155b0b5589f17ba1714d9,
neos-827015,published,79347,79347,0,0,7688,sha256:19802bbe86bc5a8d79c674f5366fb50f26fdda3129acdaa4397d1c99c06b2b15,sha256:06f9319b2f25ebe41adb37be2de0f43414f5fdc6d02cb7222794ad6dd2c04395,
neos-827175,published,32504,21350,0,11154,14187,sha256:e51148a016483e3d12141fea3cc79bddff49403e9f7ce2296bccfac927447d18,sha256:cb620d386f6d21928d95000853496dc69c2576178c514fbdc0abafb9da7ca6b3,
neos-829552,published,40971,40971,0,0,5153,sha256:8ca7506a93eb726b2490288f74363edca370025aee11453b0dff4e67fef6c4a7,sha256:d6e2ce4a2d0d81b2b4361856a5f3b92d9c129157d51d453884b6b3a70f4cb257,
neos-831188,published,4612,4612,0,0,2185,sha256:784d72f2a77d06794094fd5c8ab40ac7e279d951d973245d7e7f596eff594bcc,sha256:c7f0a9d0ce056289139ec8e2b87f927de751345254d78250c37ad5115b6e843d,
neos-848198,published,10164,462,0,9702,924,sha256:f24ce71313ce23882d30c1c7eb88213a4c6fa5428af88f444de9b1f39ebf9010,sha256:317d00035c2f3af3f2bab014dd49c7c0b0d3b2e60c08464359472089d4fc7308,
neos-848589,published,550539,747,0,549792,1484,sha256:8226b935376ea8bcb9922f63816faea975034d0267f0f5e65352223090ac08bd,sha256:113a2751c7f92ae7ad68167d01d3e272e0d552997c32cfef36decd20bd5482d0,
neos-850681,published,2594,2479,16,99,2067,sha256:95c349ed63a87101c6386d36012dbc8e213ff100d8a0e8b876e52545d00f4952,sha256:ecae21140e87815be9dedf734e9b71c3961a7022f1ed6074e31929d1bee57a50,
neos-859770,published,2504,2504,0,0,2065,sha256:10484ad54897d05e8e4e4fc87d6c8113dca344bfe0b5760b8bbb56178898df95,sha256:b8e2fbfeafdee5b4e6b950304cd44448e1d50401fd7a10ee263d84879fed9704,
neos-860300,published,1385,1384,0,1,850,sha256:26c957855f690edb6f02d9d4a39946bbb80de69ea1983c859cdbc0bc95051ff9,sha256:4f1a5a35ce43ed7f68b3be8f6aa910e2eba21c99a29183c2e87275881bd149e9,
neos-872648,published,175219,87575,0,87644,93291,sha256:823d9a3a5188d8d7e51815a2212e5bfa2f9d6989163eb2bc454799647648e860,sha256:50443ae1c2310903b51297e0e8eaaea16a04a5edccd88b3b8502b9bbb23afb7c,
neos-873061,published,175288,87644,0,87644,93360,sha256:5db20c59d4eab5dc6df4d59b55815ef5b680d50dfcba5ac8ec79256267cba4a5,sha256:508cc2b2cbf7f655e36424a49348d9a8266176389848be1d97891854031b3ec4,
neos-876808,published,87268,87268,0,0,85808,sha256:1133eccacd384e9335b8c3caf1fcfb8d9f3212fc82413a8016c5bbf89ec415f3,sha256:3b1357f26ab3e7aa63e0644d42e32e043a694986513659479880d33ab43f188a,
neos-885086,published,4860,2430,0,2430,11574,sha256:80369cdd01ef56f5a4a183d2559c4d6468815fead62eddb61e5aaf4438d7314b,sha256:787d526e15d7c4492243f95c7ce5fc86a2a2982fba390f8b3de2f0eed41a7a81,
neos-885524,published,91670,91670,0,0,65,sha256:e357c747cbac87d97e6876c64f8ceaa11ee96a204d3ce2c088190a1c3e249f76,sha256:fe92f1637fc2027a0a9845500060c22efc2cd4bc1fdd3f1c89598ac0f19d27bb,
neos-911970,published,888,840,0,48,107,sha256:4e3bdc14e0c4211473316dee91ec19ac75cf6a160a053512c50e4d8434bd4cad,sha256:4b00b79fdc05073e1d73bfd02709f9775dd1a46d26a13cb53ecdca48df1e478b,
neos-913984,published,76000,76000,0,0,1076,sha256:2fbc4f1ec8792326c3c170a4ab2625c19afc2de43e668c21b6e777a7534f6895,sha256:1a0739aa3c0b1dab335fa29f607822a3586760cc8d92ac47022df90f653bd4eb,
neos-914441,published,15007,15006,0,1,15129,sha256:0cf5d9d9c39fdd7bf91e205a3ec9dde11eccab29dc70aad368a349140a1f1b3b,sha256:eef85c44473514249b09a7dd3d135f6691a1290a3fcd3dfdb16938779735d939,
neos-932721,failed,,,,,,,,"Multiple objective names found. This means the MPS file is for a multi-objective problem, which is not supported."
neos-933562,published,3032,3024,0,8,3200,sha256:993c1c1d974ebc9da538f3fa6383bbb14e5ccb196163216d09b6eed3beab76a5,sha256:3fef6f12c3e824fa4e574a157bc4912052b1cbbf4d8249f2f8ae0cc7ab3bef60,
neos-933638,failed,,,,,,,,"Multiple objective names found. This means the MPS file is for a multi-objective problem, which is not supported."
neos-933966,failed,,,,,,,,"Multiple objective names found. This means the MPS file is for a multi-objective problem, which is not supported."
neos-935234,failed,,,,,,,,"Multiple objective names found. This means the MPS file is for a multi-objective problem, which is not supported."
neos-935769,failed,,,,,,,,"Multiple objective names found. This means the MPS file is for a multi-objective problem, which is not supported."
neos-941313,published,167910,167910,0,0,13189,sha256:284e2eb6d8af6bf1d420ee2163c0faff116d79de1d4e162bd86638d2dca7493e,sha256:51a7695078c1ccaed794b2d337fb11aa134b08914d76574b467a38e6bd75caf7,
neos-948346,published,57855,57855,0,0,1570,sha256:4717013aafa1e1dadfd9d36f3868d10e64dc25639dce77dc1b002041055817dd,sha256:002d161edc4294eefe01ba9d9ff20bef4c813a8cfab6f89f8baffa11f260aafa,
neos-950242,published,5760,5520,240,0,34224,sha256:00f78d08b8d70d3e685e1cd2182b065263cef3aa374a3eb4fe4c89f75f085d6d,sha256:d33f1e1e495b7d9aea09665693071c593f8139a7e4462e587b3a3194881b3e6f,
neos-952987,published,31329,31329,0,0,354,sha256:a58ae9c1321eb8a27fcce79dee3d72fa04d29e6641385d0ad542b0dc91da6573,sha256:5e924a8591516183189dc7e168da577a19dda31bbe9941e65ef5534957f57e8a,
neos-953928,published,23305,23305,0,0,12498,sha256:947b70aa26427039541e991c48085d4b385bfc2daccdc53cc2002d69385fff1f,sha256:35d75df89b52c3b6149dd7ecd54c7c6ee3dbeb91d668a4df904d75e4a2b0e10e,
neos-954925,published,84718,84718,0,0,2989,sha256:1022d21f3600ef0cb80c3b70ac402588d3a3ae524d68ee0080ba6ba77e5db1e4,sha256:826af899e75d4bbf2c15a967c6f317ad92676a98fd0181e5c4045b0965830bf2,
neos-956971,published,57756,57756,0,0,2527,sha256:598dc18d47bd69d6959aaa9f7688f81beadb03405031eb3c3d3440da7a1f6fab,sha256:6f15892502b27867109e7c168481ad3c130fd0c3912bfa21de05865daf00aa2a,
neos-957143,published,57756,57756,0,0,2767,sha256:36b3c8d02bfb66456614cf284d57ac95257f0de6e7ba3ae3f42b1fbb0f1bdaba,sha256:eb106dd3a54023406261d5f2d3f3c70c164ae2527e7d1c2fbc3b5eb7db107672,
neos-957323,published,57756,57756,0,0,3757,sha256:6b971a8b33bc68360a4d998125a26349746e37d8648ba45425d9409b2b68ed0a,sha256:daba2ac1eeecc2c3b71c162710fb5e2e22f854b5005b7bb518c054fe210e30a3,
neos-960392,published,59376,59376,0,0,4744,sha256:c1a3523eecbf68307d76c101d5898b572492d4f5ba338257eb1536112c877e44,sha256:5ff3664ea97cc8f23c67057541e31720acafdd531b2fb00e8ad55ab369230adb,
neos-983171,failed,,,,,,,,"Multiple objective names found. This means the MPS file is for a multi-objective problem, which is not supported."
neos16,published,377,336,41,0,1018,sha256:e3273a5c22641ee928b834aea5e3a29d320d7f710ed520c3adb29b5c8565dd9e,sha256:a8a78880afb9bed5c16865a72533915bf78564008ffc2908baaec17306039f6f,
neos17,published,535,300,0,235,486,sha256:c302f3be0155dc2df05687fcb962266a7655ac04d3f0942c3b312d333906bce9,sha256:996290cec122f76fb43dd963d0ba37547a0f312835d38308747d67f9f738105d,
neos18,published,3312,3312,0,0,11402,sha256:e9adcac82297f4e0ba0965373e3b3a7afd1e064f79148eb463e00bf09638a848,sha256:fb395a6d20231e51f076bf349ee1c14317a5c862a9537a228e9b2df0354c6f11,
neos2,published,2101,1040,0,1061,1103,sha256:52d2b02b09bfb0ae0b058a3d2e5e25f1c6ed896512b2fa489dc2aa976d6e6ed4,sha256:8220b1aaea62f4233cc0f19bafea78c18ff0158f19e6faacd4da8f7c007e8cbd,
neos22,published,3240,454,0,2786,5208,sha256:5d4a2758b203dbc5531ae0751254e9f41e8d06d096347d13578f31a6a7ba51f8,sha256:d80c61b5cd225816990ee13703cf4bb7ad4efcacb96061a52d6de98dc38055cd,
neos4,published,22884,17172,0,5712,38577,sha256:c8be75f080e62470d3982263129497465d4f5e37b779c6b1e403dc6eb2873c57,sha256:c7c121af7e42ede7410f119c42a3f1fbc24df9a24a8a88dc4c71b338d1d906f0,
neos5,published,63,53,0,10,63,sha256:4339f9a0a5668c5327bde098bce0e6a3f397c7e28196f7a5831f3c430053185d,sha256:ddddd921815b12a8b5b2396be8bffadf08c0b5324557d9812c5a1026376a7f01,
neos6,published,8786,8340,0,446,1036,sha256:76252fc0ee4a2317a36e28ca58ceecfff365306afeb1cdc198e3570b7502b563,sha256:fe32574cde16fd7526f64253fd96ea58e9dffbafc9134356cd6709d56e8154c3,
neos8,published,23228,23224,4,0,46324,sha256:33b9d3736a3db2124e796573e923067b36abb965e2b3e06e1530178d0e1e54c6,sha256:b6ea2e271a349ee9da13f99b11a77d99b7f1f50beabe8e2707aed8821377ccc3,
neos859080,published,160,80,80,0,164,sha256:dbed6f75a6056f447c27ad16b1730fc95aca7057548dfb7a3015eae5ee95f06f,sha256:b86a94dd78546f2bb6231571c72fc65220ff07bc1adf9077af9b6c4d84b83b21,
neos9,published,81408,2099,0,79309,31600,sha256:eed54655f9ade0a175d7b288620255161c75530e1641cd67f41da25674d95a28,sha256:666a7468c1aac55f8ce55864bc0fc06c6978242254fe605d8be173a4c697fe22,
net12,published,14115,1603,0,12512,14021,sha256:e74334e2fc03bddca8181ff91102d5d87e88590870b1a6f7f963582466f636e8,sha256:7e8810381c29916355b2b47acac4a95eac73144cf3c1fe8c2dd21d240778f394,
netdiversion,published,129180,129180,0,0,119589,sha256:8524103552ea3d81e23dbd6ca2eb6dd4efd398d0ee268898f28c0dcb29eb8515,sha256:6045393bc98a733163f7c0af129f345b8736b33b41c05a2ba11ac12e763c7276,
newdano,published,505,56,0,449,576,sha256:7702e3a78612ca966bdd338c2e5fd70a168c80dfba12a2cb4252782a6650b648,sha256:a1e00c8fe3b7e2ebb7f342ed31f05bd4a601d6a6840aee247628c03761e61740,
nexp-150-20-1-5,published,4470,2235,0,2235,4620,sha256:28edfac896db67a71f7b45921fdbf67cf79cd800b4f88b370639493a0eb297d1,sha256:afbf9bf74cc03cf905c0dda715e42ef9ec8d9f638222f3d8d909fc2efbacfa56,
nexp-150-20-8-5,published,20115,17880,0,2235,4620,sha256:7cd2efcbf7f1fb664b5982add107037e60fb02c7d4ee89fd080b50b723234da8,sha256:7b74739bff85bb5487db3bca8a56cf16a261838a1b71ed6a42dfc65bbaaff370,
nexp-50-20-1-1,published,490,245,0,245,540,sha256:b8bfc0fc44bc968cadb92ce8f53d99c83087a028ccba2f5d95302e0fd60aed41,sha256:eebda63e84dae7bfa2cb36e5017a35a4e5569274d85eaa973c0cd04e119a457e,
nexp-50-20-4-2,published,1225,980,0,245,540,sha256:cc9ee127f56f3abe4a8ad5573b73f439fca1742eeceb99330b5c50b4d3e09e91,sha256:935edd7b47cbcab88105f918ef429344d52a2e531f642cf4cc448a7a61ae60f6,
nh97_potential,published,1180,630,328,222,1916,sha256:27b13aff9000f232049e34c06e33c24b57a5ae7820fdfaf0adc0871c58bfeff7,sha256:120ad2a2018ebfcec7117623b6884a12d9ca677b8bbe918adfaae00bbed3cc2b,
nh97_tension,published,1576,257,361,958,737,sha256:6c42db79d364153bf7eef97d95c8488c0161791704002c3b819edde6aee7b3eb,sha256:7727bedeedad38422d6737f4ddbd499b88e19128195d0f951fb4d99f4182fddc,
nj1,published,78084,14280,0,63804,97579,sha256:e75cebd10229a739a8f4f8ddf301724b6c71e5aa1ca0e5810dd961c6cd200736,sha256:f2a8726700638f026e8e9214e2d5f543a28a7dfa0257d8caf0460e51cf7ad096,
nj2,published,85224,14280,0,70944,118975,sha256:fae1ffa6174938dd517004ffbae3432f0723ac748dd4db59b0b9b5c2f406f0cd,sha256:7e4618e7c90d306449f88fdffde1e05394aa305eb2da773e6bbea8e2ec4fd202,
nj3,published,85224,14280,0,70944,118986,sha256:d0ccfaf68b2c2ce3b32bfb83b44bd9ae939aef07129e3264bfd4ff14d13ea0d1,sha256:f31d8e6a9195bce20b6c8d5466333d3ce08398579651a4ce6d2a62e7c0190e52,
no-ip-64999,published,2232,2187,45,0,2547,sha256:04f6d4f5e427eb019140b5cd90d68b49a009a796ecb6a20bd8f15b917d4a662d,sha256:d352ac12d1652dac7a0bc5ca8c42c322ef67108bcf0c2af3be14d50fb36f1c68,
no-ip-65059,published,2232,2187,45,0,2547,sha256:333095fc4895b4de05cc527b21b047dcc102138f27d5fd564f3ec72e14247388,sha256:dca7c495f24898a1da4e58b0c6b5045ab9425e96da904bd13897c07e310bd8f2,
noswot,published,128,75,25,28,182,sha256:1868cdf80d9b1b9c6d29993a0aa07bbe4ca7a738284251f26a7f9ccf87c3386a,sha256:1712ff56d72112712687857339b13890ee3f21161309ce6f0992843636db07bb,
npmv07,published,220686,1880,0,218806,76342,sha256:bc1fc017d6c2b11e67b502ea2daf91b16bd164718511ae62115f90c8b25023cd,sha256:7081852f7deb1baa278ed35bade4d505b0f21e6830b5a8081dd8318f9301d06f,
ns1111636,published,360822,13200,0,347622,13895,sha256:144c947dc92551303116bbfeaa45e6cbc0ae2d38b63e4f3f1fe392c568de550e,sha256:36adc160d86e55c1a7ea8a46c2de21f036674c32f69323b45050a35556e8d3a0,
ns1116954,published,12648,7482,0,5166,131991,sha256:b7ef8b927f75e7e1abb85805112eb96d0360bea892bdff9f1f668d2eb6354b80,sha256:5fea1d8b41c8b9243f6f88ba10a81ba34864bf307d3f03aa24315a94c5be0168,
ns1208400,published,2883,2880,0,3,4289,sha256:566963312a1ad26a91b12b1b7f4f0918fa0a2e05fd0d55063d0d301130adc595,sha256:ed74b3046ee0067e59b36c6ae6c0d70b72e7f8de9154bfc91b676e3d963eeea1,
ns1430538,published,33616,1680,0,31936,34960,sha256:8a04470af31a6a390f842e9d6080223a3469b1cea4fb047b4c2f429d7e8efbb4,sha256:a6622e63a1d8d2303cd28b0783450e981991ab3914cfd9539cb2da8f8fb8a54e,
ns1456591,published,8399,8000,19,380,1997,sha256:f3ea370f2e48b4516edb4b234f75e1bfa7d1df4c2f10692c2dd03d8efaeec934,sha256:604f49233cc1e2640d9f4d475965ead8c6068bca33149c5e89ebfe0158ef1461,
ns1631475,published,22696,22470,211,15,24496,sha256:46a7d26108c5cb2ed0fd489dd89d7fb9a3af971bf8ee7ab7cb814ca160b11842,sha256:899355d4fc6a5fc268c5e32fbae31d99cba0e8c9a95ed0433ecc935dee632028,
ns1644855,published,30200,10000,0,20200,50698,sha256:410cd4ca0b115a68cc55a81def75c64e24fca6406b8f616c93ad96133f2e4fe8,sha256:92207bc550bb0814ebbc26537ff832146ef1a96f89a84f2fc1fefbb9dea4a324,
ns1679495,published,341780,10580,0,331200,14928,sha256:52f973286d64052f4a01b7ec440368ef827eeb39f850ebc7eb51084afb61d3c4,sha256:a49f820f005c59adf2876e92127dfcf9359db7cc82d77b9b1460be52d61ab6a2,
ns1690781,published,5736,2880,0,2856,11181,sha256:a23935ce7fbb00c43c2ad68e202d8bb5243c63220488f614f1e318c5f74d000e,sha256:5d43ea9d1545d9641fc8287789d9f343fe8ebe0afe2350fa4e58c7c14fbca98a,
ns1760995,published,17956,17822,0,134,615388,sha256:bde7798497ee08d8a82823a74c121a0646776b47b6276b194bf6bb76fe570139,sha256:4bc0415931c7912f83bc98900e5205851d4dd85e1d77b0d54fc1b7662d205bfc,
ns1828997,published,27275,27275,0,0,81725,sha256:fd93553fedb2097e0caf0eb89ccd43d89ce8bcc52f478f039e480798ec95521e,sha256:c981848abd4e6d1e88aca93b4c41d744739045ba02bbc7e887a0215ab8ae7e70,
ns1830653,published,1629,1458,0,171,2932,sha256:0070d91cadf4af04ebd94d862e6334dd1a87172c08492938edfd7db8dd42b1d6,sha256:9bcd9c55da970ad6d2fe13d4b576d3c763a074a5d271ffd4c64b55f9fe97a69e,
ns1849932,published,128521,128164,0,357,128880,sha256:341c17048678b4aff100a26825b82646947ad40488b85299076d2286552f3d50,sha256:eee96290bf92f3e2014b812057012c3914e53807fbb4adab885435aaa674b67d,
ns1856153,published,11998,11956,0,42,35407,sha256:1067f38ef052b98f19135f28f491d9b239fbd20716da5f584a0232250f355f94,sha256:8063d61060281d7c352558db57ba1163ce44a67a01338adea8d5b46c96ab48af,
ns1904248,published,38458,38416,0,42,149437,sha256:9b4dc57d0d009ea9570e795bfc5c7f04129db1761477ff47da3467d86f08193d,sha256:5edfca92b2b59891c7f853b7cb00b72b511d2f9da1cdf1558e553b5cc9e4d432,
ns1905797,published,18192,17676,4,512,51884,sha256:191b710cb9e84d060407ffc75935c3d90508d6178362939e444a8bbb31422446,sha256:6a315aa4f0f4262d74c5cbf39b6bf30dad5945332de97ee2bd0bc9bb34c78b3d,
ns1952667,published,13264,0,13264,0,41,sha256:96afabdd0247736a0a5cbd6004b89a9af98b59d9fa1f37782e481c16084ab8f4,sha256:40f32b785402f80008ac3074bd8f9443e9e88ce3222fd2a148a0a5e250f925a0,
ns2034125,published,12000,9000,0,3000,14401,sha256:4f9efc1852954952bf3c87b87716602888795479c215020ccb4c576e561f55cd,sha256:5c046995959af8adeb6b3ec481b4e725004285f8674c1643a9794af073da55d3,
ns2071214,published,2720,2220,0,500,6250,sha256:258d1b6aa1cac7287ca426d7e56eaf61bebd0fc44b900e5c8d8d173b1546c5ad,sha256:df45f28ff55260cfa9d0a7830acd078df1cfe994a5593c60e2d04b99880b584b,
ns2122698,published,155103,16447,0,138656,139280,sha256:3db9d4d2831074d62c6188797fb73ac7c540e39cefda4d7f0511518e81e10741,sha256:1fcd1809126a2b9172a2e3eef33688f39332bc94ea25a24485d9f6359e80542a,
ns2124243,published,156083,16447,0,139636,139280,sha256:dfe8b4757b5125d90fe38d8736c6e9c970786e1b2d255da58d726c6514f93f1a,sha256:9de4d3bee204709a006af4f86e8530bc2f2ae23693f68dacdb63d42a8d007733,
ns4-pr6,published,6919,0,37,6882,2639,sha256:8b2e4dbde2a7cefe9453966fddb0760da9a4411cc72cf2af5917dac367ed1634,sha256:2f809d34a158e7206fc78b92b5b87e2302b6ef886f38b33393ae23a37855e56a,
ns930473,published,11328,11176,0,152,45660,sha256:3cd409b413a3bb667c588e6a8cee72a9a6f8e872a7d3919af1c35a14078df67a,sha256:e7ca844ca1fb96fa6a5d7d2174b72e2bef532a12295b26bb5195343da6f5bbfb,
nsa,published,388,36,0,352,1297,sha256:0d4b654b9ec81f9253b4ddf3cf3bf185e50000017fa3f9c6115b55af5a96e582,sha256:eed3c255451e611861efed49d020b352943adef169ce86b010c3ec8d00701f47,
nsr8k,published,38356,32040,0,6316,6284,sha256:98974dd29292135035eef9f1e7def7a342d940091805a310060235e4294625ec,sha256:fa7a968b3c4951c0631c245c464c45d84f0f50f1359cf8e855b60442d94dfafd,
nsrand-ipx,published,6621,6620,0,1,735,sha256:e6e6de5994905a75e47491b5bc535b451ec41f534a36a4e2a973f744f9489c3e,sha256:2bcdf729c31cdbb1e693556212900a7cace654dbef0fe3ed016c527661a33178,
nu120-pr12,published,5868,5832,36,0,2313,sha256:5b6a8395b81b8bf0b87d82739bb76e15b35aec6af6f2571cd3d48a0e3a6ab0bb,sha256:d90e5394dbbb8f6eb0caf2747d25a4999980ffe56ce7e9bf2e85b08af129124a,
nu120-pr9,published,7350,7308,42,0,2220,sha256:a0f0bdddbbd02e4acd9757c6e3ee0be82fb1cac1754ac36ce9ab223717f109d0,sha256:f73caa194c8798e4ba3f913e54902ef47b85f238fd8e3f4804e4d1e56c54b60b,
nu25-pr12,published,5868,5832,36,0,2313,sha256:bd5cfde8c7b47c23b8553d8285b85764e0258a96b357f7f13636ac4c5b895677,sha256:f45093aa7739dd083bd8f394d52ef5c1e479161e44b9a9cfacc4bb9725ff3f46,
nu4-pr9,published,7350,7308,42,0,2220,sha256:4f5a2d505002068f8e5e691b2fd2dac9b540b65c1d39f3b8c4652e5c1df2c2ab,sha256:c5c74f65ebe142b983f162155ddca20ee24a7c7b7dfccd15583a5c49dbc96b1f,
nucorsav,published,55410,49360,0,6050,1812472,sha256:2ff08be5032dbc53bbaa4ed9a7a2c76417ff92930d91d12c1c17806397c68c5b,sha256:83409899fd9fe4a357914d636f8729fdf0bfd3699f8cf35ca645b346e3f1eaec,
nursesched-medium-hint03,published,34248,34170,78,0,14062,sha256:e4b93c5c48c66ff14c8a0fc61af5471b960887b34c1f448263d88faeadd7737f,sha256:0c5b03efaeeee41851cb3453cdb8dd26ac414527b96bb9d2a45f992639f32f22,
nursesched-medium04,published,29667,29613,54,0,8668,sha256:b7810d1b0133cf00808f7ded74bcc7c602ba017b705b535aa27ce537bbb52481,sha256:333cda3dd431c55aaf19aac91cf0fc90bf2745fe05f5dd2fd7cfbfcc895de0d3,
nursesched-sprint-hidden09,published,11650,11630,20,0,4872,sha256:a0fb16f6c6d4ede389ddd497b767b78a0f5a50602abacacd74f00708e5d84999,sha256:f6cc7b691cc443dcc9c57dde9c19220a275e9a51923d9a0709e3f2108a0643b8,
nursesched-sprint-late03,published,11690,11670,20,0,5032,sha256:8d6921dc8e92c49f7acef6005b7d0cf2a932f2d1b2583d61090b7c21c9e5f4b9,sha256:623cf71835ce628a669418baa2edd41e2be49acb17c253d68b61b790279486cf,
nursesched-sprint02,published,10250,10230,20,0,3522,sha256:d8a09d2de188d9b3c4e9f9902feab87eab3077aa76643fdd7574039d8d5f4dff,sha256:8d79330cca881962945897b8899332162c68fdbca53e8bc69f464b8e93c78650,
nw04,published,87482,87482,0,0,36,sha256:9ca55a14f0be3d2e7166a3dc55217eb0b72e0e030c66482a8e430ec34b220417,sha256:5202ee37fe74095e4107e64f1eb0bab2879c5f2c3d295d4e45938c81a8863b62,
ofi,published,420434,29705,0,390729,422587,sha256:7e997e0b9863d6032abad5717d032957f791134060cf71fb6b30c3b95ee846b3,sha256:d39b442cd914fd760c9617831708554716f460c5a0e94a8328ecceb79ff91294,
ofi2,published,420434,18632,11073,390729,422587,sha256:eafd820fb84eaefe37a02a0b8333e40a7aed90e288e9c82f0b8c7f90ecc3ffde,sha256:ca20d6ff4898156a7194a816486379dc87c8082274c5b0f8c9d181a640c85347,
oocsp-racks030e6cci,failed,,,,,,,,Invalid header line: INDICATORS
oocsp-racks030f7cci,failed,,,,,,,,Invalid header line: INDICATORS
opm2-z10-s4,published,6250,6250,0,0,160633,sha256:d1e165729443b05abd1f3b033f2cef855217752a077c3220ae018c247df0cdfe,sha256:a0cd3816cdfd668dd9a70338d63505ef22de7ffd935449fd49190c648a8009d6,
opm2-z12-s8,published,10800,10800,0,0,319508,sha256:816287bd8cbe190152304ef5dca6d0549879adcbb89280935d5a40952c8839e5,sha256:c5af0e790a5c087b35f6f3d675d6d1d2b845a9b7258eeac702b4084a765a4c2a,
opm2-z6-s1,published,1350,1350,0,0,15533,sha256:5aa453b061dbc64a1ae0dd552af2dd2286415c070dbc407a9dc625ae23e92495,sha256:29a7eb51441aaa4149815f97b548ca5d8cbcbf6c451b9ef819daee8c9dcc64f8,
opm2-z7-s8,published,2023,2023,0,0,31798,sha256:91f86edec192a5d7860044a3b2dc30de94a44ccc25b95fa7adc49401c08dd539,sha256:fded924de5a9673d301d17b68a9c14d3509adcf5376d6a6cf865b68347e4c21b,
opm2-z8-s0,published,3200,3200,0,0,63608,sha256:bcf3058e67403437e085e3743c1de2901f37c5270ca497dbaa84acda1e67ea3b,sha256:224882dd45c5a609e749c8c96815427463f419e9c73626e47f5d59f0d8b466d0,
opt1217,published,769,768,0,1,64,sha256:930dba3807e0977ab6be9281fa7725f1a8ea9edabb1fdf9a4b31a74f8de69554,sha256:c74cd6b8c1437515d8435b936ddc2f895349afad7d85d8694394c2699fc09bd4,
osorio-cta,published,20409,7,0,20402,230,sha256:7f2daf079dc6a38333b69b705d589c795d443f38121c0340f876dd016783c2e0,sha256:f691a600d1e22adf0fd1d490a3ba37753796f22cdb268283f89d74e645ff8a08,
p0201,published,201,201,0,0,133,sha256:2bee01d1a9748af23044285057dde6dd778e7e4ae0af1659f0818e407214b35b,sha256:b8cffa43f06ab3197a25023771cf6e89791fce857ba98ec1c79670967d18f94f,
p200x1188c,published,2376,1188,0,1188,1388,sha256:ee186fd9a8ee360d44df7adf58b34b52e303343dbe11cfb3d5a46925078e0012,sha256:1b522c04b6e45d39477531fa1f4ea3d5371095fc33f2c2c2a987432a6dddf597,
p2m2p1m1p0n100,published,100,100,0,0,2,sha256:12c2a1852fdfc9ab7aa01e0ef6dd5241463186554fc1e875a528ff21cd40cda5,sha256:1e79bf1384514156d09553caf23f675a82fe008bc14366e468497a1b34deb96f,
p500x2988,published,5976,2988,0,2988,3488,sha256:85d47400b33d11b95f49ccbf0d050531081a1fcc066e9fcbbdaf99ea0b582d96,sha256:680e131fba6b998ddade4aeba7a643a025a0280188692825b16e2cdcb799658f,
p500x2988c,published,5976,2988,0,2988,3488,sha256:b562e4e5aea3b68e623c43a85a926366a6f02afca7d12b5802a2193770fa8a13,sha256:fe7818a0daeea9e78c35543ff0703a5ead28c919978d18c826a597cfe6710191,
p500x2988d,published,5976,2988,0,2988,3488,sha256:1c96aa09e64b596e6ac201396058bd010abc94e76e716fb3ff27dfcf574ffc10,sha256:77e16b4aa57082d683b1f00422fed2ee9155408ba3aa365eaffaa71202848bcf,
pb-fit2d,published,118500,118500,0,0,10525,sha256:c1ab0680f9cf6bcf31f49bfac7dfb16aff52830078e4d8aa7fc764736a9c2818,sha256:506d6925ffd833a45de968ce3e382391fc64e252499d9ed77313974b732dd360,
pb-gfrd-pnc,published,27888,27888,0,0,874,sha256:8b9f62472261a3dd1e356ba7cbd41f5ed37cf93d93601177c702a374f4bac525,sha256:4ea9ada5c2dc77898d32c03084e527f691de086f77132ea6fc531105d4be4bde,
pb-grow22,published,25124,25124,0,0,1320,sha256:03dc5212230f4bb4ba85c42843cb6cd41c592fc1204b840b4d553b74dfe72537,sha256:522514aceb0a40bd227588b662bcb90574f8cd68e9392af85d8bff177cec3e37,
pb-market-split8-70-4,published,71,71,0,0,17,sha256:793497787984ac51dc84e49a247db1fd2cc683e9467fe940dab94901aee20d75,sha256:05b0c7b6a3de44754bd69f7b93a1ec6755601b9cdaf0a82d5f00b7b75580ef96,
peg-solitaire-a3,published,4552,4552,0,0,4587,sha256:9d8a5b0288cfbb6b99aaa444b21f87bf6ae806a31467649a2ebf4cebdc899651,sha256:df6f7780f970c00916d9033709dfaf9748c4c0ec4f48cf08cb458eacbb208670,
pg,published,2700,100,0,2600,125,sha256:abdbc30d1997412e6a9f6b1231bb3ef7ce46a1fede88402074f9a17036cacd21,sha256:32c178b3802524a2e1d9ecb69f2f78ae25dc425fe232133a15f6bc9380a4e6fb,
pg5_34,published,2600,100,0,2500,225,sha256:1ededfb27f9118d3d3e6707b7ff3aad51854843d0d366093b4b883c4dc18c740,sha256:b98fb4961b40ae54e0a565dbda689cfe8f26b00c5a807ac6c79e1f571f457075,
physiciansched3-3,published,79555,72141,0,7414,266227,sha256:0f3c4f0db8e119994f463e48746e7ad2b49225b9b9c0c9cebb0e9b21a3d96aa8,sha256:91e2da216411a37671afa6c9d832b4416a9c1ed9739a8626e722c9b43bc07217,
physiciansched3-4,published,74119,65900,0,8219,239780,sha256:7d4619ec63bc1cd9b67ddf95a9209f76257228ff2f33207c24316dcbce8fb856,sha256:3e268378c354978804e598b9a8b5ed66cdd6fdcc798c5a4176fe6d07821d4d04,
physiciansched5-3,published,14488,11501,0,2987,31925,sha256:634c3c3fe382e525701969c016e31e7864543e1ca5c8a0c95ec210906b80de06,sha256:36ad05ab0be15dff4433c3541421dd4078a415ffd627a8ebac46acbcee026b20,
physiciansched6-1,published,126204,104778,0,21426,175664,sha256:af0c8af75309c645ad2640f608ad59cf3bf5013e583fceef8872c66972966905,sha256:c4b8d3bc2fa8138dc82a7dd5b6431f0b71271742546a96993bec88e83c31d0e0,
physiciansched6-2,published,111827,109346,0,2481,168336,sha256:f5a96664bcf8be1bf27ab1ee58d0dcddd1b22f603c10c38c584c3a32fa692844,sha256:6dfddf81478b276f2471be2f8a4bc90514c9da77499069cd23594e8a25e1d99b,
pigeon-08,published,344,272,0,72,601,sha256:543236b15f28b33c94d67be9be2007e7c3784f4855025613ad006328e2bf4402,sha256:947e5d8412e86d6fa25a770159c83ac30c75235bf1c5ff76dbb840ff632f0209,
pigeon-10,published,490,400,0,90,931,sha256:58cb1f64b9ee357221bd8d8a9199b87c1faa909606831bf03649593bcb915d0b,sha256:624d19a5620c2c9c5f3e0b8a7607b819c1b1e85ad030b4df3af066c276098568,
pigeon-13,published,754,637,0,117,1561,sha256:a8d0796143a6f4115f04d5cf5a401ef15fa3268b88e6543bc2fbc7e49af4d8ef,sha256:a699f01b01f8e9843c406cf0ca105417589ede675ed81028bba0d72b57d218d6,
pigeon-16,published,1072,928,0,144,2353,sha256:ac0463e63a459b5c14a0bcafb8c2b0372c4c9aec664419b360f306060a4185bb,sha256:d09e96bacce853813bc821c5f15d2047061cc27b9119a19fed48dcb775b648c7,
pigeon-20,published,1580,1400,0,180,3661,sha256:976d8ed43d2b749930098ceeafd1423e99b6ca2917653f417490c0bb811f9ddb,sha256:c14ce499f48adb34af6dcdb22588e1f9748df06c954741bebf23d517799e8e71,
piperout-03,published,9526,9373,129,24,12246,sha256:ba87247b799c8994e680e11f2231ddd8d54742435a7751c0253db83cdadeb8c5,sha256:9077b4f26d30212603264972319814334a52ea048d8ca77789cd61e0f5940b37,
piperout-08,published,10399,10245,130,24,14589,sha256:4ee084f768e56ecbdea4b5b8d567374d798bc0e30ce1bfb1c6f1ff6355309fba,sha256:247f51f82ccb3773bae43815e250bce89b819d67792c52c08bf43757a597f037,
piperout-27,published,11659,11514,121,24,18442,sha256:422e4c85ae1584aa75cadf10660edbf6f253be11f4a52413273cdb83597a7c62,sha256:f4c0a4f43d1abd7a6470c3933887d32cb9f8d556b7f5098e63231bf4123926be,
piperout-d20,published,11961,11788,149,24,15562,sha256:d8ce30544a1acf20f65e3dbca6418f9c196cb18f1ec08891b75f0b7fb4fe1454,sha256:961ce46f40e47b7310e088a63ec295b629a0e06957bfdc8251c3edce04b67a91,
piperout-d27,published,13104,12931,149,24,17470,sha256:3f2403d943ab39ab75a1980555e2856cb232ddf5b67794e270c766bdb6d3a2c2,sha256:ac5f900c2b46d07c56c7f4e02bc70bd3106389cc4a0600f52090b09478e3443f,
pizza27i,failed,,,,,,,,Invalid header line: INDICATORS
pizza78i,failed,,,,,,,,Invalid header line: INDICATORS
pk1,published,86,55,0,31,45,sha256:551fbfa9897a3e4621a5efa421d52a7af96ed74f92470b510cc5138350e23ebb,sha256:9fba00e731ae56d9d1d0aaca1238c4d2e50fe63c5b1487f9fb2a43149304725e,
polygonpack3-15,published,44237,44207,0,30,144478,sha256:73400fc4f2c019f76e42b67e18c1c79d09a14513202e25dc81cb1a473a08d65f,sha256:5a19944571a594b1bbcc7be1506edb841308170191920679739629db2ce96869,
polygonpack4-10,published,20537,20517,0,20,65935,sha256:bde16314faf54b510b320fbe29a1b29e65ed409a689456c59ba99907c678560b,sha256:bab15705c84294a8ee99e910e353e43c6b771f8700fc243eea18541760edc2fd,
polygonpack4-15,published,44237,44207,0,30,144478,sha256:f6e0cc95f95883068f2498b0b5e41e9fc1fcd597d75ed7e786e8c995d42b0a9f,sha256:a85840f41c00713ad22b83d0f2d983c827cc0754a69e88223153dfb497619e57,
polygonpack4-7,published,10788,10774,0,14,34529,sha256:c43c12af2567259926185c936a3f63cb7fa81847e83f35939275147220fb879f,sha256:60f2b5a487d56fd9ae9e29ff23e4eebdd4b452b80d089d2c71f85f2a12bdeae2,
polygonpack5-15,published,48163,48133,0,30,163429,sha256:3e628818791c405a8639fb956d06b8870678982f76d24cfc0605320ca2c6e9bf,sha256:f8dc0ceba6918b4d091eb3e908092b1d8844dbfcc2d60217c9018975a4007452,
ponderthis0517-inf,published,975,975,0,0,78,sha256:199f22346d8674c844e04e051f6a98f537bc0525016d7a1454596cb958251c95,sha256:fb3d6b8a1150f552df09e446d2c9fbf271a05d1dcf9dfaccae144dd4df108376,
probportfolio,published,320,300,0,20,302,sha256:833828dfde016257d9ab289f868c9bd53d97f32f2a22df1e0362bd80e9122f2f,sha256:1271cd40da02aef32a0927668a9d7938cf58f95028b8a91cfae8571219a6f823,
prod1,published,250,149,0,101,208,sha256:7d2ea5e8254af3ad0c2906b5e43292e9ff09e5fca21d254d2a5d2875ffe53b7e,sha256:9c9594c37624efb43a2b9f00d4aaa6507cb74e9413b65241bffa2c0e24b29974,
prod2,published,301,200,0,101,211,sha256:8abfddbd0ae6f87700a07caee05cb962418746a9c02b13e7a8fbd4acac87d455,sha256:c24e2015f36c3815efd321f99413a102482df1ff0b72b9dc211b76c5493561d5,
proteindesign121hz512p19,published,2589931,2589840,91,0,301,sha256:4b7672d132940d39e6596cc0d9ce46b6825c006f42399dce5008970c72c861fe,sha256:4204dc757ec111295157db5b0f3dcc873fd6af1ef0f8b84a9d7029a6aab43e7d,
proteindesign121hz512p9,published,159145,159054,91,0,301,sha256:81f79c4b2999a911b080caadd56fdd826d6457fceea00500a164458384dc7df2,sha256:2d7b75164428d53fc01d65b9ed3f4714e1e75c11349350d271453277d652c5ba,
proteindesign121pgb11p9,published,132672,132594,78,0,254,sha256:696ea32c89f2ef67201a3b3c90a1794ed48d53f1fe04f0e03be2b74397fb6698,sha256:6b53736ba2ef47ec9f1337fb1198ca54a2167c0f82006ff1895f470e5380a7a2,
proteindesign122trx11p8,published,127326,127248,78,0,254,sha256:dfd8524370b8ae4250bbd9362456f47aba1b569cfcae1bee796d82fdaa724e95,sha256:0df5af4d99c9c9b8ea503cee607d556a0d37672cd36d4b4da7f014f4739c23c4,
pw-myciel4,published,1059,1058,1,0,8164,sha256:f434396b43a940134b875dbc46d722867b961855f75234ac89e5e836fdf5eb9e,sha256:c028b5f4abf9c7bf0e9342cca88d78407edf3ade22f45af52d6f542b645748d5,
pythago7824,published,3740,3740,0,0,14652,sha256:6e9033c257080dc048bd68fae028840fff656016f268ba49b797e971cbb2f1e3,sha256:0526882d3f8137c04c92bc89fbe3fb899749200325cf728d4bbbad9bf09a7121,
pythago7825,published,3745,3745,0,0,14672,sha256:f4747b13dc3b80eb3e47c1cf3091d7c9e212722be945b27d283ce364157ae5e5,sha256:5385eaa71d4307a1b1922427c19bbfc4ce5d146c64dbcd0a46b79b27ab4f21eb,
qap10,published,4150,4150,0,0,1820,sha256:5d187f6f2dd3c5ec7a6f1558bc9050bbe4b3cbd50441cd1a6db05fd4d0b6e9d0,sha256:0f314f17f14c6860ab4f80366db5a638b330b31f8d3d8ac5892fb4bd2d59f08a,
qiu,published,840,48,0,792,1192,sha256:f5278bd1d1409b23aad5b34311a6746f3df217125da4ea2bd570a9769da7d865,sha256:a96fed645ecd193662ffaa91aef92a822bd952003b2aaa93d5cfe17efc88c86b,
qnet1,published,1541,1288,129,124,503,sha256:ac4742b700c31704bf660b6893ef45f4b9e82736b46b8554d9b40518fcb39e09,sha256:71b219fb18661fe36b323adf42b39f15cf54b8046ec8444bc6fb65a72d29cf70,
qnet1_o,published,1541,1288,129,124,456,sha256:29d719c28aecb2f5e53ef10a402b80ec1a98c40ab4b600f709acb45fcf2221fa,sha256:ccba2065fc65e302199b4c539fa47779b5c6e17b03e72c352dc2ade743d2893a,
queens-30,published,900,900,0,0,960,sha256:0e12356a8bb6089d2f11791201b1b695a62f1b165750a5a5452b0bef651a4af4,sha256:68b0706e5ecaaec3e91daba95e80d32f569272673478818fc5e7d065c0b98b45,
r4l4-02-tree-bounds-50,published,11468,1938,2830,6700,4768,sha256:a53b75786043076e2003baec9544e0ce5263e18a87ad7fdf3dbc3bca790ede24,sha256:254d2ece51d700728a3bea622143b631b4448b1db1e890678b63f85dd7d30f44,
r50x360,published,720,360,0,360,410,sha256:5964b0e2a36e1af01a6f5f407c910d15ed5723018e0f094e8b4400caae1ed187,sha256:7d10e914735fec16054ff457af0198e1e5194fed8211db5f6de003ca954a5971,
radiationm18-12-05,published,40623,14688,11247,14688,40935,sha256:8dc8a17496309982b8261d2cd95f8da889b333a2c49b9d60ca409a32f3f1fbbb,sha256:37659af53f67a8d3590696db5a86a35d953bcde5f4cf6f3fb1dc431419f10d4c,
radiationm40-10-02,published,172013,62400,47213,62400,173603,sha256:e733afea577d513d7759506c3cca417fd46f1b445d07137c8e98b8cb4c97b118,sha256:5e28afbc1eee14035b92c8fe1bc49c66b73c64eb4eeff6bb13e5c6580b4c0c3d,
rail01,published,117527,117527,0,0,46843,sha256:ddcf13bdf56adfc7f62a562b830cbf1cfc25af233e797adbce92bd21a8a405af,sha256:1dc862f43940d7544e4713a2fe08a3134ea152ef2de700a7b73d8d321be76830,
rail02,published,270869,270869,0,0,95791,sha256:05e4d2cb201aeb0cdf5ca033f188ad37341769628d25a39ba111bc72f2c02067,sha256:d692bc7d4863f9b7ab671856349894b83b98f0da904fbab787d3b65bf19476af,
rail03,published,758775,758775,0,0,253905,sha256:3a63317f69ee6c91439ac3ab5b6d6ec7ffa00382aac2dde6c9034c1777379a4d,sha256:7c5aa2f0c0e49ad1ddcb4a5cc80332a708b7cca9a9f8c5730d0e5bd3c1c433e3,
rail507,published,63019,63009,0,10,509,sha256:112a505ff70659a68053b5a36b59ad8b427cdaa5c721b6e722f36b3a29ace04c,sha256:a00e99334ff9797d60b455fb035409c1a149aca9bf7c121552e2b255871dca37,
railway_8_1_0,published,1796,1177,0,619,2527,sha256:f06073cda5a7cd53fdcd4fcd93ed5a1fa939ac0a5095c388f6d8b1b609f2c760,sha256:f104752dbb2bafa261e64353025632587578fd0b48f3d9334adb35ccb93f5617,
ramos3,published,2187,2187,0,0,2187,sha256:d395a436bb8dee03aa76b1d9ffe0e60d1025735415ae27a67619f3aff2e0ec3c,sha256:fa04be9efcdc78947d8a308fc0d452dbd3ce0b2c1a92c51db77e6e0e149193e1,
ran12x21,published,504,252,0,252,285,sha256:010e3daef2abddfc373f81919153e2ee52876c822da10ecb969aa817533a230d,sha256:b046ca6c7d16a96e72ba1bef4583cab8f60b06ed96bf10ce5a5307977d751d3c,
ran13x13,published,338,169,0,169,195,sha256:d2b7877d95c8daf263e431e68001e832fb4ef716206d6d042aaa936c442096c4,sha256:24fd21625c11d49652c5de04f16a098c5c9d9c17d32023fc4c8cc0e486688153,
ran14x18-disj-8,published,504,252,0,252,447,sha256:b509ac5287a158cbc0871e91818a61603215c542d74380555782bde8cb656a65,sha256:74033521590f2a9819846d0d85e7d13d7459cc18ad8692bb4c89d9ba78cb9b45,
rd-rplusc-21,published,622,457,0,165,125899,sha256:a8a0546edea9448c612d61d973a32a216029bd2b24d6dc18b8165d6c2fc4aebe,sha256:c171fd85c8b8e8ef75734a164f5944e06eaf83a10a128d06aef73500985b65ab,
reblock115,published,1150,1150,0,0,4735,sha256:c7719f69523838a28b53e90f13311d87b879d3a8f17760b685da2a85e178e859,sha256:2e22509c5805b4119dd58d92b04238e7019eb46516acbbfe737f9756887b8596,
reblock166,published,1660,1660,0,0,17024,sha256:c91fe25e2c9805336e8577b8f55773032554e91ac2c1b1d139d5e065a810096b,sha256:162179e81c39543624c7d1db78ee5f7a5042a802b523efa3562fccb19a62e9c5,
reblock354,published,3540,3540,0,0,19906,sha256:c35eee70f35efc99dabdb62e5e9bcdf6c0bad4d45f0a82439fa2424ecaa32bcc,sha256:1cf39a0687c8eeaf2334e9a78cc0ec283a9952ea7662c39ef6bb0c46225fe685,
reblock420,published,4200,4200,0,0,62800,sha256:4f8890632d9e309ecd9929b750f85cb90bf8b246151175a4b759ed57aa86fb3d,sha256:19aee06a18c9b7a599369b37a5b8ee79d4bfece807943b08f1a06363eb055a6b,
rentacar,published,9557,55,0,9502,6805,sha256:426383bd0531c2f5fba937c56bb82a790922abe48da97db621264aedea25f6bb,sha256:b30dba3fb2968937eceb8858a1d2c25875bcfcfa6a4a1c7879d61944e92a07f9,
rfds-4-days,published,2184028,190080,0,1993948,1766257,sha256:dad97a79443499801974091e8639ac023cb2d4466a4dfa86535522f71ca74723,sha256:fab5c0c9ad0808e3aa16022327d32065b8a89eb65712d77dca751ce1734b1361,
rlp1,published,461,450,0,11,68,sha256:a0cd9d419ddf031e4faa4c1648ffa81a93b44c2a933330dd90eed1f40e29beaf,sha256:b303b0378a956933254f8fd222c7c5fc7c8a96fa4e3ec1eaed77dc5e6856a6a8,
rmatr100-p10,published,7359,100,0,7259,7260,sha256:300174876ee30021dc98ec85dc31a794e7fb38dc5e48f64838733dfd87c2bbab,sha256:4e81ba6b0e3165f1627e1a68de0354af4d5dac55b691b29de881effd921baea8,
rmatr100-p5,published,8784,100,0,8684,8685,sha256:d80df96ef88af34ed223a412c9571c9df589f08d9e6c3c7c34ebf86426a92643,sha256:dce61597c488129c8a03702bcd51e2263b69b20c3ff203521119863d74cd70ee,
rmatr200-p10,published,35254,200,0,35054,35055,sha256:56b18b980af5cde84fb9e16177aa934abe45a012e191161dd75ec9676e9b9f1e,sha256:4fc1809fe701dc3fca0f8e12a7ef51d92bcf0eb8709bcb17c84be6abb09ebe26,
rmatr200-p20,published,29605,200,0,29405,29406,sha256:4344fd461ae89b1cc791dd2547e145ff9ce220fbd11bb813271b5630b3c54117,sha256:ed4e7e6b00acad9f262d4a293567af1a1612448eeed1e06f128f72c5a8ed391c,
rmatr200-p5,published,37816,200,0,37616,37617,sha256:4b339e94fcb426a1fee47221812785e09d5c0e74a0bec4ef6ee7fa355f5f271d,sha256:eff8a475ac4b84ee7ad096f57a11f9bf3a5c07f2ee34cef4f946f4eb610287e6,
rmine11,published,12292,12292,0,0,97389,sha256:3a856f1f6aaefffd92cdf4b7850220b8311a60df398c698547295810ee51762a,sha256:cdae46be3817905cf3d4b0a6f77a3b9e3a5c5c899f77108a5aa85eaf008e55bf,
rmine13,published,23980,23980,0,0,197155,sha256:36ce04dcbe316f82b48534984f19012f224e36215b6ec310657da6bffd383ef1,sha256:5d4cc27cda320d3755210240dc4e45a5c5c144db0468de9f9d68a1ae234ad781,
rmine15,published,42438,42438,0,0,358395,sha256:741e4016010191686608e4e98848769eeb1a5c0bb59dc2baed5609019336f7e0,sha256:dee72478a42e6c9bd8800247a3aa5e14fe11be3b50bb636ce305638df02da0be,
rmine21,published,162547,162547,0,0,1441651,sha256:0f578a983720e6ac175a95514132387fdd22597206afb6410be93d35783446b2,sha256:fb9134b367142fa4e5e65d03b065a927a9afb01c9b00c487e2bfcd6e889df01e,
rmine25,published,326599,326599,0,0,2953849,sha256:881bcdfb971ad2efc1b76d54e6a03730465dfcea1c19179c594b93848e58bb2d,sha256:ea8d9a1a63d0da486d8cc4d5e8ad5b4d89e5909746e35e10f7d29ae5a2eaf5fe,
rocI-3-11,published,5132,3894,762,476,8165,sha256:c9a2ce44f07a899fc322e4d11a431fdec12119e054e9fc58dbe5259ac267b2f8,sha256:973305efdbe96a378d6efe16ec1603d569d575d16e62e4a19fac6a3d3b055613,
rocI-4-11,published,6839,5192,1016,631,10883,sha256:d0932711c150f9c561eb908132331c9cc61d548d70ae002b0f85a77d6e660008,sha256:09c48639a29cc8feeb5356154e6eba3cdce1b868f36d5c65d8dc28959c7ac297,
rocII-10-11,published,22968,22616,0,352,52692,sha256:afba45dba7e68e71698532e72bd6c56b1e2716d75232614c1ff80ce80ad88f04,sha256:e88f03a2ebc784169ed6ff0e60f3def14077b6531b090120d1349db9a5bdd743,
rocII-5-11,published,11523,11341,0,182,26897,sha256:6c3c41465f0aa538a24c043d2844344e32060fdc434ec75001cb83e7c702f672,sha256:2e0146e28ee1ac2d4b9a4ad7f78f79d01031c8ca2440417a97b830a996d00fc4,
rocII-8-11,published,18390,18106,0,284,42374,sha256:127c2c389be0f909d13e507987684cc9fbb204c22f256b057bc95c94c328672c,sha256:cfccaad775c5b4771fe5163a5c3f0e591eca5d606fc2e78cfc69efc498c12050,
rococoB10-011000,published,4456,4320,136,0,1667,sha256:8c9149eaf160fc7fc6e4bec3eb85cd68673cf4649267b4775a3eef501b4a4cd1,sha256:548a4397d5ab7b999639f2f2974cab7f87b0e356e5610fb5368d56968051450a,
rococoC10-001000,published,3117,2993,124,0,1293,sha256:cdeb6814a5ede8ee0dfc6e5f52f3eb2dfe97406d5bf16358b10ace8e42c99ee1,sha256:06482d9139ceb3b703dd9afa32483bbbfa34072b561b568c72e03a0711c95ddd,
rococoC11-010100,published,12321,12155,166,0,4010,sha256:ee393cf5cf9a9cf6da0606de9013da07b275c22d19c43c333739e82361edb101,sha256:23010de611310c60a52b2ba93c52e010f8988d46e7a11bf6572b52386731cc70,
rococoC11-011100,published,6491,6325,166,0,2367,sha256:432698af1cdca20256ca9fa55bbd8ebdb479d38b2acbcbc1457c725d9f4de1ad,sha256:7a52201c3202e9ad9ed03b4460e2a2996606cb755278fa3aeef06da021a149b7,
rococoC12-010001,published,16741,16554,187,0,4636,sha256:da8ee587f7641ccc01ac0ec92eb82e0335e195acb0b310f7a675f123a93ba019,sha256:939936a05452a95ad26bcbd749e02063317d071f4dceea3bb433d1e3c4911ad4,
roi2alpha3n4,published,6816,6642,0,174,1251,sha256:81c16a90b5a70fa8a476c0f98032ad9a24855d1993c3f2482b4f9682090f35ce,sha256:daca8f435b94ef5b20bdc7ae5595bc35a38d0dd85c41e284e2c6c320924746d8,
roi5alpha10n8,published,106150,105950,0,200,4665,sha256:77ed8d5fbcfb72732e2baffaf33ef4b8e0f4aa0b4fa05651804f4f19bf1a4acc,sha256:ee692ecd98690e263f5df4467556d843e3a80f804df1ce97fc7e37ed3b57074a,
roll3000,published,1166,246,492,428,2295,sha256:e8294e63174c0da015d2a5512dc112a0ad90667c4bdf81fb19cf528b93e2c06d,sha256:b06bb7284063f06e0d65fc328df2f3f056c136b590161ce321cda9fa3318637d,
rout,published,556,300,15,241,291,sha256:a79b171706740287c1c2fd3614d9dabcc7f9e9b49f8e2054f9090871e73d7115,sha256:3860bfab3f7153784a938e3d8dd1af672d29bcb17941c40a7a137bd4804e967c,
rpp22falsei,failed,,,,,,,,Invalid header line: INDICATORS
rvb-sub,published,33765,33763,0,2,225,sha256:e90334c1763cca4d87afac7b77d308094b52b11ce6e1a81e30e9b9af49951bde,sha256:976121a307b71975f5708c422266437202a730218a9faf6de52c66095824e70c,
rwth-timetable,published,923564,317079,0,606485,440134,sha256:f58e6943f2aab69597f945e16f2799a66442eba9a7651472fbcb33b1bf50ac6e,sha256:7b8bae40a33c603156b7ce6857e563d8ed8147222843345eab990734e7e0f790,
s100,published,364417,364417,0,0,14733,sha256:dae270c460e16d8b81cc8c3764ca361824cdf3caf91c0b9d8f1a5428ca0c080b,sha256:66c06c40bd124c550ce61ac23b619151db749b6e5b928c0bc5727061bf493fcb,
s1234,published,2945,2945,0,0,8418,sha256:6ac7f88e8032d4cb46abba13b921b41c64570b7578e4563308b09644f2fe43ea,sha256:a0a11ccb2958fb64e60200c7bb45b47977b8d71ab0ff536824a0e1ef253e73df,
s250r10,published,273142,273139,0,3,10962,sha256:23c2e32047b2ffb52af934ca79f94f52e842e6bff0af0d7797577c3f44e6dd0b,sha256:2f2745ae268f9c2c47e6985086c9bba51ba79522ce5d37447bd7fedda2d24b64,
s55,published,78141,78137,0,4,9892,sha256:6ea943e221e0bf31bf93596ca53f49a595e04f7eba4d0d708186429927c4d91d,sha256:fc5abf6019a1f174c093b754f06c664e651fbc79d7a46521b360e5645177473b,
s82,published,1690631,1690577,0,54,87878,sha256:7354c68e326274f5fafcb8b1899a07e63d6e42f19c114a698b425054baac1130,sha256:33b9654b46c5b0f716e31ac48e88da266610efe0b2a82619af32ec864e2cd087,
satellites2-25,published,35378,34324,0,1054,20916,sha256:54eedee5ab5637c9421de7abac0ca9aa96a473a880c2e55f1ccc2e01c05d6d88,sha256:a2ba088d3fa74e0c43f8665759ab4ad60876c8f0e20aee15f83f691970749e1d,
satellites2-40,published,35378,34324,0,1054,20916,sha256:5b6d43468b59411efe7b1849970df66049fe49e6cdb6845dc407774b4fd75890,sha256:aa566d1cc5a2473296c55aaf722b9aa0d061968ccde622683b6786eed38e7632,
satellites2-60-fs,published,35378,34324,0,1054,16516,sha256:62b982a8145229ad8c34f39cc6ec0081ce23b1b20c0eb30b8cbf2ae42a03a810,sha256:fb264f34ec96bbb3ea82f163036302293209bf0dc60e06d6c1ce454bf38ba684,
satellites3-25,published,81681,79961,0,1720,44804,sha256:231319f5394f09d01c8db7d358c014a8a8666336e6ca96b35836099526b88075,sha256:97357038e445ea202473f7c7a8b29a17a4a6593c3fa82fafe20cf7b12ae1d700,
satellites4-25,published,95637,93747,0,1890,51712,sha256:9e7a68bb808cf3a1cf0d764c1938e4c4eb5433461e249d0501384ac837fe91ab,sha256:356f31b6e8a63002c807b0c5d1811bef4446520a4d96edaefe3033e5648be087,
savsched1,published,328575,252731,0,75844,295989,sha256:f9a73eff117fde2b52cd125adf99a13776cced65fe0dfe2bbb88fb9b5f6d1c06,sha256:10a207e873f4ed22c93aafba4f91f5aa147c52b23a5ac32584b26341336be14d,
scpj4scip,published,99947,99947,0,0,1000,sha256:030c996c8503ff9d043109e6e96047e86b10e0232bcbc2e865cbc03953f56d8d,sha256:20a609fafb6a3428a6050bdbb7cbf9b6d34e518caa7e5f6b2943d3f6f4bd440f,
scpk4,published,100000,100000,0,0,2000,sha256:a0e783e80fa3b7c6794c848d8949d40d35420f8a303bbbb64843830bb8633c3d,sha256:5c843d9a1f95370f6a2168fbf46cec1ff324182596b0ffa6d39f2b3aa5ca42fc,
scpl4,published,200000,200000,0,0,2000,sha256:d3ae0360801af6fb4f4d2b18f2a28281d067bfa374db0a633f978056812f0c5e,sha256:3f43c68672075099b70cb7396b6aec86427114bcbf71ae920092dc564f0bafb4,
scpm1,published,500000,500000,0,0,5000,sha256:1eec561c3f1eed86db3e95175564a22a27e5b91a6c21f268a8a54bfbbe4b0b33,sha256:65f921a1876db627ce6079eb25e420aee5bc1e86e4803a6eb678f64b80e5ce88,
scpn2,published,1000000,1000000,0,0,5000,sha256:b7b285ea164ebcf2585a2a326ce5a3f16dd62243d6d6a9d5034314c7e7a49476,sha256:34dcda96ee8c012d4fa842dbc634abe23ec72dfac7131963056d93cf0041e0e9,
sct1,published,22886,10312,0,12574,12154,sha256:c01747f8309035170d62264d446707ebd8164892b52801213de63f508ca1e751,sha256:4592e71115af5ca2c56b40c83fc7a8a19522b83e4d209ac6b38186ed0d12aa01,
sct2,published,5885,2872,0,3013,2151,sha256:8b52545da59ae817a86ca6095f8db0910c60ef98ecfc985d4b13cd01c6ccb2f8,sha256:f5e0d4d30be5a779da3e2d3cbd8daf8fe50e61d52686c63bd6c4028aab51a41e,
sct31,published,8515,5520,0,2995,3932,sha256:2505abc831d647f6552cc9e9df0a0438032c41feb23c5fbc2f1d33b0038370b9,sha256:c9e6901a7432687e6ced3cb3f89544e076bc54672195090fe7ceebefe925fe24,
sct32,published,9767,7728,0,2039,5440,sha256:a888c2ecfce8f46aef0b0b8d44c7fc6b24fa782c3f0d0c5ab450f5652c9ff72a,sha256:d4d1aa35475712c460587ea13abea4efc246ed610bf4089f55fc988434c76f62,
sct5,published,37265,23004,0,14261,13304,sha256:17208721d51bef2d6e33b44576243e63c1e9f8122a8a999536119d499b1a9d08,sha256:a8a7128a887075f823c1d2a8a29ce585fc9a03ccdf9e80a48ab130ccf0321597,
seqsolve1,published,207665,123834,82835,996,242243,sha256:b76b8c7c46df442981f94c5d004882a717a28643c17a4d8558e391a3435bca1a,sha256:5645cc25b002c4e8c3d05d018664bc1df268ef86c04581040e468fe05a0a1ecd,
seqsolve2short4288,published,207665,123834,82835,996,242244,sha256:8e1df34e65fcfddb6693b2c69ca7691f09bc88f0356d36382a89a41c3e315349,sha256:6133baec3cde45cd630dcad3cd2a0c8a28beed4255b94c5f264dc5212df09f52,
seqsolve3short4288excess384,published,207665,123834,82835,996,242245,sha256:f2bedfb4a38ab64ab0d3cc0e3165c8f1dce26a05c6277ab305684b18d036ac5b,sha256:278da19ff930835c77a00ab0649a791bdf0e65dd670ff2abb923af2cee4b40d4,
set3-09,published,4019,1424,0,2595,3747,sha256:eca05e78ee0285ccf7361acbd0fbf033ec763f889c52defb833090c519a402c8,sha256:fb1908333dcb7c980b179760ec38eaf4eb848a0d5a679e9b3d3232e262437da0,
set3-10,published,4019,1424,0,2595,3747,sha256:8d97f57a5f0b02387d9adbbc65d7e3f2e8efcf241c34bc3655140e40cfcef8db,sha256:32141fecda62db3244b6ac5a6fae9352dc79d03dbc82878dcb6a01cd13bdc797,
set3-15,published,4019,1424,0,2595,3747,sha256:c329b7929e5936dcd5649162ff3118b08dafdc53658baec81cd861007dd76e12,sha256:1a7fbadce19727d75777a8edee62f9e777a3b7f5872d04eff05ca6d00eb1de74,
set3-16,published,4019,1424,0,2595,3747,sha256:67ab005270fd5d96a237417526d3ddcc9f508d47fb585f8beeef177d08b23591,sha256:885eedef9d3865ef053b52570be6717bfacb322d391234ad1f0bb6c12b4c1d93,
set3-20,published,4019,1424,0,2595,3747,sha256:f2231b553cce2d950ca0f8b344d2f34c600c80efca5707acac1f597aae0cbaa7,sha256:40a854381744339087aea84941f157b94b2e0545bcfbbe051cb8521d69170e6b,
seymour,published,1372,1372,0,0,4944,sha256:c8b442b2dc96dc09edc9809165e0fa5586b655c86bfcc9f2e2bd93452440d7a3,sha256:4774df24447dcf0ec2d3390f6a36034ed422300d1203c83d5f4af71ea3ccb38b,
seymour1,published,1372,451,0,921,4944,sha256:b90ac9b63629b3b9f1429579c35387ef628080e58641ad47bc9b72b7737f00bd,sha256:6023afa3af78de90e3a048c26042f365f9e4e984752320ee8dfb7227e11c7418,
shiftreg1-4,published,10008,3912,0,6096,8136,sha256:0c341715b6d14ea263ff357ed1df1a72325c2f22fa4039c74f41edffb99af963,sha256:a503413786198c443e3c35fc88348a5073881c411f955e61f8756df032ff6ffc,
shiftreg2-7,published,11404,4152,0,7252,8540,sha256:9625fa7cb7ba41285987b55132a972a68ee7ecfe8f98e1c2d581b850766d0453,sha256:2b01e6de02ee903cfb0da1374621348cef72da6cee51a6de576f3bf59bb37def,
shiftreg5-1,published,48736,10608,0,38128,31424,sha256:8efff172a2b3ac41cda6b37c603535913c9d042037f8c2c660e3802c339fec26,sha256:1f59cd29310dd9e75452fde82884a50b6dbb5024c5a7c6bcc566508ec80f3404,
shipsched,published,13594,10549,0,3045,45554,sha256:00458cadffa88d9f3291c8a727cded35c077883597006dbb4526a71667efb95e,sha256:16f1dccd452f6bffbf9e928ea9468fef23f352cb94837b6da8b3534a7a2a721a,
shipschedule3shipsi,failed,,,,,,,,Invalid header line: INDICATORS
shipschedule6shipsmixi,failed,,,,,,,,Invalid header line: INDICATORS
shipschedule8shipsmixuci,failed,,,,,,,,Invalid header line: INDICATORS
shs1014,published,444474,1296,440754,2424,134322,sha256:88188226ed630e249d050becf0d7117b062ef8f1f0f25fa10c49954c67ded80c,sha256:5deada4e3334b585c2b70c25b4af2b09eb9ba68b14b839502e13fc5f6bab357e,
shs1023,published,444625,1296,440899,2430,133944,sha256:eb85e133a0569d7b3841f8528e03bb9da83ef80b0c4cba25c03c5a1785fb496f,sha256:75f6c42f23f363dffa261f6ba7f4848c8ca5b5ce7b0c602b00b610c2270811e7,
shs1042,published,467589,864,464295,2430,133377,sha256:7515004546a99b624345fa333d4a09b069acc6b05a421a288bdc0a3f5df7e9f9,sha256:e557d7fe520e869d54a506a4158f83dd5fb30ac715391190ee6531cc91590f57,
siena1,published,13741,11775,0,1966,2220,sha256:2c03e4428a85b8e7594d41a419db9150d2c7e0ab275dd6c152e5dd0727417ed2,sha256:1d2b9c240564c940b6f5fffbf1b3ab933a51437d68a046145eb121e358ee05c7,
sing11,published,175352,165337,0,10015,105858,sha256:9ee5d65dcd5f971d6189f036e1082ec520c7d4dd555b3f95d7604d694cd90955,sha256:21a4d186e4c880be6f3120b8cddf1c12e163c43fe6004d184a3f28956b1b9518,
sing17,published,452787,432541,0,20246,266802,sha256:82215cc480f1f73164eec6c8dd160c1a118d506ef8b07ad04afcfb81cef13cad,sha256:ed7861f7b46affcd875d97c77d9001cf76358272424f1ae3395ad1586a793ed1,
sing326,published,55156,40010,0,15146,50781,sha256:b29106457eef85e90e5ebd1f90a58de595ffa25e690b28d96d752eff51519856,sha256:887413a3e795bea4c72498fd28b428389f4f311670fce9bba31e50824e6a89ff,
sing44,published,59708,43524,0,16184,54745,sha256:52461f29d6644107689d39dea3ad16a45ea3594c380849b16302638ebd705da6,sha256:928d7191b9452d5f94ce541ce25ada00a7bad36e5346f9fa3420ada01ec8c535,
sing5,published,154463,146210,0,8253,92183,sha256:32d1c6e318879a7ce6d83c4bb0e4d0f8364f011e18061318c272543c3941020d,sha256:c3161e9be40a52a0b066c058cb44a45499b6225695c96c5fc7fd03012c797263,
snip10x10-35r1budget17,published,47611,63,0,47548,213801,sha256:de8a68f0e80f19b4d29ef10fe29b75eb983f76540679bfe2a01e59508ee677f6,sha256:e42fdf813248b991a5ff4f6f882389082dc500d93d73aa6d0125dae4d3f7fc9b,
snp-02-004-104,published,228350,167,167,228016,126512,sha256:3acb4748bb708b5397ebb4d35eff907536c467c99e8789fbf23442cf107932a3,sha256:e838ff810437668aade4c57d3fcf29c561fa6b9e5e5d1b68a6e999541b0ea9cf,
snp-04-052-052,published,221438,4546,4546,212346,129662,sha256:1f3123e716102ed829634bf95913915a85a5af03eb9f36db968d6a585c589f63,sha256:63fe3391c9406e1cff83e42bc76f4ae8e875eac09b5dc722dd510267a0e05fed,
snp-06-004-052,published,328461,494,494,327473,183168,sha256:3a5189a23af5fe7ef59c03552f0d2a8ef87994d60baa2b0f872010d4e1f5c655,sha256:5edc92c9892aff7f63dda2aff032440f7530bb9e85ccbe17c277c788d6bbb02e,
snp-10-004-052,published,538777,815,815,537147,300348,sha256:97a7f68e210a94763844abc2784ae7eb176641d55044f95917f975672eb10c26,sha256:e31df9388cbfafa6cee54bb008aaf090345b161dc56c51afdf25981820e04e79,
snp-10-052-052,published,549021,11059,11059,526903,320836,sha256:0606a2ad2d4c74f48beea5cb13144a495855609611b7e6d35e5c29b351faba65,sha256:af300f9295ddef27c777515cfb299f4e94a68e90823131079a98c80f582c961c,
sorrell3,published,1024,1024,0,0,169162,sha256:5213b38f0c4cb4725bc4d0c74365b33ad5d06af8348bc5cd633fd24ca169846a,sha256:e1885174c17e19d6ca7cc63e3ea6cd9245132876ab5e251c209c5cd928ec95bc,
sorrell4,published,2048,2048,0,0,504451,sha256:3094e5cf0662d27cda99c478b924f9980a18d4615b6d9123697ef590f1b65329,sha256:5d1daff5f31117ad1f85cb5bf128dd8992e124053309c39a51ae8f4a744674d1,
sorrell7,published,2048,2048,0,0,78848,sha256:bc42bb285e48d0033bbc7be3fbac1bd0070ca9bf5a3996b23fdeb287c1f7c657,sha256:1bd9c2bcd4720c1ea0c97134bf6b90815ceb3828a8335540606a039e245c4d9c,
sorrell8,published,2046,2046,0,0,18944,sha256:abdaf880e3bb9e7a5aaeabd3e038366cd172fd3bf4baec5412dafce6c27da955,sha256:78adcd7df9f6a2f9db0fa9d87f0cdeff76639d178e8d60d0be04ea4d1c66330c,
sp150x300d,published,600,300,0,300,450,sha256:6f897a2fc2e8de1316c038f8b8d418ed76c0d4adfab174054ccb26efbe5af05e,sha256:ab98400ae7958ae9bbb796293d3b4e347f16c2b78c1a54c955a786a160b6cfc8,
sp97ar,published,14101,14101,0,0,1761,sha256:297341694e3b0745b3ba34e51cad3de78f2aa6d9aa073e6e321cbcdf7e4b4ddf,sha256:896ebe0de80ccfcfeeee0bed8bcb7acbff364c5a4ab74073aa7675e94b23f5df,
sp97ic,published,12497,12497,0,0,1033,sha256:1b9d83cba68cf7017cf247406e9a3f0d7d10c09aeec0883bb826345644eb40f4,sha256:fc0cddd9296f70425280f40301b527b9065eff4566b42690ee7789638391cdba,
sp98ar,published,15085,15085,0,0,1435,sha256:7f165b2e12d8af36e0ec86e49902535ed39d0b47e6492769679acaf4a5168c29,sha256:4f9be0bef35b531c669a4a9280a4a25a1b3f3332910ce8ace724305e31d8d467,
sp98ic,published,10894,10894,0,0,825,sha256:f58bf5093a0bea335616934041cccad013c79a5c2e234945c7a86db43aace544,sha256:caad01c3c46478b6aa1a8673dced536d144ed5031bba4c66ac930b9bb953b789,
sp98ir,published,1680,992,688,0,1531,sha256:0fdcbeddb90d3c521adaba3d8e34753a26eb5d9c93f441bf7d1ade47285c9220,sha256:d01a490a97729079a383386999c18eb79d44e60211be409a752fbfcd1983b58a,
splan1,published,1317382,90810,1978,1224594,572800,sha256:2edbf8f23599e0182451d095241565e850f301ba6a1ba68feacde7a99aaed52a,sha256:00b1cac7889c36f3511a490bb56d6d3cac7c3d1d9f1b2b8304742c0786745013,
splice1k1,published,3253,3252,1,0,6505,sha256:0a14686895c5451ba6a55fbc220cf6ac1b28de4350a6563f055945ede26397b2,sha256:614c4ce665746ff600484b78a8beaead9b85a150e7c6263e4ac2c4ce3bb3079e,
splice1k1i,failed,,,,,,,,Invalid header line: INDICATORS
square23,published,11660,11638,22,0,7887,sha256:4f7b04446b2dcb815a74dd8b5ad309c779178bead1b9535ea927f3ec8b1e8535,sha256:a6aeadfe41f79625a711d612076fff456d795c30cb0986949cf26969408924c5,
square31,published,28860,28830,30,0,19435,sha256:6aa565f10667efc24c1b5c943f36675a4ac7e5dd403a631d444a2e17249a4eee,sha256:b2741aff25addaffca6da7bb5ff4f117ac67191b25a27bc7b2425299f90d5e9f,
square37,published,49320,49284,36,0,33150,sha256:e9f23f220c85434facf565caaa3fdeca9a4191e36b5c1daebb526efbebe2a4fa,sha256:a07733f494efd9fc2aebd8673bc50f0f87ee09af732fdbed510effe1df12b9d5,
square41,published,62234,62197,37,0,40160,sha256:2f99a58ca7c243cb813f9538534b2b40e7d704c65e1a5b875f899ae27b42659c,sha256:559518e99b56e1fc6dfcb8869f5c0f88fdd58449d0a716ff5d430388fa5d09cd,
square47,published,95030,94987,43,0,61591,sha256:3e3283700f9ff7cd2a5187c603863cf2b411c72451e6fbd1519ee11283a0e9a2,sha256:ddaaf881629299a96542317beb4f9c9a028655cfc15728f5df154cefb45d5ed5,
stein15inf,published,15,15,0,0,37,sha256:30e7413c8ebf98afe68a2e5a10cd97b3ecdc638fd2b9b9ad0f753c653f99555d,sha256:fe52a35b48036e07a864ed21d98deed96334aa27e0214f5e7181159bccc70a0a,
stein45inf,published,45,45,0,0,332,sha256:873815e52fb7911f2071c8d589422f25fec1d15f8b19d2811d21e7b118ff6d19,sha256:d5af71c4958da7b1e0cb572cc54d255693b3543121488dfd1cc86c3563ce2634,
stein9inf,published,9,9,0,0,14,sha256:df3e50bf1280b0742e085746ea40b632464254b6501eb4a0c3d31a16c69f25c1,sha256:b0bd888a41d2b2c57ba7a97195326905860127b714f6dfcf973b4545d75e2d27,
stoch-vrpvrp-s5v2c8vrp-v2c8i,failed,,,,,,,,Invalid header line: INDICATORS
stockholm,published,20644,962,0,19682,57346,sha256:cbe9ae404032fe9791710ed4ebc42cccd689559cf47f3033bfe985adf5d77a83,sha256:83ec7de3a23fa9edc51498a43beafdb9402359c1bed3751b72698b058c146e52,
stp3d,published,204880,204880,0,0,159488,sha256:8cc74cde2a0f4836b337ff22dd3ad22de36466addababbdb1c4025713cdf4364,sha256:53b18053c0ac95e892ce856d9c81c20f134fa5d0bfa06d0584cb00315de9ffd3,
supportcase1,published,29999,29799,200,0,59997,sha256:91132ea5d97b9920725d8de0e85a18845789ba8bc1c1bccf6d4af8b868438ff6,sha256:99611827e8345e2717c11c8d4b2dd08622e6c840edb9ab30b4bccecb677c03f8,
supportcase10,published,14770,14770,0,0,165684,sha256:7b1a1727dc856470fb5b6e285aa9f353dd24cc7993450a4c2b5b1dbd16266ce6,sha256:01e21f54278252fc3b92a8ec09269f1a441c90dba202d4e1a1c37b23bad68415,
supportcase11,published,8066286,8066286,0,0,15270211,sha256:2f19f12961bde4db842f6ef95929ac26551015cab4b379c9cb6a676469918958,sha256:1aaafd4dd75f5da8639d6f1113e965bfc5a22927dc1aebbe8560d765efad1de7,
supportcase12,published,799616,0,200,799416,166781,sha256:e3722f2c282186b4675bcd5dd9c5152eb59a7bd36eca634f3a532ae89dd7cb32,sha256:fff65852811905f0e0ee553b902fe6de121cf730684bc8b4d5eb84a280baacef,
supportcase14,published,304,304,0,0,234,sha256:10e36e40645d9e404a781c58f1edbf75f30c5762b4b1e45285b6df423f09a399,sha256:8181eb05b6fddf1a885270c23747b1b008fc0797ae29303734af025142073845,
supportcase16,published,319,319,0,0,130,sha256:a735255fdd752108e2a5db0e294f3ea51ea29266347d23d38d065dcc91f1f196,sha256:556fc535bc695b5f234493ebad53ceb38159de1ce94c9d9698c613cdf8d1539a,
supportcase17,published,1381,732,235,414,2108,sha256:e383b79a6b3557dcde38b70dbab1a6eb0af7a8b11a6b0eb1eaf52b3e61d090fc,sha256:1abd4cf1a8c6f58f8f5109d99ce200e10a4905ff86c9f47ad57c9b2cac4f3ad7,
supportcase18,published,13410,13410,0,0,240,sha256:d89952005f3250490655238fa70120d7f1377bdc6d5798d6dc6a9dd5ed2a8ced,sha256:f591d16006fb573a404650f3562bf9a0f02e1cd11b081d0bfdabbca9bae03450,
supportcase19,published,1429098,1311292,117806,0,10713,sha256:0caea952d014a3d750e8ec312a5e948e96fc91bf352aa88a10b392dfae13d871,sha256:8643975d54f5335f7223ea85e384de173e1665e0aeca9dfaf16cb35dbb18c849,
supportcase2,published,2912,2912,0,0,597385,sha256:29595844116578f918f0ffc7fc1c4046671468e5b763c6b833208945d1cdee53,sha256:9164bcdf320488da56e51e9c507b249ace634c5e00d53ec362c57d3ea4e441fd,
supportcase20,published,903,300,0,603,903,sha256:525532b39b353777cb689f9dac556ccf99eda5b16e0892f047dd31dd7448a11d,sha256:9ff57a63b8685e4bd57a9bde58834a5605eb3ff280ee0e7288f534bdc29debaa,
supportcase21i,failed,,,,,,,,Invalid header line: INDICATORS
supportcase22,published,7129,7129,0,0,260602,sha256:f9437e0e78efd77758f96131ff44480b66aa258be0bd6d071b1bfc9739150aba,sha256:fa843339d14f408744d85c06c1f1fd9e9e17af2f6cf55e8e7ff44a1285b653d9,
supportcase23,published,24275,6250,0,18025,40502,sha256:8bb6d126e617729d48fb1681297e5f8b07109c91aac117b86fe4f4d7e517850d,sha256:4346fdf9b31e1b70b89db04b21d5c5455cef13e1423d9334f10f87f138cbb7cb,
supportcase25,published,6769,576,0,6193,6673,sha256:f0bde1ad218d15452c602c73ec8b9a1a458863598752f85208bd6a5a6ce5dc1e,sha256:a3605d6bdcf3ba57a4acd16c8a4ce3e091132b9ca3dfcd43166dfb5cda32947f,
supportcase26,published,436,396,0,40,870,sha256:9b1fb15bae8ae82671e2844c4472eb1e8f7269d2b644b2cfdc4a3387e2fad94f,sha256:041bd3c599bad644fbcd25c5b8a8e3a3cff6e8de3a8696ebe48bbcb0b8d7eca8,
supportcase27i,failed,,,,,,,,Invalid header line: INDICATORS
supportcase28i,failed,,,,,,,,Invalid header line: INDICATORS
supportcase29,published,12050,12050,0,0,12441,sha256:fdf8b738dfe78d4e99fc6d4c61d86e1cdb12d801eb75a548042ebc3fef5c7591,sha256:41f39b64c30b0a89bce2297f48902fe5ebd2ed64a59e53ef983fb5d2092445ec,
supportcase3,published,4191,4191,0,0,12702,sha256:3890b2dfce9857fe3c05d89800badd85504a36d1e41c2eb62879426d5f13d2a0,sha256:d684078a5cb14fb1539e12fd3bd349f888f73eac176349bbf42139addc980945,
supportcase30,published,1024,1024,0,0,1028,sha256:a7d4898014c361f238cb13f9ce2f7b83be97ce20e802f2839b4fd1a781fc1259,sha256:1a1d657176d33edf90cbef21fe785001c6d54df5ed31b5e1ca754bac2810208f,
supportcase31,published,488882,488760,0,122,26195,sha256:011d11f3e272e1394d05dba0fda236a1203f2c2f0a209cf6228d13a422d45177,sha256:676f3e69d31ffffa4728f1c4adc42d2d90a5a9a202f7553114bf4028b2e4f59d,
supportcase33,published,20203,20102,101,0,20489,sha256:04414175a0ae8669efb90d496de6dc65798f2b6a499ccdcdc3f0e8f1697b9da0,sha256:1f9b4b9580759bac7de1098af80546b53c9ad95843e2e38bd6a5f054727ccf0c,
supportcase34,published,17879,11196,6682,1,15170,sha256:8738ce5ea32407553f451b917cb7a65263edf3750a345320cf3c72fb49eb4d08,sha256:c25b3eab6b802f128888b1804731a89da91e3cecf96d28dcaca837161207a6c5,
supportcase35,published,12941,576,0,12365,6334,sha256:59fd8c9dd6ba7e7c0cfe7e7b00bf974ba71a2f78443012145cc7e7f99e1a7c89,sha256:afd1e2f2c377f41367294b7df47b958aa0b9b7b3db0d9c4bf5afb34186a6afef,
supportcase37,published,20047,1484,0,18563,59023,sha256:b54b7e834e4ec47e4de1a8f2526e258eeed71824c3fceab1143177e89d614958,sha256:145bd951b814743903eb0aff859db1eff02de5655b395eed41e2cf89e16c6287,
supportcase38,published,6296679,2505,0,6294174,4231124,sha256:63577c3a2854e7fc6bc8a6b991a19a53e99087cab93d33e8016b8c5cda0729b2,sha256:d03f7ea78e0ce5d68916e9043c530b600cc4e377334ad0e2e79e1be7c8be86a6,
supportcase39,published,1025,0,1024,1,16384,sha256:048bae54fd0ec01c0845273a75d86764e470cfb0a22e922401ad268a9690bb41,sha256:ab2d37eedf979bb196b1a56e8cc9de55328119ffb0077850fb289ea424c8140d,
supportcase4,published,3162,3162,0,0,9492,sha256:b48e6431e57e4c9a0101aa175d3ca5c4bdbdde9e41d9bf29e1f2aa1940ae8747,sha256:0d82e8e6fff29edebbbd4033687a587967739e4172570541179ee7d603dead98,
supportcase40,published,16440,2000,0,14440,38192,sha256:72decb56847a60bb4eeb1b448117f21738421de753df32a3578d82f29e991d3b,sha256:f9427ebbd8955ffd97e1a90d8e34a885e40569feb376fbc6c8358888a7ac6f74,
supportcase41,published,4725,2000,0,2725,28923,sha256:f4702fd968a1abe8d1514e99303cae86a5395d64cd2ef3802bc64712d37ecc12,sha256:8e10121cef7dc1eff0fae338ce17b9c9e81b71f7ad7e8bcfb33c9415465e662e,
supportcase42,published,19466,0,1026,18440,18439,sha256:bc3b2c294e5f2208ebb943f7541886caf4a5e76995ca212a6d4226596bbd60ab,sha256:f9680e5b40d10819ef4c895f1dc350ccb865b0512a6879b7d7122606ec1dd429,
supportcase43,published,209232,201,0,209031,215032,sha256:7e552c5dd9ecb547b5a6893a40d48b8699bc901c03996ae403f3cfe577827fea,sha256:1f1945149ebccf4ae95aaa91e9d7f10c011d1b1e0eec86afaf6d21206f68baa0,
supportcase6,published,130052,130051,1,0,771,sha256:085cf59e767f194440bc79d074af9bfde6773ab4ae262e8c0d0d4952c5173d56,sha256:9e3fdaa08a0b46b540b77230e5459baef30ff8ee67168ee156267eb5455ec45b,
supportcase7,published,138844,451,14,138379,6532,sha256:90890a936da6825cf0490928796b961d422b4e98f80add1188d5b7d33b6c0b04,sha256:64057fce5c7fa759c6e1c88b28367ea45eb879ebc193632066db8d4148c2df3f,
swath,published,6805,6724,0,81,884,sha256:dc23f46c7167655c44117f9b73464b371af4cfcdf82a23b21f3784b7d27bf5de,sha256:42f9a7dbf5b28e1880a23698380836b885027dcacd90efd74afd7f8a296cf911,
swath1,published,6805,2306,0,4499,884,sha256:9d506e6091be3a148283db2ddc41a676ce2abb4edc3176b4a58fbe2b0b1e5673,sha256:6cafdd1d8e388056143f347b1402f79bcf64dcd6bbae42a10315e74ea86f9390,
swath2,published,6805,2406,0,4399,884,sha256:0dce16d8220870fb708d7a098fb1d2cb1243e71617e6327df2f3c3de31b903e3,sha256:29500f95c9c9eb508771ca5ff53bd42b1648e91c4ba2b636f765b9e477a2b5be,
swath3,published,6805,2706,0,4099,884,sha256:884263dc4c4ded31f8ab6d47d78c01c03e405e718dd3c816ce904bb6b2763247,sha256:34b2715f3bf0787df26c1e9330d3f70270ec9e278f2b7b34e179c1715ceb3f59,
t11nonreg,published,4596905,4570985,8640,17280,27375,sha256:d97c5be6aa5c4c602b394c2834bc9425867b0959edd1c46204ab4db5bea8e3ea,sha256:f3e9ad011f1e54b1d07f212b86cf86f61320d6e4f3ae288e4947bedf78d544b2,
t1717,published,73885,73885,0,0,551,sha256:bedd9ee9dcc9ee7b389b5efa0d49b25e4a479ee89e887e1ab7264f428c5a4b09,sha256:8b06361c1282a96ac7f5a2647801ec566f75ecd7db0b2cf322b005a138bd2b7b,
t1722,published,36630,36630,0,0,338,sha256:270da2311ee7d320281a401328100959a20bec9c3ea8d0d7b4ca1b6d326f9772,sha256:5aba2a33f9404b158e6d2ca0ad5f497d8067c4416676eaeb4004527c66e89e4c,
ta1-UUM,published,2288,0,605,1683,439,sha256:c94be2ded2d1454011293b412ece7d8b27d3c0b50b01b81fa5798b77a2a96e50,sha256:c1c223786f2613eb08ae9eb56fbc13d320cd240bbbc4044d6aaa98f46282e688,
ta2-UUE,published,9241,1188,0,8053,2687,sha256:2120e310e4a50d87156183dd6b9793d489eb772ab1467be500ba238223aa44c6,sha256:4011cdc1432c75e1a797df860f8add596ebabc735c71b8ab74a84f983d3e7147,
tanglegram4,published,56048,56048,0,0,110404,sha256:0a8d9572eb80eb92c8206880238c543af1cb950293a8de9504dbc1f445b9892c,sha256:b9fcfad2aed336fefa4b9d5e2b67ee3b91138a047326fb6fa5a9a9c69b7ecdf7,
tanglegram6,published,9182,9182,0,0,17712,sha256:8c901bcdf77dea2d5293a52766d4c3a4e3b79e6cfd371679240ecda4cb785bc2,sha256:51836f752dcffb0e5590fe8b6d51da186e8d2cb80dfcb218b4d8b6131c3a0ff6,
tbfp-bigm,published,2406,2404,0,2,35999,sha256:56f6fcec0fc328f9bee74220b104199c61edab19d09369517a9613c6cfab38b0,sha256:6a7f1f626ffa21676863b3628ecc81b4c31b0b3d913a6521b7754c668bf2d356,
tbfp-network,published,72747,72747,0,0,2436,sha256:3b89ebc5954b47f66a831a8b8a997255cd4cf4d6f80f9792ebb818cebea2f941,sha256:3360ed2d2d9c03fa7d866e4887b0190caa0c3ee9a95c49c7587cc686c6f6a349,
thor50dday,published,106261,53131,0,53130,53360,sha256:7f5cea9f3633d82e0ed26b4c6f2396135d392f732562f5067b4bda74eb5b0762,sha256:10309547f515372a1cf9ec539bf15cfa005cbef491bab5c2906306a14eae9c44,
timtab1,published,397,77,94,226,171,sha256:4bdfd4e7355c7c7b2e891181c34a84ee04b246bd8150314d6515315657befccd,sha256:47b8bf8d15bfc84ede1c3aaea69c16326a599c1249abebc696561635e34ac870,
timtab1CUTS,published,397,77,94,226,371,sha256:153f649e0b38f4e20639f0a96fe2b2f03734270237361e1c70056f8ec06021ec,sha256:d5343c5835c4d738e46a7f264ad8597045b275b166708a890d5a4ffe3f7306ab,
tokyometro,published,4537,2496,2041,0,7719,sha256:fb7be81d2aa81be56d95a583c7c80243733e71d639a24c5d62114f108958c691,sha256:46f263b297d30a12c14ae0153d79c895e40a3eafe8bffdd43281ff38e9e42d57,
toll-like,published,2883,2883,0,0,4408,sha256:8e2b4242b4119b0aea969f3a741354d75863970c853f8b650d7d30af26e69949,sha256:d8a1fe8fd03f6cb9b91ee908cd61eb535c381fa71800057ec6e311adfaa5ab10,
tpl-tub-ss16,published,595066,570303,0,24763,901872,sha256:44d7f49eacf39f36f57000ba29cea023bf3cd3a84d6626280dba83b69cb41192,sha256:0d8ef079b0b80d4f0e57df883a1cc01a3782d05b83860ba94789d21949ae214f,
tpl-tub-ws1617,published,747601,713749,0,33852,1154615,sha256:eb6cc70769ec410ae1bf28f65e174b004c4807fbc739c25099ca6f0813d918ce,sha256:b0d77db4423b562eb7cc3b9e0b9be1c3954f6766728db3b1af2143e12d86736b,
tr12-30,published,1080,360,0,720,750,sha256:b5fc50486428e91fb84ab4f4c7b39d3157e7e3ddc6e42394b2cfd2e68d988c9c,sha256:10a8e532bab3dcaadfb3d905c43f9075ce43b90820c3a96534b91a8fa4697be9,
traininstance2,published,12890,5278,2602,5010,15603,sha256:35336fa2f90fc1b4fd8c12218e243ba6877afb28875bc1570faea378aaf25346,sha256:30b832b4cb36f21483a6773496a7fb66467e34f36e6703966a54c3d1ae23cac6,
traininstance6,published,10218,4154,2056,4008,12309,sha256:e6d6d716645ce56adbeffcbbef53a083d34ec879b70421a03ecdc08d28ad8ec8,sha256:6ac40feb1d07d3bf0ecbaae4afc4342a520da81cbd04f74e72eaca3196f85017,
transportmoment,published,9685,2456,0,7229,9616,sha256:ddcf46f983073045faa5b19c23b97a6490185dc812bec3e5f919ba8622c8a138,sha256:41322e456fb9589248b4e4fbe691b0664185fe06188575150174305c506dbc40,
trento1,published,7687,6415,0,1272,1265,sha256:75701421201e099b6d37b4cab31d3fb705c75ac51ac1c77480f53d226a1e07cc,sha256:01dabff134dc1712921c60345d8db3f3b0fcf5afad79aab9a306456ebdca21b4,
triptim1,published,30055,20456,9592,7,15706,sha256:eb3383e32f127e430505e1f0f09213b60c5cff2cc03dd386331641d2475b093b,sha256:bdced5fe28ed1856299ca7449b784dcc325e4fecf09d34aec63c4e90b20a6433,
triptim2,published,27326,20776,6543,7,14427,sha256:ceb05d56b2304553b9d46f68574088f9d265f93d204db0c80a08f3a2aa06e7d2,sha256:2b7960b18f8e040c5471210fdf2d052365a9d87125ed57d532c94cc5c6085650,
triptim4,published,27226,18537,8682,7,14361,sha256:8497fb351a6c170f8976d3dec3f3d7135904e4bfa73278d1fab263a1ac0cc9bc,sha256:ebb80d281dba36b6c4612904f5e7893e1242935618e22b04ff367bbaca73ae3c,
triptim7,published,27342,18619,8716,7,14427,sha256:4b513a4d4866bda3e89f0359e20603b3c394029ed420424734157227996a2ee1,sha256:19e63385a75b6baa1b3058e24e5179be7091821ac2d9c970be3afa0de81887f4,
triptim8,published,27342,18619,8716,7,14427,sha256:cd3ad3e13c6338a54732be82db05f5ab1d280dd68c126368ed6ca329c12fe378,sha256:ee079ee1e9f08591c44a6fc081c4ec8229056b288c7e4e1c282bcbe18dbf056c,
tw-myciel4,published,760,759,1,0,8146,sha256:22f4e802cd8d4484fd0a6a6ce095ca6ad81af83498845e60f18aff19df63f4ae,sha256:583fc62ab2cfe6d316c1addf59a5bc18ce0b365b7b7ba6efcbfbdcd8d06dd35c,
uc720-7-4-4-8,published,1405278,269009,0,1136269,4308353,sha256:3ac00f9f46e3e2b8f77cec0c324c412921fe20c1b9528ef777f306b111377da0,sha256:f53ad2067b2e24bc7ee0d7f5fa6f8cd741503aebaff81295280bdbc531d0be83,
uccase10,published,110818,16800,0,94018,196498,sha256:4c5a44d6a76bbdca967f7a640d34a491466b50891a0ac1c40679e5f381469e9b,sha256:3a086bc50a8bd0a24e564bdad474621d3ca9f8f43c74174e03b0eee8f7b65286,
uccase12,published,62529,9072,0,53457,121161,sha256:0c2521b353f311a27f2481aba7c120c642b289dd6248807720862904f87769b3,sha256:461c880a8f9088911e846f0f7678341aaefb9fc936cd623dece931616d63f867,
uccase7,published,33020,7224,0,25796,47132,sha256:41dfe698aa307c70b25c579dd79e708a3e657e4ad0b438c0075bdc5c5080c0d7,sha256:b87bde9e7c9892a9384685fd4cdba428105c9e096fa7223f18a194961c58ee2b,
uccase8,published,37413,9576,0,27837,53709,sha256:7d18896b6cd34e8d818e5dbec9e580c62c7962e263448f5ee8179b1e89d3b7e4,sha256:de0321b190c64d80ed551f248577a752f0d05cb7a237c4b7d6c8c723a689ae26,
uccase9,published,33242,8064,0,25178,49565,sha256:e4500f2cdb377d5643b59e919de852814de04b5df41c00bad8eac1e66a5c262e,sha256:14bbb366ba68de8bbfec923b94fc88597e387b60b45277ddc2e64b4fbfb4a14a,
uct-subprob,published,2256,379,0,1877,1973,sha256:3c2d3e1959b73942d358e81a973db5fadb04be551ab2f0e78332b4723a655195,sha256:9a511e3b50c8b3504fd128360e012d60437529583eeb6f1d90b3d83ec83f6a7a,
umts,published,2947,2802,72,73,4465,sha256:8681bf9f26f1f1ee22068aacdf5a048932b0ad7bfd1178527c7122a835b5a570,sha256:5e1520c4244f525aa688f24be22033c3e7f38e5282249f2a0ad1811f1dd98251,
unitcal_7,published,25755,2856,0,22899,48939,sha256:0fe62fa3e29fed03832dc584b92f4db68c652e7ec32daab39b6977fb0eb05dfa,sha256:a4cbb2d171e27818bd58178264a8b2b81b33bb1564e05a8d687abd11f227e82a,
usAbbrv-8-25_70,published,2312,1681,0,631,3291,sha256:bf667c9ba24f7b9c3b65bae67ed16bbc5acc4ecb45fc21427a13f5cb1a3865aa,sha256:897dd4ccd58a10c8d637321f639e7dd881fa7929cc35268177cc6d1a12fabf7a,
usafa,published,228648,216357,12291,0,1377561,sha256:420a3d65ba55de6b51f22881f8eb4bbb632680c46b1a5edccf6f6f4ded2ea8c0,sha256:8811294ace7a3e0343cdaa68f0e28d3bc6f772ea97fa539c1d2d90087da050c5,
v150d30-2hopcds,published,150,150,0,0,7822,sha256:547ace785c5272ff0a5c02c397efc60cbfcb7fc76350a6d9124ec311aa1c1301,sha256:d177459a938436fe1d253401d6f8e0d07ff3e5cc2a75cdeeb2db8d5a0d151478,
van,published,12481,192,0,12289,27331,sha256:6549e3443e2c8b195dc64907dd3f28e9e011767506b42cb589185475cabbc045,sha256:c856c21d8370480f934f4a74ab3e1f8463104c623a25d88aade20b7de18073c5,
var-smallemery-m6j6,published,5608,5606,0,2,13416,sha256:8ee2140abc64a4cfa7e4e0301ed5aecea685b2c6effe106e4f6eea8927d9d0ce,sha256:38af0164a1ca8fa34b3e66616ad8f8337a89b33fcb7025160fab0fcd2939ead6,
vpphard,published,51471,51471,0,0,47280,sha256:ed84babed8c99e150d103d1ab72f957f497fefae770cf8fc30c4882ea01f1adf,sha256:9c0a9dc4879b9d9db1f104f9300304342aa6ace90fdc6c2c736f60ff0c4b4c5a,
vpphard2,published,199999,199999,0,0,198450,sha256:2f23a21804a2b2e8c099dfc20cb30a631ea5a4df1ca84a1f75c7c63a73660537,sha256:ffb8e7a2e057e8d2e8e13f079db58a742eaa20b390c632efbe09b78ccc91cc45,
wachplan,published,3361,3360,1,0,1553,sha256:1324df9fb1e2d43e00ef2664afbd84b4b21db87092496e845e32dda712abdef6,sha256:18ec816a62f6353d6d8b4b583a0e8b744e92be188b48630c6208e2543ff1b8fe,
wnq-n100-mw99-14,published,10000,10000,0,0,656900,sha256:49dc716e79c94d7040f7c45c961d8aef427e9c8a7d72f36934d424b436b60db9,sha256:68c018a950ae42b271b5b0446764f60c0270ae2feaffaea1309e76afa339856f,
woodlands09,published,382147,382119,28,0,194599,sha256:de0880dca2f793ae29f86ce3ed073b265f08b29d920c513d98fa4a0346703b07,sha256:1d379851640331812fc6d2fb80c4caaf8d73010002f60fd8043588dc5d48dacc,
xmas10,published,8100,900,0,7200,9080,sha256:4269eb2a1b47ac5e508b1139ae4e59ed151b13d3463fcbd40a41d7f87b283319,sha256:74a03a4dea256fad15be648dc5adc1e5b99f846afde533ce297bc52825b6509a,
xmas10-2,published,8100,900,0,7200,8184,sha256:b0543c5966170cd7204aab868aebebe180cce17b5a9e4320026f78096b4805c0,sha256:ba7b8aa53b0d704dd23ce6c1a7224bf9a3d3e7cbbff33169892b759c94168388,
z26,published,17937,17937,0,0,850513,sha256:43b3ace8fe95928f832633cab15058a7c91863d3b3e58a860f34727da7408ac2,sha256:31368c3d0002a2b3b0e3496ead55a4ce2ef6c29059c475bb1c43692906a4c924,
zeil,published,70116,5314,0,64802,81558,sha256:5e82b8306a6c434c3e7844b1c86e09b30fd032d551845fa200354509141455c1,sha256:2c466708878301acfcaf14227f572948863552d0cb130f7896b29e7e652d8759,
