name,image,status,detail,variables,binaries,integers,continuous,constraints,instance_digest,manifest_digest,source_qplib_digest
QPLIB_0018,ghcr.io/jij-inc/ommx/v2.8/qplib:0018,published,,50,0,0,50,2,sha256:3bc0c7ea29a5a80b7554d0c5c0d0b9aa52cd09b60515b4ec435b4777c1728965,sha256:a0af15021add6404e9220c4d8a4ab2a7efd0c056be1b9990974d95d87af8cf7f,sha256:4e122ceeccc01ebc3780f638e3e8c05ad3a3e96ce26426d7c50783a06737b41d
QPLIB_0031,ghcr.io/jij-inc/ommx/v2.8/qplib:0031,published,,60,30,0,30,33,sha256:112731ed7bfd375f248df364ba96952ed7fc91405eb9a406ea6a988d11a88543,sha256:60f3b4dc12f9180e5357fea111ce237b4ee00150ddb82e21c8e51cc923932c39,sha256:abb45e99d066e665e5f7174636ac0ce4b2e8d042c915855f1907d9a9131c808d
QPLIB_0032,ghcr.io/jij-inc/ommx/v2.8/qplib:0032,published,,100,50,0,50,53,sha256:501131d65e4ace01df59295cd144d044fae615037e02710ba4062e0ae7db40ee,sha256:eef8b4255ac4cee4ab120052f622f3b317f61257206c46c66ca79a21ba507566,sha256:3cfffd5eeaa0520d5785b43bd60c96929c27f00342ef6837b528f7b95cc54046
QPLIB_0067,ghcr.io/jij-inc/ommx/v2.8/qplib:0067,published,,80,80,0,0,1,sha256:602d6240685203a28ef11d4b918ed9e114c0c5f4110f18bf5f866284b3bc4d0b,sha256:a0028ceb631df9c726c9c466ad2c64b8f642b7bfa5b07084c5765c49074520e4,sha256:874ce58281dc10d2948edd9d7c6c07c4403b61895c4c2b4becb4f2895fb2b22c
QPLIB_0343,ghcr.io/jij-inc/ommx/v2.8/qplib:0343,published,,50,0,0,50,2,sha256:46dd9136556ad4c413c5e198adbb382a8665f324ab12fe3f89ca066bc59b7101,sha256:9c1b4e07c728d62401564fd6793affdbdb7fe6a5b83106e944f9cd1c4a5d44e8,sha256:21249b60454f5667b08080f7e1403f145e4f7afd33290efac8e603f8090d36dd
QPLIB_0633,ghcr.io/jij-inc/ommx/v2.8/qplib:0633,published,,75,75,0,0,2,sha256:e2f8ac4875a4542d339e3bca75dff46be78c410e14d2d542bead4a5ff025e911,sha256:0d78ae3aeacdae0088aa7e598f94eb6d6d2173771a48dad3be6c5e0c9e208223,sha256:fb2223b3747cb0fbbf31f86e31ee9a3f93e941d5af8e2c27d28c5164074ab725
QPLIB_0678,ghcr.io/jij-inc/ommx/v2.8/qplib:0678,published,,15137,9600,0,5537,14914,sha256:95663ab965a7f31f211532b74ebfbe35e426e2d08d48cef7ef151c45c18b0e4f,sha256:1db02c1c00e513f541d50ef5b4123c4aa4daf7573731a5b7b25a43d6f159d523,sha256:7814d4e9d95aeadc7f861ef0242cf9ca16ba3c5b8254eb5d07346dca00b286f6
QPLIB_0681,ghcr.io/jij-inc/ommx/v2.8/qplib:0681,published,,215,72,0,143,538,sha256:ed7088f941737d3422c4680c1cc09603a51df90843ba06069abc3e21270af21f,sha256:57fce2590ba6f6298c49e70ee1d6c3dbc60197f74c0f4d2641ae824d0cedaf22,sha256:a33e215cb02680c41bb9a0e50b146c65c5f4c5e4e20b322228302a93cb35d449
QPLIB_0682,ghcr.io/jij-inc/ommx/v2.8/qplib:0682,published,,261,71,0,190,716,sha256:19dcc17131a1e9f92243faf7411f9af736d3a33e970eaca3b7015def2ee2d2a3,sha256:8c585728bea29cf4625dc495ed1fe93b19d40eddf46b6557d1bddc8ee04f6c82,sha256:232d27e3b95ef819b1acb2bd3283f7ba651611a0516fed5773e4281f4be1ddaa
QPLIB_0684,ghcr.io/jij-inc/ommx/v2.8/qplib:0684,published,,361,101,0,260,1102,sha256:059de52ba50b8b11f71800fbdf4f6fd359664676a6a7df397e9db13f26e46a20,sha256:7874b9d051cf4b548a2a31ad0f451db26e8021611ada7585cd7aded4bfe5a5cd,sha256:244c3c5064f4fcb36ad56199799aeda79d076dc44713dbdd21e58ea0f51f320a
QPLIB_0685,ghcr.io/jij-inc/ommx/v2.8/qplib:0685,published,,775,256,0,519,2058,sha256:8992beed8417eb8bd1cb3e57e6c51e5cc906d726dd74e1e4c043a773ee7569d7,sha256:20ac98e25436ca192a9b8b5d3f7a72bb08458df1a81e5ad404f16d5be8b7baf5,sha256:fe782ae68066aedda20970f163bbc3603229ce82772ee776723800831be6d7d7
QPLIB_0686,ghcr.io/jij-inc/ommx/v2.8/qplib:0686,published,,2204,692,0,1512,5900,sha256:7838e7da9a1fec4a38a9c29de3006557285d9ca7b1c0d0a540ba739fa6c351c3,sha256:ad2ec0fc5fe65ddc295f1dd6bb79bf2871328d016cc35e463a59b90a2b305927,sha256:c9e91cc9d6ea8876a9526a12e5cba7a6748ccb7b687a8f57bdf1002be4a27fb5
QPLIB_0687,ghcr.io/jij-inc/ommx/v2.8/qplib:0687,published,,2323,672,0,1651,6654,sha256:df5404272144908506bf2532f8cb977aba3ab1848e61716d6c9b254d7002da3e,sha256:4446d5ca6630c993695d4beab07c0912a1f9288468ccb7704fb2e3ac53ab25b1,sha256:f6394bb02f0a54605dd7007ee3efb258e3637a84676a12f902ca2024e203eef0
QPLIB_0688,ghcr.io/jij-inc/ommx/v2.8/qplib:0688,published,,5788,1964,0,3824,24028,sha256:ad96344f32e2c6b861c6daff11ab0a915e20971182db1e8bddc375d2fbc412b6,sha256:2867dddefcf1881ae4b60150c053fc986729791ba4a1ce2adeaae7549858259a,sha256:1285d8f5a0aca9064a8b6c89b42dea94f238ff187a7e74aab2031b61647694af
QPLIB_0689,ghcr.io/jij-inc/ommx/v2.8/qplib:0689,published,,1868,756,0,1112,10444,sha256:e2f005208d86b3fc0e1f50e3dcffe04561e736c45b113d824afecd11c745386d,sha256:23ea00585e9baa22ec5486de3e4d704c9e130624293ad43ef764247b381b942a,sha256:30759e35ba4948217bcde00c18ef96f0158a9d78f012dd73e8540f9b7fa9ab2b
QPLIB_0690,ghcr.io/jij-inc/ommx/v2.8/qplib:0690,published,,16476,6428,0,10048,119220,sha256:9d78b10e839e0da42bb9cdb94ef245d4bce7c32d4f05e966f3ae11921c41d67b,sha256:e6e3b773760639817a2eb505fdf500f927a8013a82e3e24b36b22f37d7cd5da1,sha256:8f8f83ae70a03f7ff4f328088535b08ad1dfde29e65a7d237cd6ef23c1461eec
QPLIB_0696,ghcr.io/jij-inc/ommx/v2.8/qplib:0696,published,,394,187,0,207,463,sha256:6a4ae4b75cd77554a69d81c3043bf3e5de81e4575f233c046c21b333f83309c8,sha256:48b018c0aa4d4a82e02f3ebbbabb40351e6623a8de5fd82b3b0d9b51817ddea1,sha256:b462667e75e1c39f70076b625b587411e83446523bb48850ec8333c49aedd715
QPLIB_0698,ghcr.io/jij-inc/ommx/v2.8/qplib:0698,published,,118,55,0,63,157,sha256:fac478ad6fb99a810d50c62424da7aa510d64f33e28caeb7e29c7c121b49fa48,sha256:c360d1df8116fa068e494d71478c90cb207887d6364bf01e7591331227da5b8a,sha256:bb7a534bf0b31fde58558f97af2b913565e660866a4e616a84afdc33c5a8a773
QPLIB_0752,ghcr.io/jij-inc/ommx/v2.8/qplib:0752,published,,250,250,0,0,1,sha256:4057b1ed6202eb344dd2ace04948bce73d3cead0e14f5f2dbe3bcdfef80a6f89,sha256:fac5c1aaaa50a82df0d81d8232f8ec63166e28e2206c7216890a0923e2717a08,sha256:c7494e773873fa49bc19d0bd40b4326836fb5deba8c7cca7b082ebe3b67d3682
QPLIB_0911,ghcr.io/jij-inc/ommx/v2.8/qplib:0911,published,,50,0,0,50,50,sha256:883ead051acd5a7397850a2e0dda0dbada2d4434bd401598b0f1df03b2ffa696,sha256:a30e6291d8881c1f40808d79b7d7d8390257c944bfdfe186c2382c1982a87709,sha256:80188bfdacb5f7375c8dc6ab414b18e1ee75f7c587398634291db8d15ae14582
QPLIB_0975,ghcr.io/jij-inc/ommx/v2.8/qplib:0975,published,,50,0,0,50,10,sha256:77cd837da22e2322a40571a8b672c06af69f31b0efa7257c0067d6e7b0736a35,sha256:a3eb5154c7193cfd707c1140492701a5e20e04a48e451beeffb39c70d935a6f3,sha256:fe97be580b7f45de3a6935727093153228bb6c9fb72a73348ae885085fbaab9d
QPLIB_10001,ghcr.io/jij-inc/ommx/v2.8/qplib:10001,published,,485,426,0,59,297,sha256:3e45d4984cfe94c6d9168d36c2805583504c7bfa9c2c88e67f09144f66bb4c61,sha256:b960f344aee582aa9cb7b12829d413e02ae2479603a2bca40443c7844c6b85f9,sha256:a463c40dbe4051e760508cda7241a8d705f3d529e75437878695fa9c806e5e4a
QPLIB_10002,ghcr.io/jij-inc/ommx/v2.8/qplib:10002,published,,485,426,0,59,297,sha256:f682cf1a2175cdb5c2bb4c8e3657931037fe5f8ec8fb269e74d21ac6593838a9,sha256:5765ecca99137e2c54f17707a45511fe659774e7766a31c77f3064351f3f7a0b,sha256:398b7f387a5b0e6f322e5724d2036e12471dd49c5149f6740f299e4023518df3
QPLIB_10003,ghcr.io/jij-inc/ommx/v2.8/qplib:10003,published,,1058,999,0,59,868,sha256:9c6ae4178bce45d1975fa8d0f7f22ea2a564df98034ed680f20e1fdb21616699,sha256:e5d6f9a80426c54a89990dbd72306aaae7714a136bcac141eb5f3536e049a3fb,sha256:d414589e5aaa0a44093c3d785d09f45286e5381ccfa3838920781ecc9f7ce79d
QPLIB_10004,ghcr.io/jij-inc/ommx/v2.8/qplib:10004,published,,400,150,0,250,102,sha256:b8b93eee03e0b83a8bad3befb1029c922369528585f7d1705fe97e1177427c30,sha256:55c41f8decaea362cd22e813a9d6021bc548da7041944118b6d36608d238419a,sha256:bcdbb1359dc7b9bab0cd2cef28a1c4a6a41b40dc04f6430cf7e839db81326e0e
QPLIB_10005,ghcr.io/jij-inc/ommx/v2.8/qplib:10005,published,,2000,1000,0,1000,795,sha256:1b088ce5ee232e9693956c8b82292d1ad687de5fcf0ece21995b7e46a09fb0c3,sha256:d0fd65a7ad6d3f6f467792d681778574fb656cff28a4d7dd364c5445efe85f30,sha256:e2b9bdb8fa4af20bc9e1dd42f57dfdce2b931be6e12c57e6e0800f0f7c7ba30c
QPLIB_10006,ghcr.io/jij-inc/ommx/v2.8/qplib:10006,published,,3125,1875,0,1250,1491,sha256:114bb577c662e46001be5e848e69aa3aca12f7cf9adf9682740ca2ec07c35ee3,sha256:35a9a3a05310bdda937094f935a0c820cd137fd1b414fe0f49582f80a3e6eef1,sha256:3e55f786dab51636ef373a7b9be0b174abf9f6c241d36dd553d0d4b5bfffcfa3
QPLIB_10007,ghcr.io/jij-inc/ommx/v2.8/qplib:10007,published,,4375,2625,0,1750,2088,sha256:583e65287a09b651e541a72f9456908fa391c1ccac657b6b9e503372c36cae5f,sha256:a2e38c99f2cc4698c4dd4cdaee3e5bc494836117b445a66593a7fda1033865c3,sha256:feadd10b34170c4bafc6a2c2640b0c3e64708a6562aa15d8272bdf578dee01cf
QPLIB_10008,ghcr.io/jij-inc/ommx/v2.8/qplib:10008,published,,845,713,0,132,417,sha256:b24fd5ab45827f6bed342ea9fef095e409b48ce6291e505b820d746ae1db132e,sha256:4271fb22a5def4ec95f59cfbf1dceccbbc2b650aebb3d9a9d750312b10f68a04,sha256:9745f7003d148f91d053927dc385aab3ee14d0d495c86ca70501cefce5f1386b
QPLIB_10009,ghcr.io/jij-inc/ommx/v2.8/qplib:10009,published,,605,473,0,132,247,sha256:95554a33a183f921868c42dc997e00d5a56585ef359357709a610e44c2303aac,sha256:d3642b37884a0eb75199209dc288327b7e55cec554e01afad7e394180aa9f816,sha256:cd3708f64eea9e2ca07909a5ce0c4cfce5f86a69451a49a6f70a160578d4b053
QPLIB_10010,ghcr.io/jij-inc/ommx/v2.8/qplib:10010,published,,269,262,0,7,148,sha256:61226604ab2c8a50a46dfdc61b1a660683f7d17c12502ab75a789556ca0562fb,sha256:ee57a73ec515bf890928f858cd342e4028c50f66170706de3ba9c3d2aa64734e,sha256:642f7ab7a526a58a14c4144bdab5e902d9bc5cccdac0a10cf27722a76a685b96
QPLIB_10011,ghcr.io/jij-inc/ommx/v2.8/qplib:10011,published,,1390,1258,0,132,874,sha256:2213a16f53624d0033ddb11bf2af3a7360cd8073c43a052bdf37529c7549472d,sha256:12286749646443c1d955b9e08d3f7482d08ddd3b3d80227fc1cf6c34049ff520,sha256:5d307dcab8fef7d3b40010d5bb5ea2980fadfffd2f55d54f4369b129d142334a
QPLIB_10012,ghcr.io/jij-inc/ommx/v2.8/qplib:10012,published,,967,835,0,132,539,sha256:eb010ba0d180fa6da8196cd6128f35e6171baf740e8a31fddfc1554d98c6ff6b,sha256:2b165b264f81478e6952c8cc0905bab42849403a9f050aa1dfdcf590d492c360,sha256:44e40511b545e5ce6d26deab4648b14a53f29bfd5d70ecbb61f2ba935e4758b5
QPLIB_10013,ghcr.io/jij-inc/ommx/v2.8/qplib:10013,published,,21706,3600,0,18106,67368,sha256:f69134c475b42132d9d9b1e31e16ffcd98a56f70bcf550c8b5cd825ff09d29e7,sha256:d96cf2e6e9b3f4f8d031c5a3d3e26c38d648056a758d8137cb904c862115be45,sha256:e418508785844afb7a0c0a228923f3ede9eb2706bd7d6b0eea6dd856b6a126af
QPLIB_10014,ghcr.io/jij-inc/ommx/v2.8/qplib:10014,published,,21713,3600,0,18113,67248,sha256:a5b579ce08a5b26c322d3e5373b44853cd2f17d645c0e666b3db76526e034ce4,sha256:a91925fbe8257e884b4776aab84f4973d13b4c7f72a8dde804079f537d1abc30,sha256:0de0a5d951f0e9d4685abb472a01324d4b4b03aa5543f7a1e6564034a0502b6b
QPLIB_10015,ghcr.io/jij-inc/ommx/v2.8/qplib:10015,published,,27127,3600,0,23527,63163,sha256:14638ba6ab9b592ad71865c28d0e8c49b82961d0785addbba602f6b13d604a8d,sha256:64669320e628bf5ce04601e2790ddacdc28afb3c126d15eef90e6a3d8d6ba226,sha256:a8f5936112f02b36dfdbaf5d916713f44cdca2b8894b7bacdcf2341eee4a3bbd
QPLIB_10016,ghcr.io/jij-inc/ommx/v2.8/qplib:10016,published,,27124,3600,0,23524,63472,sha256:08458356ab95bb18352fe62ac508329999e06452895924e8ae5d3abdc44f84ca,sha256:dd3586518adda081282cb57a70913784b953e5e085d572ce039ecac23003bef8,sha256:91aeed30b633872e95401f792012b708a5ab4afdb0694be89f5d975a77998a42
QPLIB_10017,ghcr.io/jij-inc/ommx/v2.8/qplib:10017,published,,28949,4800,0,24149,89608,sha256:bef61281b6c6ecd5a6fc8807bd37d8493609e0df7bbc6b6a8af9ff2fbaab0a8c,sha256:cc53366fb2eacfe8d85dc47c7f1afdffbb9aab49750c619a30dd5b5de110e235,sha256:1bf1d7f6292baead4ca6d6dc9a5396714df47495d08440562fa1f5bc862acc9c
QPLIB_10018,ghcr.io/jij-inc/ommx/v2.8/qplib:10018,published,,28945,4800,0,24145,90439,sha256:aa2a115fa899a5c501e2db66cc40187cfb485e23bebe12999f98eacb42b8651b,sha256:05eeda1020797a0bcd36a3a0d152ff10f18775ad67158e8300a6e2620e87301e,sha256:fb782ff8426e2373f9030b76da37fd56128ae34da41c3dd4b4393f14bd0c6017
QPLIB_10019,ghcr.io/jij-inc/ommx/v2.8/qplib:10019,published,,36170,4800,0,31370,83918,sha256:aa719d6db5e558fd18de933cc02c80311a3fc55ed92021c06bcc570c11bbbfb8,sha256:f92da685daf00e1e49c569fa92ab97d0835fdda532eec6fc1751cb94a3288638,sha256:b2f7575c8588b7ac295380c45c2468b3b2253e11bb8b4562a92ab09b77a6c84a
QPLIB_10020,ghcr.io/jij-inc/ommx/v2.8/qplib:10020,published,,36172,4800,0,31372,84367,sha256:d1b69dcfef0e09f45402139169884da58eb9eca6100692be5c892a99c7d741da,sha256:b3f5cbe686c98886dd65f74c66d0db99f1da0da33ae82d18917b78daf554dc46,sha256:7e50e7282d5cebdde840ceeca2f0d811faa72a03e85be0cbc01a2979c0f7262c
QPLIB_10021,ghcr.io/jij-inc/ommx/v2.8/qplib:10021,published,,15000,3000,0,12000,18310,sha256:3ad0585643dac19a57755e6edfac05381b7b1e54e43b8c6b1b5ef3470fa56788,sha256:9d9e59fbb43fc4bb9b847cf7f4b3519ef1c6271453db7a8b9f74f1d95bad3dba,sha256:b12e8d08d09a54aff37af1420582a1c2fac2b2c43a5e4b13407e32b4121dee9f
QPLIB_10022,ghcr.io/jij-inc/ommx/v2.8/qplib:10022,published,,15000,3000,0,12000,18310,sha256:e7165ff4e0c179d01c53be44f816a2de10c5d75e4432c2660b0d3a2066d127db,sha256:9ca2e9b68715930d1526bef343fb3cea42b97a78574e83ab20a10ff0713dd58e,sha256:f13f009f86714b4259e1bea2cc21015c09fa1ef78bb4523cddd24115e7af41f9
QPLIB_10023,ghcr.io/jij-inc/ommx/v2.8/qplib:10023,published,,15000,3000,0,12000,18310,sha256:1248249439aa5227e35ec960249c6b5587b85a842242a79d79fd1c3bc73bae6c,sha256:7a52bf341688444617d18b1c73495476f3900217ef94c2be4419a743ada7f468,sha256:c3e953cefcd4c09ac1dfd67f68acc796cf79b9955df60cd082c36ffd3a8be237
QPLIB_10024,ghcr.io/jij-inc/ommx/v2.8/qplib:10024,published,,15000,3000,0,12000,18178,sha256:75770b3b2a94fc1261f23d0917c2cd2007c9fa25ebe272846f37718e8fde22a4,sha256:675b4c449cad5f3a18ee40b060eb171158923461ea40900c4e9efb58455aedec,sha256:4febea0b4197c92168688ac979d189fa87de9c47237658461021113863bf1367
QPLIB_10025,ghcr.io/jij-inc/ommx/v2.8/qplib:10025,published,,2000,400,0,1600,2804,sha256:782be272ecdec7aad73b5637192be317dcd6aaa0d72347c3152f67ce77d2da4a,sha256:5cefb8c32c85b40a76a4075b9e9c8d5dadc0fe55415de72d4e121eb6a38a15ca,sha256:4bde358d4f6560bda7644cbb5e941b0e99eb0719c4ba25ccfe9f7135af4ab59c
QPLIB_10026,ghcr.io/jij-inc/ommx/v2.8/qplib:10026,published,,2000,400,0,1600,2804,sha256:86a1755bc6edd8b1706f12e7dd9d4ff04cc4896fda2fd61c250ecf0aec3f8756,sha256:62d12eb5e74e73d4349e5bad3ab85503f68f5c386987eeae45d62c6beda83332,sha256:ae901390c2380ef56bbe0708905f5221a87b5322147acc84171bbc45de29d6c7
QPLIB_10027,ghcr.io/jij-inc/ommx/v2.8/qplib:10027,published,,2000,400,0,1600,2804,sha256:ee16604becc4b0937ec4704833f6f1da1b2090a7fab8eedd23dd1d3403694440,sha256:45c7a1822bb56579f425ec43386c1ac1f7cc6b2b1f1a2066e2b6ae7c63e39fa1,sha256:42d5eefbaaebca5707678e6207219ec55b48419449c3546c1f0dd6252e6ba264
QPLIB_10028,ghcr.io/jij-inc/ommx/v2.8/qplib:10028,published,,2000,400,0,1600,2804,sha256:ce4e58400655c9617c97e36e31d0dc82427e5a291c490cc514f4916223a38c9d,sha256:93f4dd42e135a1ac9a617f9c32ea303afcf7e44829e43b5718ae612cef4f47ff,sha256:11d1ae0ac446cfac3510a0e6665122888ecece1c80c231c9b06777850be3fcb0
QPLIB_10029,ghcr.io/jij-inc/ommx/v2.8/qplib:10029,published,,2000,400,0,1600,2804,sha256:579d853a16c36f34569bc77d50ff46c5bf6df2e8c2ab65958471a8d98bc33511,sha256:3840a2cfdda68dbc4e5a051188565ceea30a0168dd3e14e26ce1920b9b80e3c5,sha256:df9f0d150a6f7598c53972e0e2aa2a71c706e69da2bb0f513e3e0a03e772c0c0
QPLIB_10030,ghcr.io/jij-inc/ommx/v2.8/qplib:10030,published,,15000,3000,0,12000,18002,sha256:d7eb54e8443ab4e790c271561e0dcbf685f4b423583b1ceb1d046590737c8acf,sha256:9d8af26b863a615390301bc30da9763593de3737ddc74735f4880d91908485d2,sha256:3fa6339941c9030542dd84de49136b8f00d8266e7bac1761f833b59490aa9236
QPLIB_10031,ghcr.io/jij-inc/ommx/v2.8/qplib:10031,published,,15000,3000,0,12000,18002,sha256:115786780b264196b3b6a981efb3a14885c3f607e50131f471b3d3cafd9c3a5f,sha256:49c93dcf79fdb41a821ed48090dbdebf7d789fca59759182702f02851bba38e0,sha256:225595bbcc698c1f2c8d61a8b92b2ef42e34143a6ffccf668464cd43976c5a49
QPLIB_10032,ghcr.io/jij-inc/ommx/v2.8/qplib:10032,published,,15000,3000,0,12000,18002,sha256:f9940e7fae01f51f7a5d2cef013ffd85aa2844ada0e72b04cc0767f3ef28e7f2,sha256:32aa0ceacc8357eb8a82c83f6c7dde98e192a2a892dc4628c7f5583ca2f5ee6e,sha256:52c30e6bed60c172314d56a1d18a347cab34b24a28935d5a3802a670451e9288
QPLIB_10033,ghcr.io/jij-inc/ommx/v2.8/qplib:10033,published,,15000,3000,0,12000,18002,sha256:d93ba75b04c3233f95e295ea3ee8c98adbb7c293968d70f4c8b98081759d75e2,sha256:7f2e621685625df8d2e2992c86bd888ea9f0c4b9da8c7fa72d394089a7ab6ac4,sha256:94ae283469948ca6687150d8779dde805019442bf31fecbeff3df2933eaf3062
QPLIB_10034,ghcr.io/jij-inc/ommx/v2.8/qplib:10034,published,,40400,0,0,40400,80400,sha256:5786ecd7ab2b8f979658d1400b935489d2c001673df4faea85d56ce0ddb54d45,sha256:39730c5beb376c35378cdfff9060b6d25ab4573616d18fd9ad78a87d045fe180,sha256:d5adc2d674eff19adf9f081efd65f154b46c9ac85844ea61fbbdea0177ecbba2
QPLIB_10035,ghcr.io/jij-inc/ommx/v2.8/qplib:10035,published,,40401,0,0,40401,80401,sha256:dbdc8e544173f05f6997ed61336f6f93e56e864bc1a4fa8545b0935f546b6fa8,sha256:ba4d04bcf3023cbb32bea90a0c8094b65656ee1bba100e16148daf1ae52053b0,sha256:ba56be8b6595b1bfbd6e1982826b6917da0aeef219ff18446d8fc23eaadb8e73
QPLIB_10036,ghcr.io/jij-inc/ommx/v2.8/qplib:10036,published,,40401,0,0,40401,80401,sha256:dfee294755d7ef1a13c64af80c3707cabd14b3f76233a97379b8ec78750decc4,sha256:8f585b81967715a0ca2722b21ad6f0cf4448628a07273ba876a66d9f8a1e5873,sha256:8942d9b3230caaa56ce5ad505c6f9968e80d0cbc1c18507544d457ea0cf11225
QPLIB_10037,ghcr.io/jij-inc/ommx/v2.8/qplib:10037,published,,40401,0,0,40401,80401,sha256:45bf029159aa4846c2c59f6f9f6b3785156aa0bc8c05059af2468b6108f0e1a1,sha256:1d4cc87cae86c2146d7377881fac65de7a7a86c3e9478211685e9ff50ac24dcb,sha256:0c5cc949fbd3363e22b28e675711c14ff845231bd7fc93d2646b99676abdbabe
QPLIB_10038,ghcr.io/jij-inc/ommx/v2.8/qplib:10038,published,,160800,0,0,160800,320800,sha256:71effe19fcfe5c78bc0e6495ca3b14da8504b0ed20f8d54e7aae591e575d0b61,sha256:91e2d9140c063801c66436d7698ea9a9f026a7368cca326ae5a2005177ecf760,sha256:266a46cad0f274f9e2bf319d4a5f95d795f9ece45c94788f662fa3d5635ad9b6
QPLIB_10039,ghcr.io/jij-inc/ommx/v2.8/qplib:10039,published,,12097,0,0,12097,23810,sha256:568e9cbd33a5787a9f1b59be5b23f888cb7458fcc8bf8eb24c6518773fff2df3,sha256:e95e70ace38c71ce4721e21299b0978ed5314ac6b0341ae403ef77e515b7545f,sha256:8ecbeb5a0e8511410147b06b51ce4698f5dd4813db69d251e75db56f36a9717c
QPLIB_10040,ghcr.io/jij-inc/ommx/v2.8/qplib:10040,published,,125,125,0,0,6,sha256:89255ca92901ce75cd9ac3f0b8296a3dbf213cc65a4c4eadc4a8585dcb318b69,sha256:6795aa7d59dc47dbd3ccaa15accea67e4802e8809a34bfc2bf740c1648493750,sha256:8979a62e125ca08e01d4884a4a9a9b170223b35635ed368d06cfb537d5d4c452
QPLIB_10041,ghcr.io/jij-inc/ommx/v2.8/qplib:10041,published,,125,125,0,0,6,sha256:686fb5ba8614e2cfb7b3e7adb02dd48d85e8597a43666bc4a19aee68f0fbe735,sha256:d13f36fff89edeb27d331d7edbc765eec18852ad243c5deace7cd12a05a76d82,sha256:e81b385ef07c01d8eeb55ca13e9a7c0c7f297e61e144e1a250a48e0bedfcd29c
QPLIB_10042,ghcr.io/jij-inc/ommx/v2.8/qplib:10042,published,,125,125,0,0,5,sha256:2626710281f14284d132135b950490e3c7f960b36624d03ad84d760b7900ccd3,sha256:c2957d043aa984de1e957093ffb445b483bfdf55d85002b74c2a2aeec97f2be7,sha256:49f589de7c364c324461762e7cc2ee83d61c060bf82b2e9882771cd6fc39791d
QPLIB_10043,ghcr.io/jij-inc/ommx/v2.8/qplib:10043,published,,150,150,0,0,10,sha256:4142c38adb0f812bb7d6bccb32328e31a93e90383ae9b47922b8d1e614ade209,sha256:f8e3d3059f827818a897ae7f8c57dd1017271d6cd8e131b1284f71e3cedeaa73,sha256:f38112b5567c5653f73e583b627fc6498ee6ae08a8e558407df38de80a05c147
QPLIB_10044,ghcr.io/jij-inc/ommx/v2.8/qplib:10044,published,,150,150,0,0,6,sha256:d9978c98e07d5f70d5bf65e6d211c4ad61f8131a81a5bafc0aa125599f70fa34,sha256:2638b02ae8c6f79449bf214e36c17cd59c26aa9da41e737e06b7d6e18e3ea048,sha256:0bb31fb5a410e2feb477399cced3dd665c6bfb4a8cb35a01403ad7a312ab6f44
QPLIB_10045,ghcr.io/jij-inc/ommx/v2.8/qplib:10045,published,,150,150,0,0,10,sha256:cb21da42bad550e82b2ed74ba24173838c67ccb952a78e0da84c6fdc8cfc85a5,sha256:f3ca6e71e814b3f7084a062b428d0f4f1b7ed22af0eaa0365b07dc5e56fb24d0,sha256:44c9263b343e53e8ffc6187d7bad724067143668aedb57acf4fd6a3367cb0ea6
QPLIB_10046,ghcr.io/jij-inc/ommx/v2.8/qplib:10046,published,,150,150,0,0,6,sha256:1208f8830d389bfb0c3a675bfb8939c7543dcc17fe8f83da9dba8c38eb75171c,sha256:aaeb553e12d2028e7ee46b56e1d6afb76c969716f92a5efca4960166ac55dcfc,sha256:d860b24702af617ae2a19e697d0a8e233538500ac09c3c122607f34cf46777c9
QPLIB_10047,ghcr.io/jij-inc/ommx/v2.8/qplib:10047,published,,150,150,0,0,10,sha256:21481baba296e99c25ad8682b6818c38d152cd2fc4c434d38fac2d41fa2893a1,sha256:0358422c8f65fa9133d079b53ab7e4e88b0dc8263edd430607a47302c9b14f5f,sha256:daab682847c573a0c3a5e85de59802e74a1f129f32aa84822558b0ceb9ef6547
QPLIB_10048,ghcr.io/jij-inc/ommx/v2.8/qplib:10048,published,,150,150,0,0,5,sha256:c549da5ecb7986651c12d04c8d2016b6dbe644dc2863e9ba362f5c79cc59d9b3,sha256:20242d45d7ec69fdc1cf63b870e1a3671552cd23dd8514969815d1467a6e7379,sha256:e8dddd972af66210d2ceaf94baed3491f7a4aac98961cea0b8375dcb870fdb6d
QPLIB_10049,ghcr.io/jij-inc/ommx/v2.8/qplib:10049,published,,150,150,0,0,10,sha256:a97b8a6895101352e3c69982be6e9f4a52210fa4ed9cbe48da0c0c2608565bb1,sha256:94669ef151908758718330d959f0f778f36000f3e9dd3cd958146b776b258226,sha256:da01d5e7bb4599b877dbcbe150467e08720bd5d6918564b26b6364eb03067e5c
QPLIB_10050,ghcr.io/jij-inc/ommx/v2.8/qplib:10050,published,,150,150,0,0,5,sha256:3fc7558284936809a6e29ef1d57be8fe49c5526fde28bc3ea11a945755cd49e4,sha256:af3c538ea8840d6680eded09c0592f94f10de39dc845d07675bba2b72d9bc8fa,sha256:6cb0208f5dca368308a6038885ce7e6fef0c572484536a535ec1bfac22a657ab
QPLIB_10051,ghcr.io/jij-inc/ommx/v2.8/qplib:10051,published,,150,150,0,0,10,sha256:f1b05eaf50a22a8f7450c757852fa2a6f5ea93bb39dec3099d2c2f9ca9353425,sha256:64b5e2e2141b8cc8164f5565354e0e3e6cde5f2c351a9c8ac2d9a6e0abe6d790,sha256:7e9bb978da1f47568ab0732a29a4e2b02be2d5317ac309f605f2087f332f019c
QPLIB_10052,ghcr.io/jij-inc/ommx/v2.8/qplib:10052,published,,150,150,0,0,6,sha256:c998218aa748018f9c25877477b49363cbe02e2da21484f806a8b5aacdea8635,sha256:77d3a97bc8cbb874daeb77b7622e8e766332a9e15ec300f37cdea2c95393e962,sha256:264b04f9804c2869fc68b6a507abd9008d00e9b6f92439bc08ecba667412c859
QPLIB_10053,ghcr.io/jij-inc/ommx/v2.8/qplib:10053,published,,150,150,0,0,10,sha256:1f3b4026af5572a908e31f39b3a1a9fb31526bc9cb919889185305afda3a9b61,sha256:d354b61ef4f2636287fdd03ae4a3786abb26a04de035f67829111760242e73c4,sha256:c2a5a690959239bce73e8722ea7db6c7639250748f53d8630094a15d786f92b5
QPLIB_10054,ghcr.io/jij-inc/ommx/v2.8/qplib:10054,published,,175,175,0,0,11,sha256:d87667e97bb6861b8834be16c148516c4cd4e46685a61273911cac7816dd22d3,sha256:9db5b9e36fb9dbd7e9c5bdd91e67ee2b4e7c2c3b9134955c06ccf46fab4684e3,sha256:a60f3bf3cd0a5a8ac96537e1557c79961114de2d4c9812ed9dee398ebf66263e
QPLIB_10055,ghcr.io/jij-inc/ommx/v2.8/qplib:10055,published,,175,175,0,0,5,sha256:d90f5037202b8aa3691d842507be337ec96bcce8eb5343a8e53bce64d5516c5e,sha256:df5207b8d2f67acc6bc4a6094d46040ea81e74161ac61654f37fc0879a69d616,sha256:0a712d82763c6c5911ecac740e5047d7ddb7b830502fb2896934358e4d0f1a16
QPLIB_10056,ghcr.io/jij-inc/ommx/v2.8/qplib:10056,published,,175,175,0,0,5,sha256:f2b3d1735d50fcdb8ef1e1b42731ad504f189dc64e99a5f9f2f26c6d4942544f,sha256:25a2011769dd40a42ededf082ea300c930eb4abe8117d80cf54ec0791f9e4a5a,sha256:83d0301c758e2b0dffb43a2c2cd550812114e5151cb1577b2e9b36c9984710f1
QPLIB_10057,ghcr.io/jij-inc/ommx/v2.8/qplib:10057,published,,200,200,0,0,11,sha256:aaaa2f04aa3f7e1baa4cced8c9955e59939da35a7266411e5ab1cca417bca710,sha256:ecbd75a893c0f804ffd25c72848b1be46d857e621a677bcf8be7b2bd65e97fae,sha256:97a2bf322ecde23896b649efdd5228d9cf8f528df9cc5a1a96d2369f38e12734
QPLIB_10058,ghcr.io/jij-inc/ommx/v2.8/qplib:10058,published,,200,200,0,0,11,sha256:4eff3f5cd193cdbaa2032169ec03280fb79fe9b8a29ca815a00a0a9c07e8f229,sha256:2cd4b2d5b4ef8f9cad11dbaf579460faffd5a4fb2edd38a9d8c66c46227688fe,sha256:b17cd47bc8c1a21fa4d464fdada2a79d69b90bc686d9c075178ade76e929f0f1
QPLIB_10059,ghcr.io/jij-inc/ommx/v2.8/qplib:10059,published,,200,200,0,0,10,sha256:f99c08b6216a0b23b487d76dbdab412b78cee35f02a20f9b24087cdd16e8cf64,sha256:bc79421a27824752715e5d5211ed2b845fc5c186ec9597e2eb29ad7132de9a5a,sha256:194d55492b3c221bf87ed891344852b280f5f0fcf3c8d78fe9d331d4634774bb
QPLIB_10060,ghcr.io/jij-inc/ommx/v2.8/qplib:10060,published,,200,200,0,0,10,sha256:49cd3cbc68633a2f4f3530ffaa923d2874401b28dec3529e04a221553698b4bd,sha256:0b08e9780bade3a52cc1d3a42ef2239da0350cd39dfda9fd41d2ac8028709151,sha256:d5f398543d8e11622e89925fb8522bd10667d5e8562fc3e17cfa5fcd84b7a8d8
QPLIB_10061,ghcr.io/jij-inc/ommx/v2.8/qplib:10061,published,,200,200,0,0,5,sha256:95373f5c5f9e8e5a10e6f735de40876fd9cc15bb3ac190f7d8ff0b3e8306c38c,sha256:baf38d649851901c643233f4f479fd133d9d1d20ad29b2d3146990fd54523c1f,sha256:201d5389dd974773e06b5f861c47157eeeb282cdd1560092f4f63d15a46afd7f
QPLIB_10062,ghcr.io/jij-inc/ommx/v2.8/qplib:10062,published,,200,200,0,0,10,sha256:395fb3f91436367a25e278eebfaf506bcc9036039a476911077c70cc5e5dc2a8,sha256:51d1dd3168c21a65927fbe881db1986371b7ec1a83c2a2040e6dfefa4e4827c3,sha256:8a681ad81aacd8870a7fd69d44ce8d81896b6a805fa14505fc45dcfad7ea67df
QPLIB_10063,ghcr.io/jij-inc/ommx/v2.8/qplib:10063,published,,200,200,0,0,5,sha256:e8bee6da9452bf4d868610340504d309a69eb48ebf14fa39f5e4ae23a4fa1ef7,sha256:1ed262f8dbfb5e134e65f5074ecd21c767d9c92dc2a1098b4c9549977cf8bb12,sha256:e13fe52e6d0716a294fff6786e08325fd64a98f4d5f3c9a4efc511c19880e4d9
QPLIB_10064,ghcr.io/jij-inc/ommx/v2.8/qplib:10064,published,,200,200,0,0,11,sha256:60831dc5be93ae3c433593d6a7a90d8365dba828e24ef9ffadb19a73be612135,sha256:cec2c0c1732bcb034af387481f497ef709d01142d3bd934c825c7d709561ff95,sha256:9d3bfa7379e72bda075932f5b724ef2a9aa66453f55d1c1a1c6c4b3e8ea9bf4a
QPLIB_10065,ghcr.io/jij-inc/ommx/v2.8/qplib:10065,published,,200,200,0,0,11,sha256:439cd15a91f54470a5021951a0252d41492273a53357897be4cf9bb145581fe8,sha256:507c28eaf869419b2b52c0c051c2d93c40de2e483924237a4ba1267a771b7400,sha256:b2acb673f6f46c93e0f2f7620651c3231e3133a4d1fa4b39657541be708a10be
QPLIB_10066,ghcr.io/jij-inc/ommx/v2.8/qplib:10066,published,,200,200,0,0,11,sha256:dc3191e07d9fe37f491315e1448c1ff150b9d65b345293d959b17660f335e013,sha256:f7d3df4728921c8b1eebbfc96bde916cc1cfc7e22b17f75196d3ab5c2ff8a44b,sha256:35227e1632dfacf524a223f0df6519db5a1492575d2aa008e49cc92db57f3c56
QPLIB_10067,ghcr.io/jij-inc/ommx/v2.8/qplib:10067,published,,200,200,0,0,5,sha256:cae427d8c68c7e8ff2d60f5493cd325cf18a664b1159709acd2ed24266eb46c7,sha256:3f5a1d93cc4631c3e4745598b557cc716068bf27bb5e9a62c670c775585be3f9,sha256:f501852a09be78af9797b0bf3a66cb9f49fdeff8eb9e31f308cb8466eab4d7bb
QPLIB_10068,ghcr.io/jij-inc/ommx/v2.8/qplib:10068,published,,200,200,0,0,11,sha256:c03636af132c1477254074f66190aa0973ce077636f4b289ed902a21293161cd,sha256:8e84702a0d0d4c7e86edf925b28666afd4edf74d3c9a935ebd15c693c600cb5f,sha256:145d3c299d2a9ddddc8ad6704367501b3e962288830a84e8b0779481d9a3b324
QPLIB_10069,ghcr.io/jij-inc/ommx/v2.8/qplib:10069,published,,200,200,0,0,10,sha256:af5ff5aa4b6fe0bf02961ea5a5fc3433aa2b6ab025388996c00accdebc1a8342,sha256:fce7d44eab6b14fe018f87d7572ce6c2b63beafe107b1352b126e7dbf53fd75d,sha256:19d444d1100502924ec41cec815c92a89781b05958a8127f95ba53ffccfcda67
QPLIB_10070,ghcr.io/jij-inc/ommx/v2.8/qplib:10070,published,,200,200,0,0,11,sha256:75ec6eb6c7317072a4e24977f946ae429f139dc2521965eedd2d32c19137c0cf,sha256:8338fe9370b85257542338ab0524e7fa02fdfe5a1ad05d2dacb8cb0cb7673497,sha256:f1168a9c31c33dd4636748a330f9a4aeaa38e4e30bde8f1e17a516c47deba3cd
QPLIB_10071,ghcr.io/jij-inc/ommx/v2.8/qplib:10071,published,,200,200,0,0,11,sha256:6e67858e5fa6abcaf4fed8ee3985a191e79ae0517d10664fd1a81ff315dd1f5c,sha256:3bb64f0df7f03481d1ea224242021c93a1057ff73aa900a6564f6ef93ca8da07,sha256:fb3e4b7c29754fb8796c02d9b6d378a6fa3af3319e23d03cdad633c83f69f7d1
QPLIB_10072,ghcr.io/jij-inc/ommx/v2.8/qplib:10072,published,,75,75,0,0,10,sha256:52b50276305a9e54195f22797d9bdab3c491fc6d5a98446882719c2c21b3916b,sha256:ec50ff1c072c816c73e23c751c417b13cd3dbdef9e669750f4bbaf96e6349728,sha256:39e35539d4015a68b35df4b3aa6e3b146d17b13de45e0675bcab6e34fdd3385c
QPLIB_10073,ghcr.io/jij-inc/ommx/v2.8/qplib:10073,published,,75,75,0,0,6,sha256:5e44f6355bbab5c74f32557a93c01b84931586a8fdaaa95e0df0a1345fd93178,sha256:70b71fdf23e0571a5be12a0000f339d4337839b56d7e1654efd39ba6355f6615,sha256:4d9efa03cca2901014904d160e6b8ad0e6856fa230a6cb246e194cbcc1b9abfa
QPLIB_10074,ghcr.io/jij-inc/ommx/v2.8/qplib:10074,published,,75,75,0,0,10,sha256:6d455cfe8c203db107ad8d112eaadb49aa5412a68d2d56c3192ee13cf3ab0ddc,sha256:473f0234dd9e83ba8231730b779d2f6ca09142c7fcd4f1b28826a27451083574,sha256:e67572afdc79546cbf1af7ae16bdc246a9a7df04562a29567f549145eeacbc8c
QPLIB_1055,ghcr.io/jij-inc/ommx/v2.8/qplib:1055,published,,40,0,0,40,20,sha256:5b2feaf8ab7b60ef9f092d3f58e0abb3e0ac65de17c6451354fe9c226d86c912,sha256:8cc67f1900445bd7f2996b3b1c20cbf4257a61421592c207d3de3eb0cc8f9693,sha256:98785174de0dd8ec3f86910c8ebb6e84908b506ec7397998236691c3d634dc8f
QPLIB_1143,ghcr.io/jij-inc/ommx/v2.8/qplib:1143,published,,40,0,0,40,28,sha256:9785db30f35fb4fe3c7d5aad26d7df8e7cec01814027012c01772da2b50ae032,sha256:27b36aa2ad17ac3cd4d773e3bf891d293130a632517839d9d1f574828dbdcd46,sha256:3f5b82fabc8fa3b69fc48ae8d7918f1d2d5b818aaecf90c15ccc44e72af14721
QPLIB_1157,ghcr.io/jij-inc/ommx/v2.8/qplib:1157,published,,40,0,0,40,17,sha256:ddf6cfd6da513c76623907bc084504e4fc697e57b66018fbbd7b86d52b6c234d,sha256:c8ecc36f28991d1696a1056cfc70a1d47d09889edd6a95298a37e52f5aeb9be8,sha256:1fe95a863d82b2a2dcd6489a6c289c95564c2f51043ee1f6afc4897777446f60
QPLIB_1353,ghcr.io/jij-inc/ommx/v2.8/qplib:1353,published,,50,0,0,50,11,sha256:f54e44f004d0fef5c6700629c757a8797f8bfb2c92d340d665c07eb87561ca5a,sha256:3ac6114a99da45035f79474b363c867177d6b77b450b726a150b91f6e5893452,sha256:43ded7eed46f8c6ab7e0f6d5cfc2df34d078b6afb7ca4fef8f964712cfc48db9
QPLIB_1423,ghcr.io/jij-inc/ommx/v2.8/qplib:1423,published,,40,0,0,40,28,sha256:ed3a5bda63479162acb9d985900b73423beb133d8dde1ac8fcea23f064239f4b,sha256:f6b0ac738d3b62f65349a79f0a4368650fe0450f618f30f0466ff0f6ba39a877,sha256:5184617d3dde31f90fe69708ef90b6f5fb48c57ba150c9a884312beb18bd5b4e
QPLIB_1437,ghcr.io/jij-inc/ommx/v2.8/qplib:1437,published,,50,0,0,50,21,sha256:453d76b8496452c50d85e289b50fcad869b38cf6015551335bef0b7fa7fed4ac,sha256:6a3c027e165b737121c5849751ea219ad53458071a7fcabce7b08baf994f22b7,sha256:638198e1290d2b9c34a6cb9500240a684ca0adbf53e7450dfc1e03a8be174c38
QPLIB_1451,ghcr.io/jij-inc/ommx/v2.8/qplib:1451,published,,60,0,0,60,72,sha256:201844d0ca0d55f0b509cc82e1f04bf98bcd693bb90071b56c98b08fc8da5d9e,sha256:31be2127e8817c04e4ac19f35404da0046dc87c32ab094857d6632f559b51305,sha256:6c0e89996e8f8f7ce2faaca39b14c16be3525216e0fa40749eb79ae361cebc8e
QPLIB_1493,ghcr.io/jij-inc/ommx/v2.8/qplib:1493,published,,40,0,0,40,9,sha256:394439a0dccea50e9f5f3c4e08359b201871c8d00f2494ef839039f550a5aa79,sha256:f192388c5855779de9e19cac9afd9e9296442744d79ad41f9f889696cb976d66,sha256:3b42a3399579069f47f8e5ea6262b64320f60843a15cdaf4c3fbefe6a27b858d
QPLIB_1507,ghcr.io/jij-inc/ommx/v2.8/qplib:1507,published,,30,0,0,30,36,sha256:99b6565b7ef6153f1063697d25f24daf42adb19a73650a97fa85c25bc9a767fe,sha256:509314d27937d17c53412bde2c757d617c4494956b5ddc05aa9bbb72ae5ad539,sha256:356fa9956ef76d02b589deaa5eab2c078b2cdc3a28b96930048284dffd54b9c9
QPLIB_1535,ghcr.io/jij-inc/ommx/v2.8/qplib:1535,published,,60,0,0,60,72,sha256:b41346014e76bbfd76a8520e19e5cb6932ff35106d617621f18e246f2e206fca,sha256:616d40af8626e2bf8f9ad32dd0edea84730608f3e77aef911b99ca3c15c38d60,sha256:66d9ba7508aabf03c246b0d2c3c2025bfecc855ecc1967a1cb4f7dfd593cd5e1
QPLIB_1619,ghcr.io/jij-inc/ommx/v2.8/qplib:1619,published,,50,0,0,50,35,sha256:13a6859a4d532c17dc1796dea478ddf42c6d1f48c9ea94baacfc0ad89a01c649,sha256:c417c6160cd778b687453734db27372a592bfd7d5dcf9c0abe3d7b9f642096ce,sha256:d0d22b77df13b85940a05376cec3a4afb8aa0412ddb39d89457969c95d1360f9
QPLIB_1661,ghcr.io/jij-inc/ommx/v2.8/qplib:1661,published,,60,0,0,60,25,sha256:fe8bea5c97292a59a0c4eebebd6eaf4a74a483e01068e5e5fa079d0337e9dc5b,sha256:3e0adfd82d5f9da93567659f3410165581f946c1dc9e8e33906b89f3ee3f4e2a,sha256:716defd8f6799adb826d4c66fc09483d738be1847030a6850174321f120052e6
QPLIB_1675,ghcr.io/jij-inc/ommx/v2.8/qplib:1675,published,,60,0,0,60,25,sha256:e78fcbbb3e8b0e43982eb886b45dc1b2c7d609e97197e4b769e945544cf54342,sha256:ae14604a2e6a55ae17dd0a42dd727c44b5e0f755648ac7213716f7c6cbcf8b1a,sha256:1e32aa95eb998a5d0806a6706e8573576ebd013c299d5e5ebf3ab473e94a5179
QPLIB_1703,ghcr.io/jij-inc/ommx/v2.8/qplib:1703,published,,60,0,0,60,42,sha256:6ffac3b60a4c7f6da0d53fe92fe62ba53985825a7310ee49e63d35cc3c2a0c92,sha256:8b3017de9d529d808de1f8d2e4cf0b6ff7f508171c10d0c0a3bb9ed2f732a4aa,sha256:b181c058dd67943d8a29ca79dda6e69d52dbfc28f5bcf7837e45a9d0fbf42c74
QPLIB_1745,ghcr.io/jij-inc/ommx/v2.8/qplib:1745,published,,50,0,0,50,60,sha256:ce989793994582e4b29011867cbdf4c8345a4226aa3aeb8cfed1c6711f15355b,sha256:829c0fc8183e8beb801eb2e59a3e8666993eecc865ea5329580e5988268a0c45,sha256:4618cb67f026d446ada91ef353d0f73af3ff15529e6b585cd61552e782acfd33
QPLIB_1773,ghcr.io/jij-inc/ommx/v2.8/qplib:1773,published,,60,0,0,60,13,sha256:1e5c58e0a2f7d16b842fa63d05b09e1a4d8aae35cfa7b3220a3cfb3fd64bb7d0,sha256:3535a216b2a2dffad0d449220f14504f638bc8f781ebb237a366bc42cd6568db,sha256:8a1759a4a2302f012cec405765722dc356ce2d507e9ed02ac917eabae09bcbef
QPLIB_1886,ghcr.io/jij-inc/ommx/v2.8/qplib:1886,published,,50,0,0,50,50,sha256:3d5d025b2cff63a1901ff10626e34fde364fd7945238fee286dbcd46d25980c4,sha256:5b9f144fea19fe5a355c82f2fe148c7cda4ce0bec82793aa0e615a96a2f19dea,sha256:f5da8fe1883f559b2e2bcf8b5ee6ca17a58f88b84eb2a1937ff2c8b145f4a987
QPLIB_1913,ghcr.io/jij-inc/ommx/v2.8/qplib:1913,published,,48,0,0,48,48,sha256:c7965404214fd6e9b02000d6f7dfcd0386c131cffdcf0c772c71cf0c057d9c38,sha256:09040e6da4b11d3e02c2c500f8be02634e99270e8caa5594a0fcfd029403905c,sha256:c3144b4c65c4f0ab11ff2a0e0564c42db27ae6e5873788bff7d4e3c2e24be3df
QPLIB_1922,ghcr.io/jij-inc/ommx/v2.8/qplib:1922,published,,30,0,0,30,60,sha256:6a8b1d7ef4dab24e9d28c7dbe2d04e436f168f697a26d5c619304575d3cc6f0c,sha256:ed0d9e8176eb790d7d4b5995e4f53ff92f35bc9d7ee0f34a3d9cb24b9c06b2a6,sha256:bb08e4b7a754c756d98307c687ca80ec72f251827b325724ec6242303d19fd9a
QPLIB_1931,ghcr.io/jij-inc/ommx/v2.8/qplib:1931,published,,40,0,0,40,40,sha256:581e1ee742b9f15b605653b692348375f8dca913e1ff56914acd4a72c9fff052,sha256:2678712d41f8a8124a21bc7f0dc297b34c7a2b0ebefb0245d73108f04c675761,sha256:7a52493b75420c234e83cd259535f9d02040f8036aeb016452558c5cfc53e4ed
QPLIB_1940,ghcr.io/jij-inc/ommx/v2.8/qplib:1940,published,,48,0,0,48,96,sha256:a5341fa4f7fdf863d483829da167f8857716e04d23e49360f2412ea25cf61233,sha256:1fe904863fcb3f73bef0011fe81db35b7f6b5614dbdc859238714cb571389c87,sha256:9e95490a09887cadc7d894bcebd44fb8ba6811bfad0bc501a8f86a0726a5497c
QPLIB_1967,ghcr.io/jij-inc/ommx/v2.8/qplib:1967,published,,50,0,0,50,75,sha256:d6cd71fd1655aacf27f1784a808fcf1ab1d1c161d797c306fa91749cff61a270,sha256:addbd3225fbd91a1cd8e3381c91ae88463b2f84fa6d30f5bb5349ba72e920b88,sha256:cc01e15ee8f3121d348aaf88db6ed848ec4f033fb79892c3f0c2c1078b652945
QPLIB_1976,ghcr.io/jij-inc/ommx/v2.8/qplib:1976,published,,152,152,0,0,168,sha256:bb621510eb278903fa6dd3135b1b73ad20b780e93c384b1115cd32fcc20df272,sha256:b3eafbe9ae608744b1f24a80286b743766b98f47708ba6633b92937a081f3e91,sha256:aa10f940977c68690270dd907c4185cbe119effb407f1b8c1050c324d5938a2a
QPLIB_2017,ghcr.io/jij-inc/ommx/v2.8/qplib:2017,published,,252,252,0,0,273,sha256:cf329c108639071ededb1c1df0edd3f2bd3f5cbc0ef0e0e75ba873f10bdfdcf2,sha256:bc3d91fd7f67a1acb7b8c93b77dea3ba6f15e41a3400d4dd4f739ff850f3cc81,sha256:a3ae4855cfdae63970e53ad13a2611475f1ede384a78a1a5bd307ef69577d206
QPLIB_2022,ghcr.io/jij-inc/ommx/v2.8/qplib:2022,published,,275,275,0,0,297,sha256:d1baf2ad6858e844483c6606aa612a3f5838edf9d48a9d30d2335d91a326dc7f,sha256:9d7779490a8a11ae62e6cd5c26ab55b2e80be918579d16fbd413edf54c56d0ba,sha256:5a7be5ea50ad86d1cec020d93d5afe460b5ece548e72e8a3ce653cf2397c8606
QPLIB_2029,ghcr.io/jij-inc/ommx/v2.8/qplib:2029,published,,299,299,0,0,322,sha256:2a1eaa43e66197b16a6ff42a9300a999cbb59fc42e13bcd9a9002ac88a4aa3bb,sha256:ebae31f609c6fd257ed313df716f8bc5c6c3b0f041a21df096f27c13aab8af4f,sha256:4aa0ed9d1263ba636c11b6ba0fe0fef40c97ec259fffc431004e87f77bd3630b
QPLIB_2036,ghcr.io/jij-inc/ommx/v2.8/qplib:2036,published,,324,324,0,0,348,sha256:e319d8eca5f5a9794cb9e90d38dc41d090f810f02db6fba76777312e7596f5d0,sha256:7ac2c0dac27c60cf04420ef5a37332d243b245e50dc81c298562953d52a6ad3e,sha256:899023a0630b8a80fde14a902dade82c683b0373f9e477cf611cf8be16731c4b
QPLIB_2047,ghcr.io/jij-inc/ommx/v2.8/qplib:2047,published,,136,136,0,0,2057,sha256:0160051c17abca32ceb4b30828fff07d103a6a04e2c187c21ff041811979628d,sha256:9edda1495d5486029f697f00a12a01eaab26e3365cd6f2c2c9247d77cecc5cb2,sha256:2811bfa437af8f0930694358b5e028bad0a1cb495cfa0988c7d6d6db0355c2c0
QPLIB_2055,ghcr.io/jij-inc/ommx/v2.8/qplib:2055,published,,153,153,0,0,2466,sha256:e10053111b365eb7127ceeb45d128eb35f52a72c9a992d56b6eeed1462a5dc82,sha256:be0d71009e3cb92c2e139c18e72fc7989b9666fe260e11d23713fb7f7225cc6e,sha256:d9945fc228dd7f2e48876d2c814a15af4005cedaf810b3cd0dc6784c2ccae4cc
QPLIB_2060,ghcr.io/jij-inc/ommx/v2.8/qplib:2060,published,,171,171,0,0,2926,sha256:c7cde1aa85d8cab2f94745a46e4b7b3fde30ad69ac5da5c047ff1f5762787dd8,sha256:4e71bf0e402882205ec901d65bdd84303a9ebf92b4329df34ccced4b849af44b,sha256:0e755dc8e8973195addb1776583aea4135d9dafaca0f336b366abc0165882876
QPLIB_2067,ghcr.io/jij-inc/ommx/v2.8/qplib:2067,published,,190,190,0,0,3440,sha256:76f3b38413e455bf88505c7956c90a238943a40db10bb793dc091c4a09ae56fb,sha256:1c444b9718e93648233868bef7ff493b9eea4cfe90ba600b8c7d52b6d370d011,sha256:e1c07bc476230e411ea386901944f8f3eba4a41074d0c31aac29498bfde54051
QPLIB_2073,ghcr.io/jij-inc/ommx/v2.8/qplib:2073,published,,210,210,0,0,4011,sha256:8aef4d6908c13eeac580f9285304fb88095d2cbc9d6426b48cb05f10875805d4,sha256:c4c51150861855b9e298a10d6b1cd7749b21e4e0f4100fcec618821574e19edb,sha256:ae37977a0c99670e48c60f1329c5dc6f7e33981d7b0fe29b03bd0b353efb69dc
QPLIB_2077,ghcr.io/jij-inc/ommx/v2.8/qplib:2077,published,,231,231,0,0,4642,sha256:20164b027767e8fd814e7fb202498f0b14c689518079e21d975600f36279dc0f,sha256:53211240fcfbc94108e2f0e5b4020a6471c06dedf56d01a5a31737a473aa986c,sha256:aeef2296904ef2072baced560c1037d0678c6d29a173fac1dfa49782b715c3f9
QPLIB_2085,ghcr.io/jij-inc/ommx/v2.8/qplib:2085,published,,253,253,0,0,5336,sha256:7d7a9e506be1099c233ab91980d7cf8f0e12c9a2f5660d20b665d44ac5ddd987,sha256:800b7a65d56fbdfaa7b76b669cea3b66a4f6f7515cb040ee87b45d77d36faf7f,sha256:432da1a3a5ba8f49924a7e455ce1deebd753f5671af58dd89d5b4bf79a76a625
QPLIB_2087,ghcr.io/jij-inc/ommx/v2.8/qplib:2087,published,,276,276,0,0,6096,sha256:996af3018c3708585f80cb67485ec9d8f5d81161bdc4f6e9d45c5fb1f36c9e0e,sha256:3579fd2ba438ab23e617c5d43ca3d35255a67d914f8ad15829f2c89fc8a383d5,sha256:35fb3c26de735ea87524be8f94b8641edfd3063fd2d6972d333b1a3c48cd30a6
QPLIB_2096,ghcr.io/jij-inc/ommx/v2.8/qplib:2096,published,,300,300,0,0,6925,sha256:dcda3624d7f575ac96de8f274df0515cee52f383d60ebe980351ac500957d74d,sha256:48f9ef2a568742b63a5632fecc8c51ae92109d9930f8093887123336b4ad3676,sha256:8eb1773516b091087261771826689fe96a8daa22b2e123bcfa5d2ada39fba92b
QPLIB_2165,ghcr.io/jij-inc/ommx/v2.8/qplib:2165,published,,2059,683,0,1376,3415,sha256:b2e78edf7ad7d5cc67f6dc397d0b20272108122970b362ca10afebcb2f8faf1f,sha256:82f5b45d118c9253538d48099204fdbf4cf6f2390b924eb1d6116c164c3487ee,sha256:950fee4899be162fe36ad2fdefaa3d05d87ed90d223bbe2bc452f095d9a4b9bf
QPLIB_2166,ghcr.io/jij-inc/ommx/v2.8/qplib:2166,published,,1042,345,0,697,1725,sha256:84665d9ae677e146f1df09c32cbe1a55f538b1951fa04b73fce530b0cb2706e2,sha256:e7112827cb69c99776ec09e69d68c4afc9171e9e2ced483dbbd9ed52603d1277,sha256:4ed0e7f848975d3e1e23972a814e6160b26c75f0dec3e3d431a0638bff22e295
QPLIB_2167,ghcr.io/jij-inc/ommx/v2.8/qplib:2167,published,,192,61,0,131,305,sha256:1aa503709992aecf50ebe84378c6834bc3ecb6cdc498f83e266d884768816147,sha256:6434db4b505a6bc11acdc8821490c7ce611573f91837b2667bce853ce87dcfb7,sha256:1ba1b97f8c68b378f3cd36335feca031838e76bf0d1fc955db94b477b0f3131e
QPLIB_2168,ghcr.io/jij-inc/ommx/v2.8/qplib:2168,published,,652,214,0,438,1070,sha256:08d58f7ec49b1fbc72ed7a605f2be295ad1fbfa010100488d679bc67a2283b8b,sha256:7111c3ecc6e1a91231e96f63be263d152aae46e7343c40ab0e98f3511ca12e36,sha256:2fa736179e36d480c6ef1e57f444cad47cd708774c26f0b71d124006ce699a87
QPLIB_2169,ghcr.io/jij-inc/ommx/v2.8/qplib:2169,published,,905,297,0,608,1485,sha256:023fba25fde76c1912a67694d94cf2fcc2da0056900ec2292781e41a79e1e47f,sha256:5771f7176d47648b7104c7324c2eb7f362b223faa93a01b6cde30c3e17ee315e,sha256:0e3025d91db5287f36a27db87ec80bedb47007d9d7b8ae05cc6ed62088cde753
QPLIB_2170,ghcr.io/jij-inc/ommx/v2.8/qplib:2170,published,,1087,351,0,736,1755,sha256:1537b3ad14eb4dca763befacf7b43c0f81172e27b08225cb76e84d31f4c66404,sha256:17678fb38efba9e3575b1f4f75b8e4fb56276bd03be35d6beb0a89a8d1d8fe5f,sha256:848f943124b04901da662d75bf5047cef85b6e83e7c7a326f91f1abc4b5d3901
QPLIB_2171,ghcr.io/jij-inc/ommx/v2.8/qplib:2171,published,,455,150,0,305,750,sha256:5cf18f33076c69b1ee19bb0dc9f7ddfdd0202f998f63ab76beb252c41c0f1332,sha256:66dfe52cc3d9f9149f7212e7ae52c62ee60098465d3c81da2bdb3cc02bbd0ef8,sha256:6659e524c0d4a721336bf7d3775f0daea0d914effd0af37c218700823791ced3
QPLIB_2173,ghcr.io/jij-inc/ommx/v2.8/qplib:2173,published,,651,215,0,436,1075,sha256:21eee279137d20d2fcdf50b5f6e801f4316557db0bac27a8d7f27075bc73fe1f,sha256:75e38a1f9d5e768de063520043b1fa93b1b0d8f9a3c5edf9cb2fdf104f02a92e,sha256:28f51c1ad2015574d95b6842de0c0e902f884644e1e059fee6eed5f95680cf80
QPLIB_2174,ghcr.io/jij-inc/ommx/v2.8/qplib:2174,published,,2313,768,0,1545,3840,sha256:de4fa118da8217e9ef445e7770d32d319605e7ed26c0f72a70ebe0cb01deb6e6,sha256:bb97d4be56155c53387224d769d6772b3109a36a5f2e96f5229aaaab6ae1a1aa,sha256:b8527bd73ebada001e6d45562e93d9f8fdab3e287d1a465da11a89c5e2fc900b
QPLIB_2181,ghcr.io/jij-inc/ommx/v2.8/qplib:2181,published,,280,90,0,190,450,sha256:7b8141c8fd2d59b249b364a119b21e325cc202da6644f2d9376aafa13301b3ca,sha256:28beccc81d1d1b5fa79250eff9e68df1e8529e9915ef6add4f6c3677022ccd8e,sha256:7b533f43b5f5b59beee580ada82bb875198a3c8346aac351edae469a260bb473
QPLIB_2187,ghcr.io/jij-inc/ommx/v2.8/qplib:2187,published,,285,90,0,195,450,sha256:77d9c2dd3e5632f05bfbdd91bb22b1cb7880630787d3da6658148632fb1b505e,sha256:1cf398f6332f78346d94171fda57e056df8c60f7e90a10438748073fb361b912,sha256:d69e7856405981742e49b3a35626a8c3e4f9f1032e7fbf97d76c269c8a0d7d61
QPLIB_2192,ghcr.io/jij-inc/ommx/v2.8/qplib:2192,published,,290,90,0,200,450,sha256:4ff909597c64e1b29e7daa3700281fd8a4d4f43f38d01a6ecdb82734385bc510,sha256:2c13dadcc636b11b0e190bbb50cdf2a3673fdec98ea32f7b4f4baf403e4a70b7,sha256:7851c43263926538f5342af7de61258d9bab2a26d87e2f6748e999c2ea2310f4
QPLIB_2195,ghcr.io/jij-inc/ommx/v2.8/qplib:2195,published,,295,90,0,205,450,sha256:ebe7c0ff6e8c8ed2a3ed37412c13d100a06ad27de99529e8548864524c106650,sha256:ce90e2589989fe9cbf967bf50f25179fc359f75785635691c714a6fdcbbc4e4c,sha256:316e7ab5280855f89a35d03715dd7b028424b63338dc917ee5c037eb1cad06d8
QPLIB_2202,ghcr.io/jij-inc/ommx/v2.8/qplib:2202,published,,275,90,0,185,450,sha256:38f7d0e563e329a294736d7fbe05266fb8617ff5b2731a8399820837d39fc66d,sha256:911dbd060252b77f1c1615b288f57d80e061a588508e00cdf19a82f5b7ac7c15,sha256:fa3cad18b83731d321f34cc554faec183dc0d0f8b5bfc796c9f8274e7f39f458
QPLIB_2203,ghcr.io/jij-inc/ommx/v2.8/qplib:2203,published,,305,100,0,205,500,sha256:6aa72c588ac2c95c3411a2814fd6cf2f1accf455aca860f6268aaad46310a29d,sha256:a4605f1832bce8aef8929f48bd10761263bce9230e9363160405e6f46d2e7903,sha256:02717d85ac4a8f8bda9ddc7ec6f0dbd0b2da47314201f18658bae1082d852a79
QPLIB_2204,ghcr.io/jij-inc/ommx/v2.8/qplib:2204,published,,335,110,0,225,550,sha256:14758be39fdd2cdda21c25e2ff51090345c9b87bccab519d0e3dc4b6b414a3aa,sha256:877ed3656e3cc96a364ed28ea86b0c09e6dca7b2aa70a2aec96f3f77edb639f9,sha256:be1914f7ccee14b05860cd9d72c4a70354169586281e90573c19154bb29aada8
QPLIB_2205,ghcr.io/jij-inc/ommx/v2.8/qplib:2205,published,,2884,958,0,1926,4790,sha256:e93a8410e76aca5d3824505e126d303dc850106cc020eb182ae59d5188ab3029,sha256:448537841c987b6d1ed91729bbb2952a3ce95e75a605d7d1bd9c19b93b16d543,sha256:1962ce052d07c26790ec65472927fc4e691672bc732362cca436bffb5ec947cd
QPLIB_2206,ghcr.io/jij-inc/ommx/v2.8/qplib:2206,published,,615,194,0,421,970,sha256:1cd01bc1569a9058efcf3f45c2f8feb1a8ca3ce8a33fb568ca7e0c422cb0b07f,sha256:88a9babb9d11e06684b604d7b2d9c8f9a5f7ea541b875e4d88cdccfa1593c241,sha256:3005de9203227a288f2b7a17d9d9c49ceabc21dcaa67365448230faa8b2d65bd
QPLIB_2315,ghcr.io/jij-inc/ommx/v2.8/qplib:2315,published,,595,595,0,0,13090,sha256:d80ce236343be28ea82e11e1a458c5544ebbbf04b50b301ee3a49bd249cc3ccb,sha256:ab7667f3d6c9c28b51d082a31194cfb7ffdefdc92b5f2932bd5a39c65e6e6ad7,sha256:4994d5e609cc442e657f8a511f28abb90e7e4139ead58329b0a03c6e1b0e5271
QPLIB_2353,ghcr.io/jij-inc/ommx/v2.8/qplib:2353,published,,240,147,0,93,2240,sha256:e42fdbf39f7406860a78103549e156f67857b6f8a0681b29b0dc16e21443e84c,sha256:262f23df743fca2002814e9ca0302eb543006c960e043e496fbdc1171690074f,sha256:76d061fe2af8dba2708620a411364a2c570d3f2d4b9f0a104a4c8e7d9ca8277e
QPLIB_2357,ghcr.io/jij-inc/ommx/v2.8/qplib:2357,published,,240,240,0,0,2240,sha256:b4f49a708db0d0aea729cf82f337b3a52fd7d65242862068a7ae012849b9e1ca,sha256:e71dd562888afcdc6870b920c15e1c3c394c7bac18c02e1af33ec4297c26bd3e,sha256:a5665a42edc111e6f0a8cbe32b53899e1db121b9b346442cc06e99e1071cb91b
QPLIB_2359,ghcr.io/jij-inc/ommx/v2.8/qplib:2359,published,,306,306,0,0,3264,sha256:7f03dcc4ce1b8526a2910fde3ba80082420bfc65b95731d736e8a68f3f3a5427,sha256:91811c3705c4da7ad02755aff4a370870b6090ac118d98eb2ef45f857aa94e23,sha256:68e4b1297de5e68994f5ed368e55861e36105356e8ebc0c02d3e9f39bebfa15e
QPLIB_2416,ghcr.io/jij-inc/ommx/v2.8/qplib:2416,published,,25,0,0,25,692,sha256:088b69013fecab2c17d48d80d9ace3f6a03e307bc2143a75dcb32c50801a363b,sha256:44210c26edb015abe0970f787f15d3f608eca6128d9ebe952a653cb477897f20,sha256:f4485ca9091a2b4101f81d9dd2c4ed9a50b1d402239ff75d083bd66668309c73
QPLIB_2430,ghcr.io/jij-inc/ommx/v2.8/qplib:2430,published,,125,0,0,125,184,sha256:974a7095565ae9a93aa12421872417735cbb3f1b4e4ed88a99138163d69c0f1d,sha256:3b1c8eb21a6e6fe6e77383e15c6ee727bc166b10d76bdd088d4d2542bfb1a6a7,sha256:562a0b1a5ab56909f6d1ce4aa780fdedaae2918e1fcbae8225ce1a10b7adf61a
QPLIB_2445,ghcr.io/jij-inc/ommx/v2.8/qplib:2445,published,,143,0,0,143,142,sha256:be624baabc58f99e3554c643928edea7a7e35fdf1337ad2474f9e96cefe68fe4,sha256:8fe63817f485bd11c9ee163953516add6b138eb610432dff0b4e21a03a79dd74,sha256:09d1a871dbda9b6827409b69f78d8259ba9e6275c981b1351780fc04653b1e13
QPLIB_2456,ghcr.io/jij-inc/ommx/v2.8/qplib:2456,published,,5477,0,0,5477,9631,sha256:1c01909b4c56095a8c21ffd55802f851f7ff6b6fa30161c738b1b3eaad78a58e,sha256:9faf9e1831c2a0ac3d2415c57f6b59fdc274adb5f6434b1cb9562fee1bd95e07,sha256:8f9c49f73f208ad636bf26adbf38e4bf70b08162a49abd8c0d6cabe7f796a363
QPLIB_2468,ghcr.io/jij-inc/ommx/v2.8/qplib:2468,published,,14885,0,0,14885,26127,sha256:2e1d2d6808ebe675a16b8254ade4bf41170a3685aecfbcabddf2760651e2678c,sha256:caeae14c2f18a2ce99f836ee5154d318503ce47385b5c88be9c00ba97edf7df4,sha256:9a461fede5aae85802c28345bd3388997440ecac182e41bb68e7aa81ad845cbe
QPLIB_2480,ghcr.io/jij-inc/ommx/v2.8/qplib:2480,published,,399,0,0,399,599,sha256:0d28e54eced523531ea29971ae71b7a18453f4b96ea996df31689f3c82cb3057,sha256:c3e90d0bc6d750e9bea7d7d386c11cfa0efb06e0e1dc64e4df02454b5b5a39ff,sha256:8482e45f26b42d220a09263bc4d7cc696bf3b0eb7182a439b4ea5e294e18bac9
QPLIB_2482,ghcr.io/jij-inc/ommx/v2.8/qplib:2482,published,,1806,0,0,1806,3197,sha256:d5c57309a380eeed5cd47a3724e88d759f509e6170642b988631f1307d5020d0,sha256:b32bc957004154199020881aeae42c6fee4fc266e1d13edd6a0c488387f6db42,sha256:0377acce932e62bb92e07369805247c670c4fb0eaf2ac065dddb02b22fa2bdd4
QPLIB_2483,ghcr.io/jij-inc/ommx/v2.8/qplib:2483,published,,760,0,0,760,560,sha256:fdee293dff01f7992db1e9dc29c9466c05c062d3d8f7b4a57e06f40bb2c8f7b8,sha256:4b71454df058ddc70c157f82a450203a4bf16853d4d51bcd1238830ff152d264,sha256:406aa3e5549b6a26623e9bc736632c4a918800aa7fbc7755f604a8c29aa464ff
QPLIB_2492,ghcr.io/jij-inc/ommx/v2.8/qplib:2492,published,,196,196,0,0,56,sha256:81dfc1986d4ded31fcd91beccdb3fee6626f4f2cd37231bbe92f8fc96c6d912d,sha256:ddbb1ec227421c2c8d3e9878192b6699598edf6223796861939d1a7f453a9738,sha256:10edfac2fe35145545447456e8f1f0bc65ad6af547c223b65b06b51b37aa4686
QPLIB_2505,ghcr.io/jij-inc/ommx/v2.8/qplib:2505,published,,1039,0,0,1039,1548,sha256:694677b3351dde3a938ff77555ab15fba949df63a858ea4218e0790aeaece61c,sha256:aa59dccfffae43988f514f51e37de276a9067baa7a62b89354f67a7c287fbb84,sha256:eb0b5fe5be709720e2b4f488b4365da044f32b8216c087d65a9fbdf83efe7858
QPLIB_2512,ghcr.io/jij-inc/ommx/v2.8/qplib:2512,published,,100,100,0,0,40,sha256:faebe07b4be5fa42641e3f36481f2442f303cd6ff769811dc57cc8a69d141a82,sha256:48c825cfee07286db181575fe5b689c43aa1d69b2dcd8a3a2eb618a1bb589116,sha256:945fe939dfd88fa48ce9ff587e1e12743a0b48d4a44f7edfd8805e84e5743336
QPLIB_2519,ghcr.io/jij-inc/ommx/v2.8/qplib:2519,published,,4806,0,0,4806,8565,sha256:0a9f0e77eed108094e30c412dbcfe5c45a8ef4701535ad190c32919e2a6b9803,sha256:2009567bfe39f34e838b82287127d864a8724a94be24ab5961c81a02070c2202,sha256:505a7923eee6878831162270c5fb57606dd44094fc4cf8f940218a4b434cd4b7
QPLIB_2540,ghcr.io/jij-inc/ommx/v2.8/qplib:2540,published,,498,0,0,498,1066,sha256:0ef6ff60f4893cdaa279ad72637fd28a49aad35648b3dd2d4b0d485ce36c2505,sha256:ce5271a49e903a65b140cd2bd2b6b1f4db660f15e5bb6eb9df7e78e716b23d6f,sha256:9f327984d40ee03bb1b2a3215ec761f0de76737940d5b1af1b05067e6cb14729
QPLIB_2546,ghcr.io/jij-inc/ommx/v2.8/qplib:2546,published,,1015,0,0,1015,1984,sha256:b4ab2e02c7a2a7afe35d56582c9706a58a977481c67968d1ce224cbf44e2129c,sha256:555f90a8b21295e09168748b297f6e910bee10abd50746fc1d80e2b3f8bd17f1,sha256:630801b088e297c5db5b76cbcec43ee5f7c78ba0b2b450394acf850e4e30a028
QPLIB_2590,ghcr.io/jij-inc/ommx/v2.8/qplib:2590,published,,25,0,0,25,500,sha256:4a072631cd5c4dc5bc7633cc72891dd11aa2eb709d79c3beaf3d5122b5a428ca,sha256:41fc3d4e3d12de3bbf1c8c72050362c65b95f31174314a3fdec02c08a3ae4647,sha256:4df7b0fa18d4cc0be910d511a324c856440f6d94d5d32e46d5f39bc34e7268a1
QPLIB_2626,ghcr.io/jij-inc/ommx/v2.8/qplib:2626,published,,22327,0,0,22327,33247,sha256:d5029581b1488b932e9ba7751001f88356404a25b4233feed3b658e3776c61a8,sha256:d643fb0f30d7541787b6dd6a590d98bed6bea6dfe98cc71a6e8447b5270deaba,sha256:41f00ca2abff1f054459a3de84a647b07d6f1d061ee58a30da9f4f91fd852f9c
QPLIB_2635,ghcr.io/jij-inc/ommx/v2.8/qplib:2635,published,,176,0,0,176,1154,sha256:1954421fc30a2c1421c99cbf903ba0519b0a6cb93c368c94605de35176734b45,sha256:7e4b6bbc56a43d0c6f4b1802d915cb2530352070a06854134dcfa8b0d84a535b,sha256:2b0288185bc9aab489243b208212f9492632a9f9eb01b7831d8129137e8d1357
QPLIB_2650,ghcr.io/jij-inc/ommx/v2.8/qplib:2650,published,,1110,0,0,1110,2175,sha256:d8b148127709b1ab53ac7478fc4786e0d61b127da451b0766a6909262b377e0c,sha256:15d23b31ba55ae2210ab09a2b2424decc155e9efe34af9a92ec03e484c0ef8ba,sha256:bab8cc0e730383f9c2209bc163bd28c90b00bb79de230c28a885f66acfa91f0d
QPLIB_2658,ghcr.io/jij-inc/ommx/v2.8/qplib:2658,published,,184,0,0,184,345,sha256:ee81fdde30a05dabd54aeb7973d423aff20027940c8177b3b11f1b9d043c500d,sha256:cdd0f851c98b39be9e55172d44ec70cd1289a6a0aece038a935a45532703d5e2,sha256:2ab82b3cadee7b6df5476595d42a420e4287660c998bde28e7f94db08a016cbe
QPLIB_2676,ghcr.io/jij-inc/ommx/v2.8/qplib:2676,published,,1445,0,0,1445,2551,sha256:5190d01e996a523d0e54d34ef250afe9ce03f7c17cca92009614d2734b19d33c,sha256:dc2a623cde5d2cd1c4a10125fc2862455258219669cd9d289f2c52127ffd5bf0,sha256:d9faca1df44c9e38e1684297761213ef2dafddec5cc2b11ef75e2466faabcc9d
QPLIB_2693,ghcr.io/jij-inc/ommx/v2.8/qplib:2693,published,,791,0,0,791,1556,sha256:14f6fc8a1689cb1985288979ca588fc4be1a83fd67ea6dd464850546429e8f1c,sha256:be534f77c989f04d12ea9997ebf4803bdd9dd4480a7dae60e8716074e0aa501c,sha256:6de67836f00fca0f69c4517f59fabd02474a7023d843745be8d25605a549ad1b
QPLIB_2696,ghcr.io/jij-inc/ommx/v2.8/qplib:2696,published,,3500,0,0,3500,6990,sha256:2bd301256fab034dfae66b1dfaca0d504887ec25d9739b5aedc25f8fb387ef04,sha256:fffed990b5b53b33afd03ed0a7fe79ea37842547bbedf8677dac1df6b8d344d0,sha256:6fce197b5ff15ee614d2904993a491ff3365267e2883e3720314d149f21d8087
QPLIB_2698,ghcr.io/jij-inc/ommx/v2.8/qplib:2698,published,,196,0,0,196,93,sha256:dd111a06b9171dade1cee926bc747f0600d2fafa41f177b2e916593f1c6c9a0a,sha256:67b4408c69e5179fa3a0d278ac24bed3f8a637065b7d3400a5fdbde8b51bf806,sha256:12073a276c1bf2dd37a614dca730ae7f7546ab185bf21ee3a02857d988db7ec0
QPLIB_2702,ghcr.io/jij-inc/ommx/v2.8/qplib:2702,published,,260,259,0,1,247,sha256:4d94667fb16f5888ff5f23999199069f702046de2116a64d66083dc93c8e4b36,sha256:188edee565e1f8d66f1f890c57c6961d152484ca9f2b8cdb8113e23272fc547b,sha256:906981378c6f485dfda420454089d44d746e068d3381bbe11ed9eefee2aab308
QPLIB_2703,ghcr.io/jij-inc/ommx/v2.8/qplib:2703,published,,799,0,0,799,1199,sha256:5bdf4caa90be56e629e3a5d9b7e2b48a40f96bd990af01d1276c8445d755291f,sha256:1189e6a53217e7b0db42494950eddc0b827f54af0a3f5a45d3b94c1e757b10ae,sha256:aca738fe3499b5d737f3bc7f97ad0d22f3bce57af13b666ad7e81bae39c54e91
QPLIB_2707,ghcr.io/jij-inc/ommx/v2.8/qplib:2707,published,,634,0,0,634,1183,sha256:2fb32f1197977f44b715f8cdafa0c9a28eb051ea563fbfc8c35ff14e9b20447b,sha256:14eb47595c4f88d4e6fcbd53811cc79a5df4d16878b37c6a379fb9a43a9ee264,sha256:78418447d9935f789461ccb96eb2884c9ed08c269577ded994e982dcc2a273ef
QPLIB_2708,ghcr.io/jij-inc/ommx/v2.8/qplib:2708,published,,634,108,0,526,711,sha256:ceb29922498ed81ade55894456295efccde58ebf43e79acf6a0cc7d300dfed8d,sha256:e196c11b97fbe5843918f76ca54a441e3bbe85a86855740f31e7d82325c761c6,sha256:b3b95bf5525b97989b372d7be0d43a53446da57e0772cde983a4dfa79dcbece7
QPLIB_2712,ghcr.io/jij-inc/ommx/v2.8/qplib:2712,published,,200,0,0,200,2,sha256:e9e8f3fce1e932fc35ef8bb14b1b8e04c9a5a7769609fc966eee6c2f0f5aaeff,sha256:b22773130b0a6758be2290ce0274e5820034f069ed47f867a14a35258e81e916,sha256:316e7b499e56991db36b5094e1a97df754f8eba1b739cf04e4dddceac53cb7a9
QPLIB_2714,ghcr.io/jij-inc/ommx/v2.8/qplib:2714,published,,352,0,0,352,900,sha256:8489ac74494099ef3bcf17ee6b9a26dcbd46bec0bba161204567e2a4f18cea1e,sha256:135cbfd70000491c987df015f10c06b0a27253edc5a04a11aa224230c1b72992,sha256:c8480809db67e019411ca3b3ac4dc9dbcce25fca67f014ade5cd99932957fdc5
QPLIB_2733,ghcr.io/jij-inc/ommx/v2.8/qplib:2733,published,,324,324,0,0,72,sha256:5154cf3957252e066e3a5e393251eda654a16d711a03dc9a36c333b5cb85ba3b,sha256:7c0e6f1d717bdd41e9f4808f5b1c6757236763c31daa4bb250892dcf3b3a0ed1,sha256:03379c42251100256d872ef25827f16c088576b65f01d39c5b4a0fd90e3397d6
QPLIB_2738,ghcr.io/jij-inc/ommx/v2.8/qplib:2738,published,,199,0,0,199,299,sha256:3a320e3d6cbf922130f596509f7189a3dca40e58b13c5f5dea3b118ea1639ac7,sha256:7898fd6bd925035b7ec89f483de1a82428ff968be9e547a101a11e4645cd295e,sha256:550ebfa9409e713b354f025b136b0d2e02855cb015622b7c899860a45d2c6824
QPLIB_2758,ghcr.io/jij-inc/ommx/v2.8/qplib:2758,published,,303,0,0,303,494,sha256:596e99a18aea7972a12c83291727bb8b1cc1de8571cc53797d5c2056d0bf8780,sha256:f0a980448d18c2a360d4fab6f677eefc873d2aaabbb4f9fd35ddbf12c5b43eed,sha256:80e13b63810164b0dd2daf4fd0a359aa3e5314b39b44cb5a493927dd8a25762e
QPLIB_2761,ghcr.io/jij-inc/ommx/v2.8/qplib:2761,published,,500,0,0,500,2,sha256:116a45c3da8653c87469eda35bc3553d6778004209694a58542c73c3b6ebda4f,sha256:ba51b290f6c377c04e74cc66cb93b75542b21dac34e4482d6031c618d02c48fd,sha256:63d885277dd982eb3fa9a9e534c6642a35bc138eff8f942cd1d42d8e633991dd
QPLIB_2784,ghcr.io/jij-inc/ommx/v2.8/qplib:2784,published,,4501,0,0,4501,8260,sha256:800ce511c5bdb3e0b9a495d97b94a689cfb416817c552340eb29f36e66a4addc,sha256:67bb542adc0f484d07555380a40dfda7cb0fa0538837e2db3179c94c185b6301,sha256:5bcafde5d27b52b38a42ff322d05aab0ecc4933d705e8bdd9dbb6a85fbd35b89
QPLIB_2819,ghcr.io/jij-inc/ommx/v2.8/qplib:2819,published,,334,0,0,334,300,sha256:e8eccf4117fd939f1f053086a5ab33a8a7b4c53ef16c25e0700c730964660890,sha256:38f4791037461f79dcfd17c3abc832c5c846aa38c436fe07aeea183440903b85,sha256:7637f9dbefd553d3830bb4df55ad0f270aa962da057c76ea9ab92fd31cb4c78d
QPLIB_2823,ghcr.io/jij-inc/ommx/v2.8/qplib:2823,published,,390,0,0,390,729,sha256:a05637902a3734819f56f97a2d350400e2912b7a86ec74b49f59ca875601eff8,sha256:0953a22118f77e34a1265bc93dc87c3797c619c5f5823e0aaecf013993845ccf,sha256:d833d25b6f76cf4b7e71a13938f56b04b63b3d9bfc27f90f71b38bd94d9e4f6e
QPLIB_2834,ghcr.io/jij-inc/ommx/v2.8/qplib:2834,published,,156,0,0,156,160,sha256:40cdcb731e6e7115f0a17bd4e86772e33027fbd7ed58af1cb016edaac62b5ee9,sha256:75ed2368faa13c013efe0fdb96e783dd940a272eb11422c062b7ebf651d0a36c,sha256:9ec1764dc624ec40fe7bd076f393c2ac1cd1e76fdc943dc481b60819bda20bf4
QPLIB_2862,ghcr.io/jij-inc/ommx/v2.8/qplib:2862,published,,40501,0,0,40501,73380,sha256:c470e3b7e80c7148f426197173a571e501ead61879890884efab5394cf9d2f94,sha256:dfd6387e67bc70470b97015069e17d7bd4ccdbcfdc6318dbcaa28f336b739028,sha256:e58ac3a1d072faeb2bfadf8cc9b5b44b16ca4227d77cbd2112aa8baa03dce888
QPLIB_2880,ghcr.io/jij-inc/ommx/v2.8/qplib:2880,published,,625,625,0,0,100,sha256:f29e08cd17770e7de35d3e3f41a80188cda70918502bb221091247ed0cc28cb9,sha256:2929fb3ef736d255cb3e5faa79639bd777ba66c1df2b685b5a3de970b4444411,sha256:6b334774116836439ae6d993a97b4954af0dc5cf8bfb2448228d529d0bec4db0
QPLIB_2881,ghcr.io/jij-inc/ommx/v2.8/qplib:2881,published,,1512,0,0,1512,720,sha256:76b2617c12b00caddacb2678aad6c2836847f8dc0f2dece0c9bf628f2089664a,sha256:b1baf080a60540cd0004f73d197ddbe391843e53e320e88fa0eb9f618a19c49a,sha256:323c2bf7d8755424ce15883ac1068ba7f3af305a8b8755915b1dda59e83c5448
QPLIB_2882,ghcr.io/jij-inc/ommx/v2.8/qplib:2882,published,,144,56,0,88,273,sha256:77f507803239aa22bdb05375af4154769779a1655a8e6e4a11ac5099edd9f47a,sha256:839f738fc9bff70371989cdb8012cb493915a154a0afc27cc4ae7d251e007429,sha256:96c65f769826903b4c76c38558a3c1a2249d4cd47d2807d99ff8fc2e5033679b
QPLIB_2894,ghcr.io/jij-inc/ommx/v2.8/qplib:2894,published,,17,0,0,17,213,sha256:6a792f412b9227b0ac33ba0700e100c29b094fecb232776df7ed57a15d9bf6e6,sha256:62b8fad37ee4a3bf11c8f63b22afa414adc2789c2a50f7a3054860cac89e2eb9,sha256:670193ebf0eea97960a329468be254787b388d977148630b7b733b8a8c31e6e1
QPLIB_2935,ghcr.io/jij-inc/ommx/v2.8/qplib:2935,published,,180,72,0,108,343,sha256:f9333fd3de71c8dbe9e0921cc479ae9a5eb58b8b9bca9f492102ca53cf1cf385,sha256:a84ceb06bee88d0d06357f5a6de2ee600b7cdc6b5c9da17bc4c298f3ac8c3aa4,sha256:0ae6845cab2953e2d94cdd1f439fea4b8113b5c4eba8700d755b15f0fc14a203
QPLIB_2957,ghcr.io/jij-inc/ommx/v2.8/qplib:2957,published,,484,484,0,0,88,sha256:bfe7432f55d8a907d2ccb9c5aee4c96be5a675779806d47f57d554cb4250e84e,sha256:6d173034f960c7420d371973435144780ed0d3dddd1e4abd8cd8b5217118e200,sha256:61d9ffbd92e34bac8d06a0637b1847a832109dbddf1c11f4ed39bf747e9567f7
QPLIB_2958,ghcr.io/jij-inc/ommx/v2.8/qplib:2958,published,,112,42,0,70,211,sha256:1f414922a9452b934018edf92bd5b42688176c15c7149a42ec779db9ac7eef22,sha256:e0b367613ab5e9cb5fa4c38b005123c6af9d3395dd53dfa2c52fcb7fd9e473c4,sha256:6d2b09b23bee865f4038c06d58f5fc0576499cb929f19ad1a1db53dfbab2475a
QPLIB_2967,ghcr.io/jij-inc/ommx/v2.8/qplib:2967,published,,38,0,0,38,192,sha256:ee7fb13022711ac81217211a2caaa5f2cc71aeeeb4385f1842fe5f5fd8de5cea,sha256:54cde37bbef0716771f8137c39c77d8abe9c7e5b8fcb6224f41f3f91895be4f3,sha256:a9acc1887a75a0389d01be39e2e0e99ad358fdf6949487ac2a8fd079ddf55d13
QPLIB_2981,ghcr.io/jij-inc/ommx/v2.8/qplib:2981,published,,2015,0,0,2015,3984,sha256:8962658ed94011e41894f8e7449059208ccb72bb10367ce8bdbdba527ba34528,sha256:d8d8b9871fceb74acdc7a6825398de6a94eb28c065894b3057e946850018897b,sha256:346958a50404379e6caa70187b91be97c43d372e7e1f93a26bfe68bca12de869
QPLIB_2987,ghcr.io/jij-inc/ommx/v2.8/qplib:2987,published,,208,0,0,208,396,sha256:2755dff2f600fea88774f3c78d2433e26b3f80469b62deaa9b88c73ab735a504,sha256:03e1055293012d834a07d47377eed73fb276e0f7d34981ea293fbe9759c96981,sha256:f349481baccb4988d9c06974dbe87ab7b35b8aff6e14e8d46201bc1f882639a7
QPLIB_2993,ghcr.io/jij-inc/ommx/v2.8/qplib:2993,published,,266,0,0,266,614,sha256:4a3777b3dab6351a1c2e9f2efe3edac6bbfff5d3a1cab069c2e44bfbd6515bc1,sha256:df79b6b2dc87970e8f32c6cdc3a1f6fbaa4c6b05aaa4d0a2771c993a9ad3f35a,sha256:ca1b7fe3b9d164031b841cd2e33951272340fc19e7a2c6f64fb58d104a430365
QPLIB_3029,ghcr.io/jij-inc/ommx/v2.8/qplib:3029,published,,5767,0,0,5767,8527,sha256:f234e895b3f446f1c5be0cd25abca33830a3e5c7eb0aac13605b93c186e340a0,sha256:28a99fe65eefaaaa41a6fa4ccdc72e05c7a456509e23fd1247b249c280a9dc92,sha256:d0e66e32fe1c606fb037ae86cacf847a57f3fe64761a2a22a02383bbb0a89c46
QPLIB_3034,ghcr.io/jij-inc/ommx/v2.8/qplib:3034,published,,780,0,0,780,560,sha256:85d261224e3ab19483184f06cdd5890ceff663e65bfdf71c4754258b78b15474,sha256:ca4e741c5e137f9ac9a5466901bc75ccb9ed2ac7ff475148d06c3a37e7a3105b,sha256:2d529fd9747cad8ff5eadd7b5a3f11cd5c0825b2401e3586cbd9f05ab6d4dc63
QPLIB_3049,ghcr.io/jij-inc/ommx/v2.8/qplib:3049,published,,7000,0,0,7000,13990,sha256:72d0dcc1ad4e6dfdf0e34b823f4697b8a539da7a09224a0c4be4b8265a53903d,sha256:13337a53bb8d7b6ad6d6bd1bfdd9563424cd839953e1995a96ff445cb9c5dbb7,sha256:a1fd47e7658a23fdfd7359b6f3fe64d7aefa87885afc5c4d41d3f5895ad83a44
QPLIB_3060,ghcr.io/jij-inc/ommx/v2.8/qplib:3060,published,,840,48,0,792,1324,sha256:ae9ed17cee4f529664a43ed5c9190911e7ef906ed3a865e7e4a5169999fb8376,sha256:07556eb1f706e9aa105b5cf3970cc840c1e82e416b498024a6ad2c1bbbba6ba3,sha256:b062b679b0d39cca9c0aa967eaae69d2da89052913152e324bd3e75d478f23af
QPLIB_3080,ghcr.io/jij-inc/ommx/v2.8/qplib:3080,published,,4015,0,0,4015,7984,sha256:cab55322109067f228565f4f5e5c0c4396ae714cdca678d9626dc71549f7f18b,sha256:4a3bad8b2630b2939f9e308ef8ae41a187c4c72c84e0db33b98c431ba5b8dcbd,sha256:7e8f8a3712ca22234d780f74d9aaddf2c66bcba68663654b3ba2d80cc4449352
QPLIB_3083,ghcr.io/jij-inc/ommx/v2.8/qplib:3083,published,,243,0,0,243,452,sha256:42bd34ac426ba303a7a0f3cc519f4fa7e36c6261ae9ce09fc7f419d1f08b994f,sha256:117ef4ef5b00474df6dbfb889f21ca53bd02fa638066efc79da615d244ed1933,sha256:2d336f2719a87e6f5d8973ac53d0a0117bc40c97635bc52cce28f7209daae1f5
QPLIB_3088,ghcr.io/jij-inc/ommx/v2.8/qplib:3088,published,,3601,0,0,3601,6460,sha256:b149146138f17436a5f343cfa77298032c514e6bd24d30bb7d836774ba3cc46a,sha256:0a4d58d7333a86080b582d923a604edcb63aa938ebef520b98ea26662e25efdf,sha256:cdc9a62c6b2c5c92e70fea9b58402989b9fb5c9c7f6b7a512d37fc8c2b14143e
QPLIB_3089,ghcr.io/jij-inc/ommx/v2.8/qplib:3089,published,,132,0,0,132,168,sha256:83214862d150a6a7ada363de37aa856bf7a8be088d21b1be175250027970833c,sha256:5ff918cb8272cc62564ea39b23dca1522f71b15cdc2f5c8ec870d1aa0c6bdb1d,sha256:cbe1b0489b7f2638c9fbd80edecbae0e5f976f469386fd48eb5a4dd5f13b1adb
QPLIB_3105,ghcr.io/jij-inc/ommx/v2.8/qplib:3105,published,,18606,0,0,18606,33325,sha256:192b25ad8cb192e28dadd6eb13b2cf2e1a76d71078dc8e5743065488e586a0fb,sha256:d97b476cb39f70bb5ee06e667b409526b5d43b462a9658966a69403ebb81eeac,sha256:12d2d13b55936a9955e7a9bf244f5ba21088b25cff3124d34e2ab1d46cfb3e98
QPLIB_3120,ghcr.io/jij-inc/ommx/v2.8/qplib:3120,published,,662,0,0,662,452,sha256:04830645fced0d7d811474ac15788f0803212fb194886fd5cf14c11b775b1d60,sha256:9c45b4f1346ce968db8d656d0264a7b842651c449fd8ee0a834f198445604d56,sha256:d00ad5f9de14f753167130f1a1e65c1bc34560f6540421be9b971b5adc2a49db
QPLIB_3122,ghcr.io/jij-inc/ommx/v2.8/qplib:3122,published,,21124,17136,0,3988,37828,sha256:74e8320525cdba2dbad798e33682a5e2cff171fd130a35518372a26512a18589,sha256:4b898a3ae00c2ba4b50d7be57e3b77128eb709c4ccdac36a9f8ae5597646ceaf,sha256:163aa4659ec613ec97aee30b5f4fc40d38f606d20596214df2a886fd11adb6c2
QPLIB_3147,ghcr.io/jij-inc/ommx/v2.8/qplib:3147,published,,419,0,0,419,260,sha256:6965af2609ae596083144f52a6cdcd329ae8a5d24d63c647023ba5755271b509,sha256:b9741ed9e06955086f387c552ca34fa3d22974875ab6fa3b19cbde1f0434acc6,sha256:9dc8453d308de8b870dec0070163e2ceeb9767559c35efe63deeada9a30b9cc0
QPLIB_3170,ghcr.io/jij-inc/ommx/v2.8/qplib:3170,published,,660,0,0,660,400,sha256:013e41d800c8a6a190d0b288ff327c0e641d848934d3506a9047a0840374bf25,sha256:8ec9b4a85d276dbf1db028a81296d53270fc6d7465419d6ec88ee4a0f1583aba,sha256:22c9afccc388d19c9e194db2e11b4db42ac00f2c4be0ec2211ec53403d84aa2f
QPLIB_3177,ghcr.io/jij-inc/ommx/v2.8/qplib:3177,published,,1599,0,0,1599,2399,sha256:4222c85006833aa5c3fb83c571d3ba14f95ffcbac371fb109ce49a41de4776ab,sha256:1bb3e070ab49e3b3fa595989cbab1cadce2da2d1e229d38e6ff4f4f2baa241a8,sha256:7f679a41bd458ef803849a1ac12091d4f5d682920cebff91c4e5515a75f1dd75
QPLIB_3181,ghcr.io/jij-inc/ommx/v2.8/qplib:3181,published,,392,84,0,308,389,sha256:88fe33755876d2e97209188ee1ff09711fb298fbd55c7598f85d63ecc2208208,sha256:0fb8fcb20deb27eb7adbed45f4666aad6348e01dba9f31815c5d7c91c1e10ed8,sha256:f2bf706859bb370ec36abacb9dd6a7c6ed799ee35d98d474e1c2e22905a01867
QPLIB_3185,ghcr.io/jij-inc/ommx/v2.8/qplib:3185,published,,18001,0,0,18001,32720,sha256:f8544e42070394784cb12995480a7a4f0a25f74ace2287b2eac872783e7d9a4a,sha256:0c3d8c3964187ddeb47fe459a6b188c97ed4ca699d8825c56546e9aa79615138,sha256:6c24c0cf01ac3df2d66248ea932c7517b96b67db80940872e98b6cb86fdf6986
QPLIB_3192,ghcr.io/jij-inc/ommx/v2.8/qplib:3192,published,,479,0,0,479,339,sha256:22f3d706e434b2cabbd31d2a7f3d84c4cca9c7f7c370e79acffb9c0326faf2f8,sha256:17189003272d2fb6971d4286ac00a713b45ac67357b0065e2dd83b89ad4118af,sha256:e28f38a2dfe7c93c24bfa4b79b34b61de16fca96227f8f4f9928c6f786ff8d81
QPLIB_3225,ghcr.io/jij-inc/ommx/v2.8/qplib:3225,published,,136,0,0,136,142,sha256:2324404c527243d72e4a3d8e45b349478f9bca4f6c54a29497f9e07fcebb1d2b,sha256:28282fc482a308ac4066af330a878293e1b04f39eb23a8ad3ea503b5a4386518,sha256:2ffc6fa43f4022459ba44bf3e8bd83231bbc18d37c6267b3c7832a4f82e49ac7
QPLIB_3240,ghcr.io/jij-inc/ommx/v2.8/qplib:3240,published,,516,0,0,516,803,sha256:e6deb76e1656ccc4659c43695fe1f1c6c9310388c081b83e8ff1e05c60d5d4f6,sha256:c1eadc6544066b88c91d3836892cedf20e7cafd3d667509c22f970cea8ecb406,sha256:dd3092fc9b936bc6187b235ca42c291250c5340216d81584b51e7a00ba25fbcb
QPLIB_3247,ghcr.io/jij-inc/ommx/v2.8/qplib:3247,published,,361,0,0,361,800,sha256:11a0b5ab4c52e41a035f52ad300b4ca29ff45fe4d69e64fb991c12ef710a6ee3,sha256:dfd36d4c6af5e7c5aaa2b1fc988e10959a8b71c16a8d95793f3f7c1714da630d,sha256:065e277f5f6d6a0587904fd09e21901376ff63e5fdd62b585ba078105d1a36c1
QPLIB_3279,ghcr.io/jij-inc/ommx/v2.8/qplib:3279,published,,307,56,0,251,326,sha256:5c4f0357966a11a6c4f074e62bd7251da7398d7cd9b8e344c1b4a07ec697962d,sha256:a7877c7cd57cf9d96416e9d33baaa0b6b26c6e38e5d23637dc5ef22de166da31,sha256:750fd638f77940ae724c78fe61d3f314cc555297926b0572595411dff6405ebc
QPLIB_3297,ghcr.io/jij-inc/ommx/v2.8/qplib:3297,published,,8015,0,0,8015,15984,sha256:2dd39562cff482e01ddecc0dcafdb552f94ca1f90d9a86c51a3c3db5ad1d7e55,sha256:a6cfc992c72891d92e0c2191310b4ae30e9136b956bc8ca5a060d296cdc44229,sha256:5e4bda0a6d66a8772060a9238a6b2e64d837703193a3b207b2552dd61c0b962d
QPLIB_3307,ghcr.io/jij-inc/ommx/v2.8/qplib:3307,published,,256,256,0,0,64,sha256:7caab98e4f8fb1419649db254838d51805606bc1108c7c1b95371a9645e1120a,sha256:9d727fa873d3d139ab364d70c26caafba70b468d52b0d9eb010cd7f5acf66a3a,sha256:9069c4b3e3e313c54fb4e84f666b3502f730318721d64b23c26d9260cbfeec6a
QPLIB_3312,ghcr.io/jij-inc/ommx/v2.8/qplib:3312,published,,41406,0,0,41406,74285,sha256:066f0dcb2fc90eecd0a7567f5eda323f540039150e09394d3a92f06e50e41a80,sha256:85f2c293874a0825a1125e1d4b26d5fb060136b59aa46e998860d24695f063e5,sha256:d14760093436d900c294213590829a578c140c4a7d987ad0ddc91a6fe8c171ec
QPLIB_3318,ghcr.io/jij-inc/ommx/v2.8/qplib:3318,published,,25,0,0,25,480,sha256:e83030035f033a122824ad0e82833ad27d00f4ed4cc37d9337e985bdc8ed63e5,sha256:338f7bb7cdb2113fa5fbb80548509150b43eba7c91cf1f3120f36e13b6269bcd,sha256:294ba8785f1b0d02e472fcf3ffd1ab3e9c686296e5f0928596422bca42283a33
QPLIB_3326,ghcr.io/jij-inc/ommx/v2.8/qplib:3326,published,,1750,0,0,1750,3490,sha256:48455d405988eed3ba6fa41ff317277a347102d7f00464206f098872efa84176,sha256:db174aa6b171ce1a056d9e9566e1f197ec3f85662a547e83629030d9ff97d7ec,sha256:b65b24629a1bd47f2bf11423273e152e623ce72b0b5ed73398de00c5e2ce22ff
QPLIB_3334,ghcr.io/jij-inc/ommx/v2.8/qplib:3334,published,,715,0,0,715,470,sha256:f61e472fbd28c92e8a6f248273dba8675fefc6dc596d29be4e4cddc0caac7345,sha256:2d9395b20f5ab6e7e5febe3b11d5e68e5405646cc880bd076ceb438474bed950,sha256:656886bb736ca9dc654fd21ffe1aa680813dff16e984b9efab12060559159987
QPLIB_3337,ghcr.io/jij-inc/ommx/v2.8/qplib:3337,published,,297,0,0,297,396,sha256:c6a34eaddc4e582d2b7b85fc805329e7833877d839f69a74ed0271c45c7a0ad0,sha256:25cd8bda82a4a2b908501e25d21d1c093a376f73766eedca64353895d527ad9b,sha256:f5b5d0103c8ee59bb8a65ea2b7f183f918b9758d594b07b456da0b13a775e57f
QPLIB_3338,ghcr.io/jij-inc/ommx/v2.8/qplib:3338,published,,320,0,0,320,252,sha256:5a8fb3f361ba407e6c64eb84536717d0b067fd87c8ee15f6417c534b672895ca,sha256:bd4d7630f953615f2ccbb26ac88aec6442040c332344a8d3004ff0fd685eb1b8,sha256:53ca51a5054fdf3bc2f015dafa3dec2a2a54602ace43d397702f718675951f4b
QPLIB_3347,ghcr.io/jij-inc/ommx/v2.8/qplib:3347,published,,676,676,0,0,104,sha256:dc2eb650ceb2351985a5738e01d477dc2e8aeaa8350eb65d6d0c66636e62ddd4,sha256:cfb95f5347388db42edd85205c481b39062533aee5a20c6bda89428065e7adf9,sha256:1e9ebd17f4bdd96b49c244c90719cf5d20082ead8c778ea93b907158e85d4b32
QPLIB_3358,ghcr.io/jij-inc/ommx/v2.8/qplib:3358,published,,158,0,0,158,317,sha256:d3aeb285bbf3f316d10a49b917872c5fd2aaa38986150c3b95988e9bfbfd8ba9,sha256:9128a003e22950c71651a7bf14dd37aa822c884b02f0741f0e6736b39f09f756,sha256:1195cc84f2473ff8d4cab5579f7098b0eb5f644c849e89c1d0d8a26795f72c79
QPLIB_3361,ghcr.io/jij-inc/ommx/v2.8/qplib:3361,published,,1024,1024,0,0,128,sha256:6ad85f83f213941787d075309010acf5cac12fe29986bb21844b5dab47b76fde,sha256:4f7432df5af23ab11762ae87f1208f10345f08694007cf9bf7c76d8e5fd1c8f3,sha256:b0d7d0c91963e5cd35e40595e761a9133fd5f154e5acd202423bcb8ab34bd2b6
QPLIB_3369,ghcr.io/jij-inc/ommx/v2.8/qplib:3369,published,,485,0,0,485,284,sha256:7016f8a460dc11e9077505b2fe40e476bd474242adf913600a2bd4a82fc95703,sha256:b09c7e73162e4c927253d41c3bd76ed9abd830835016030bceb9a343bfb0c238,sha256:fe28b5933054ac181010395886299d839e4f3d51ae8e1461757320c081be89f7
QPLIB_3380,ghcr.io/jij-inc/ommx/v2.8/qplib:3380,published,,8904,8904,0,0,1646,sha256:ddc0899e0436b3e465124fb8f27333538d54122f0dc33e2f603dbb9c1ea45ed5,sha256:aa08ecf44e61cc004aa0a815b5a58dd42ca37b89953a64919248fa70e7e0b676,sha256:36610181aae7120c6d059da9bdd6c2920e7ae011e5c366f33834538ef09b02c8
QPLIB_3385,ghcr.io/jij-inc/ommx/v2.8/qplib:3385,published,,155,0,0,155,268,sha256:1732c0967a2aca9b689ac17b9f91660aeb729af15072656d213ca3a4399d5a48,sha256:a696fb7dc7a4e9dd4cb59761ac71a35d3fef8df068813cb922990e0f00fe5fc4,sha256:db17516d97237482d5c8aaa975f4ef19b17ecfe66ca5ec139e55c7694ecfccf1
QPLIB_3387,ghcr.io/jij-inc/ommx/v2.8/qplib:3387,published,,170,0,0,170,141,sha256:8ea9fa6365a213ccf0d3fdbad939d99420de8a6817ae8cc5b4cbd40dd2dcfa89,sha256:477515601084a6725a51e51326234f81af7507a5da8e47bda8565799000b2de5,sha256:56e61db36a8a9b06bff96738523c732236ec369a215ac265553555b4c8a800d0
QPLIB_3402,ghcr.io/jij-inc/ommx/v2.8/qplib:3402,published,,144,144,0,0,48,sha256:5a830979fbbd7fa8aa9251b7ab07edd7b856d98456bc745465a208278d60d596,sha256:83c7dcc80a67293df0311ba1ee8dc1f7243945be43a264c70c9fb08eb33cdc1d,sha256:2de0cd56ef3762094071ca29699c58c8d9f73f85e07e04a36f49f3556e924919
QPLIB_3413,ghcr.io/jij-inc/ommx/v2.8/qplib:3413,published,,400,400,0,0,80,sha256:390a45fe614f40b9fb9c94d37499c58cdad7cc222253d1c035a91f460df471e4,sha256:2fb17a3c3a52275ceb1bc4f1f281beb676b734d6df1e3e3d482c68f060b08bea,sha256:e165cbcf430f3a0abfe2f8c6ce7a810ce66f457d9a0ebd362d9f60aa5b93a02b
QPLIB_3416,ghcr.io/jij-inc/ommx/v2.8/qplib:3416,published,,424,0,0,424,224,sha256:ba8f2bbe9c741577d493a63914c006ad9f7c287b74c646f5f9b245fbdcd468b8,sha256:b68f9022ec1d61756c5b96ba8a120b1b8d3a1a9163b169491d780edd97f808ca,sha256:c5cfabad38e72cffe9b74e4c07e88c3e34c4f16c2009f80fefeb5f83b4f01f24
QPLIB_3496,ghcr.io/jij-inc/ommx/v2.8/qplib:3496,published,,328,200,56,72,719,sha256:6ba5806cae44761924e9e5f68172cb18ca83265a7bd0f92636ce8d64a7334212,sha256:4a224f294153478dfcfbeac968adc2b3139600b5ca32d5ec3c955d33e76c3407,sha256:edf386c714583c649cfb5f376c757c897bc5101d0801087b21c2cbfb5411a8a9
QPLIB_3502,ghcr.io/jij-inc/ommx/v2.8/qplib:3502,published,,13010,10920,0,2090,5534,sha256:261a58a1632c530e168cd681751877d868d8c5ec1ff690c5a66f8c2e03bdefb0,sha256:22475aadefec32f1e6d430c347877a7ba9fdd4e4e4b9ee3fe88d142ba44a7dfc,sha256:95ba0fe7819a86953eb4f37a9668ce49a3169c9e4c18747be1e97a576e157ee6
QPLIB_3505,ghcr.io/jij-inc/ommx/v2.8/qplib:3505,published,,804,201,0,603,1010,sha256:b7dba3155dbe4445af139ca8cdd4f2af4181091ce6aa836042439bae18d04114,sha256:528a449e0ae97db57f54d76d2fb6770523dffa1e80c584e50d0afbf48095f05f,sha256:82adea8805e7b2d89876bd9a463113bdc0d25e2d3cf130ce44168f3d74c63cf9
QPLIB_3506,ghcr.io/jij-inc/ommx/v2.8/qplib:3506,published,,496,496,0,0,0,sha256:998643715175d303f60b8f622381a2f4d57bc16207a9e5df7f349d2c68b22a98,sha256:f3bc51967de3968e3d0a11be320b3c358da7317e5f7170bb82feb8de5c6c90fd,sha256:b50876f2a202a67a614e8a1e468959006e9203feb521475f1fd878561bc16bad
QPLIB_3508,ghcr.io/jij-inc/ommx/v2.8/qplib:3508,published,,3341,2450,0,891,2372,sha256:531d440e15fc7c93dcdfd39402caaaac99e64a86b833aabf77ebe6acfff481fe,sha256:6c9f39749b5b6174573c83979ea1ec373e25bf84d48f19983a9975d67ca3242d,sha256:67aaec96539184e1f67b6dee2835c1bd0be328cafdd93f24d8a935a459e712e7
QPLIB_3510,ghcr.io/jij-inc/ommx/v2.8/qplib:3510,published,,1024,105,0,919,4870,sha256:8c7a1fabfbf163e351d84a4e19bd6899d6efbbebce9993bba486af10ce9017e9,sha256:23863ccc9e1b87c997032ff15ef1994b26a0ab659357dd212376024711320992,sha256:88431ee69536fbfb3f4696cdd7f0dc3df423263f4f9eaa589e57512401550688
QPLIB_3511,ghcr.io/jij-inc/ommx/v2.8/qplib:3511,published,,5742,2450,0,3292,7174,sha256:a31ffa9849b2b7ee45bcc470dc92103c56f2ab74dace4dab847f8ecdcf7a3cf9,sha256:8b8d9016869951b500798dce09c908e50fb35e7943410e63e97eaf821339066f,sha256:f465e6ff7e3d17e660a8d503d58ae3a2127e234a877e9928f8a98ce95116f8dd
QPLIB_3512,ghcr.io/jij-inc/ommx/v2.8/qplib:3512,published,,191,72,0,119,474,sha256:2d4cc21eba431651f7da758512c8a8d6483b719b303b3102dff605c0c10836e6,sha256:01cb2dcce8a29d1051fdecacc51dda0d478216dc9807b7e2926799b493ca4517,sha256:48dd4708f6048b14a500a55011047b6c671a9ba0b3270fa92ab0a77f6e8b6ef5
QPLIB_3513,ghcr.io/jij-inc/ommx/v2.8/qplib:3513,published,,2020,123,0,1897,5067,sha256:2ae826e594330892726228390e82656daba0aa3df8094ddcf3d5ef8afb5e63bc,sha256:611ccfd814c5060e26ca677c1094d3cd423ab1b827fc9065a25eca25817b7f75,sha256:e71fd96496728e567cfd753f5208022a07ed09534d8276d0a32452abe915c9f7
QPLIB_3514,ghcr.io/jij-inc/ommx/v2.8/qplib:3514,published,,1815,15,0,1800,1920,sha256:2481f73afa659be0a53ea96d3b4be892d77d397dfcecb7c9c8c8248b71054c11,sha256:b2d599318f9d10903c8b5dc8c06712a6a0dad9dd511620af07cbaa27b5704101,sha256:c78d20d5fb2faa12a6d7835d9fafba6e3cf87892303c506033300f5a2e5df113
QPLIB_3515,ghcr.io/jij-inc/ommx/v2.8/qplib:3515,published,,734,352,0,382,828,sha256:980b6991e908a3cc775eb4f78c6e0272d4d240ce4634435b3ea5581e11d2ab76,sha256:9d71e2b0ee975fcf15202550b3185f44ff23fbb102deac72b5c8f7cfc0703ad3,sha256:383d953e51c27e4a76f2bc7037dd98e45008d13dfa5e802a861c39d349f20484
QPLIB_3522,ghcr.io/jij-inc/ommx/v2.8/qplib:3522,published,,630,42,0,588,423,sha256:dad32aa1583b07903ad4b1f79794e9feb0b39f50e62485006d0598c4b10542f8,sha256:f5286e7115ac6372a2c154f398b8f29fa48cae70029ff2b045842b171d3aa91c,sha256:4f356b5269b06c6e3693f24954f4a6691cd6c39e3d030358bbd1dc54b6e0725a
QPLIB_3523,ghcr.io/jij-inc/ommx/v2.8/qplib:3523,published,,182,155,0,27,1456,sha256:10a27bab5ad8089fb53f990fe8e4d6581707340b922ccfc8d2bf76c9ec3808b1,sha256:7bd2ab4af0cb9d9b0e60298e49b9b5a2cff51dfbb729a14abd9ff813e75a26c1,sha256:8b9559809876ee97c846f8fff37a6e85818e075d46d80afb78a164887a0eee0d
QPLIB_3524,ghcr.io/jij-inc/ommx/v2.8/qplib:3524,published,,1081,132,0,949,3792,sha256:7e17a4617ff7d709b55fa151c4c31c39ccebdb807bd585ed8ee6b3a69346cbe9,sha256:5f6987f1c8639352619d79b98f2bf038e10658f7961d9f22bd9c082c55ea9605,sha256:e083bd46ce59b2c952ed5190f8df90dcd38c42b9a2d947ffb221372489af0be7
QPLIB_3525,ghcr.io/jij-inc/ommx/v2.8/qplib:3525,published,,1749,831,831,87,182,sha256:34036804033ed66102fe31aef30ad8a031a05ce344d6c58164cf2ad7c8fa09a3,sha256:197d73cbb684ae77973e57e54bd62b147e7c2e578d40c27c25fa6c5c12de00b7,sha256:2daaca4d6ac9b61f713c63049cb0b7c2132c0d0060bc55bc89f23eb7368abb10
QPLIB_3529,ghcr.io/jij-inc/ommx/v2.8/qplib:3529,published,,1526,38,0,1488,3558,sha256:79b569d0633001d1dff7c98a6130fd5ea1fdf9b0d7dc99bbd68c628565b7596d,sha256:8f91df1934cde9c70b3baecb732d00a48e9a18eacfb1f644ba10a79ef39a72a8,sha256:5e60730e331cdeb5f2cefc63fc964dc19c8be02f2bb42a5a8f0953023f4f66af
QPLIB_3533,ghcr.io/jij-inc/ommx/v2.8/qplib:3533,published,,383,240,0,143,352,sha256:d3f7d78980c9d984ebd5c38d266da93d1d6bdf3b1d4028c8bf95d24a96aa7089,sha256:772f6ce1ddbadcd411b277ae34f46618767f20cec74e0d7a2054e42c7cff23d8,sha256:1f7e53b68aa7ffce2a26aa32372cc74a90e0d0442ca2422d938d09403730beda
QPLIB_3547,ghcr.io/jij-inc/ommx/v2.8/qplib:3547,published,,1998,462,0,1536,3226,sha256:063b86e985f8494b9520db8f21cd8c8ef87a16498798c4d91bee49b3bf7c0330,sha256:043d6694a7305f5ca7b63db5fe662c06f3ddae38a9191ae91fa613db06179059,sha256:89aea8870f1bd963ec0c4d82436077677a96016ab2ebbde9b0f7631cc451d6c0
QPLIB_3549,ghcr.io/jij-inc/ommx/v2.8/qplib:3549,published,,1683,650,0,1033,2343,sha256:e03d05b63e27f976ade9efb7640c364a9d051b5fe6ba2fd568694af26f33cd24,sha256:58b58ee79e65fe387852c210c229b8116348e77050a861d0074ea574ab0bdc0d,sha256:56a7e33662678c9c43427452717b5f09e58260a2db00e1687082501d7b95a934
QPLIB_3554,ghcr.io/jij-inc/ommx/v2.8/qplib:3554,published,,384,14,0,370,742,sha256:a3b1574b73a0b3762bb6b30920771d5827e84cbc1224ef7679d8960a3e971059,sha256:23f7e26e6de961be484eb71d1169d1146903bb2e6d81e9d3d456d834f159b7f6,sha256:079b3fcef9848b176495cf7d6e6f1458ec994c7091d1b82f6f994f57029825f9
QPLIB_3562,ghcr.io/jij-inc/ommx/v2.8/qplib:3562,published,,63,7,56,0,42,sha256:f412b99fba15a4f288b522b3ee956f60496f77b5c367f450d5b0b1a3f62401ec,sha256:b029ad02e377845ce379e013775c4556868e244c1841586589fa1113737e6682,sha256:cb8bb4b1ba208745efb8758b68383479c86f91f37d878089f98556474ccfe079
QPLIB_3565,ghcr.io/jij-inc/ommx/v2.8/qplib:3565,published,,276,276,0,0,0,sha256:8b0a9339d7df3b47e559e35c3f0265cc56121ec0cdd16adff7230f9ad8104d7a,sha256:bc2805d79b961e54e0d43eb961747359ce9f176e1e6e07911ecca395dd21c9dd,sha256:e6ad69c4d03d8ac3e91af2541c2efb522fec0f3b136e06b3e19ecaabb6ba78bc
QPLIB_3580,ghcr.io/jij-inc/ommx/v2.8/qplib:3580,published,,132,108,0,24,84,sha256:d0a27cce4824ec10d26f860d439a92b6ffb88ec129e4bf677cf648975d54f812,sha256:50316ca3cefd7fbb38e0541ef9c40f43218b799127510d5e5823106aca87e637,sha256:72c37235381fe4564a8dbb2fd3e338b9a2445a354f10ec891fbac6703f27f4e9
QPLIB_3582,ghcr.io/jij-inc/ommx/v2.8/qplib:3582,published,,216,184,0,32,112,sha256:160d2c5da443bfaac00426fa9599c9336890ff1f39bba06ed2abef542c2cb3dc,sha256:b3360fb7e551a7ba5e69db643f2b8640d8a3dd362f304fbf0032d416e84e56f1,sha256:4d3a011652002169aee60b447a7fd4d7548413a6b7737fe354c2fd615fb76dbb
QPLIB_3584,ghcr.io/jij-inc/ommx/v2.8/qplib:3584,published,,528,528,0,0,10912,sha256:9a8c68ea93befc3b6e8fe57e833ff7882736e18cd751ec43dac05f1de25af44b,sha256:5dfd3f8e69f35b8d24005ca86a6c3815c8ae4c3dcd8452c21f54309339465c9b,sha256:deecb2c491253925d96ef4087991c85b84a1c92f32b06418f95c1845c93ce7d5
QPLIB_3587,ghcr.io/jij-inc/ommx/v2.8/qplib:3587,published,,240,240,0,0,76,sha256:e586d3290af62c0298316050875f4210ee1069572e9633bc31663255d19b6b5b,sha256:217b31d7a3732faeb278cdfa52bc12b1d2f25ff62aa02412e4b067465fc81e0a,sha256:e3c46a37ab63e692336799918a5795e191d78bc47e9b6efe1fea17ba6fa25fbc
QPLIB_3588,ghcr.io/jij-inc/ommx/v2.8/qplib:3588,published,,992,600,0,392,1050,sha256:dfa0c30ba3288e795603f7d27302004fab0e247cd3896c36f482cbca73b5800d,sha256:eaf9f0ae3d1b4c785e40592c501ba3e93779975abc5e2c23c4c7a40324c73c0b,sha256:0567ec05e8577d014042a516fae63bc102e8abcc1c532ec494a33084c6ee6af4
QPLIB_3592,ghcr.io/jij-inc/ommx/v2.8/qplib:3592,published,,450,225,0,225,510,sha256:b4f74adc52b4b8df2ec4da32ffceffb119c99a20031cdf7e1644d607d1de0f3e,sha256:92d23299c83160184e0d51f66e706e450a4d492a44f8198b8cd33b968ba79202,sha256:d6c0260d738d1b87dac2aedcbad6e077fb32cce6a47277859763c7d7a809655a
QPLIB_3596,ghcr.io/jij-inc/ommx/v2.8/qplib:3596,published,,1025,104,0,921,1916,sha256:089d912702aeb676d5e45aa9ca56acaa12bd5eddc9f402e7a4928355ba775504,sha256:22dffb4dd95a382e4dd0976d3c0e15dc9bd342204abc18957cc859c38a1bed54,sha256:9b9a4c2775d0895ed25f03fcff024047f939c5eb48ab822745e3ebf7d793543a
QPLIB_3600,ghcr.io/jij-inc/ommx/v2.8/qplib:3600,published,,128,112,0,16,86,sha256:b5acd30b9add2cb7e5a825b93a38628e93c44e3a15f4f610a46cfff8c6a3b368,sha256:50a45f041b99c7d15dc3ac8de1d88ea06dec5843839b0ff0e1cdc8a3c2155363,sha256:7371d259f2061bfa28938184039bffc96964ae9eca3689b1c635d7fa91d35a4e
QPLIB_3605,ghcr.io/jij-inc/ommx/v2.8/qplib:3605,published,,1236,160,0,1076,4948,sha256:91a8fe80a21ca012726b2e1df1e4752eb1c10bc104475e0ebd47bffd2b3b932f,sha256:f0d25765df55816e1d9a73760b19ee1b645dce7eae7cd77b8585b122a1237942,sha256:5d8011ca043efa4209675e94001609e4a1e856384cb71220d178eafc4128fbcd
QPLIB_3614,ghcr.io/jij-inc/ommx/v2.8/qplib:3614,published,,210,210,0,0,74,sha256:54f3268649c4e79305fe3b1da4398dcf0a4567a3ea07de7b4ba6476bf2609037,sha256:97edf7c0d3b99638335d929120454e6e0676e4bac2df977c11ce50f2b1af3d35,sha256:20cd7339bb6e598bb15101280a2211684b97dd79d949b5ed5b5ddb05f3445f63
QPLIB_3620,ghcr.io/jij-inc/ommx/v2.8/qplib:3620,published,,3472,187,0,3285,8467,sha256:92b7c558431d970149a179f2806689b129e6fba318c6e0f4963d7dc032b66024,sha256:0bd6a401bfd2026632b33d2e1fc45aff30323c937a0a8656cdba6a66cc074abf,sha256:0ff4bbf7a702f05d00638fe08d4396576c9aa4ae6d490a5f655281ae6d7ef05d
QPLIB_3621,ghcr.io/jij-inc/ommx/v2.8/qplib:3621,published,,1764,109,0,1655,4388,sha256:1057c30cec6e3157e5f25e463b85b7c8a4d6cfabde5380325031712fcb7b284a,sha256:2c1eaaeca183247e20851c1a937f9d95623c226100e74eb1e192405030defb7b,sha256:e46d0fcf7f20f1ff1fc18193852356d32bfcbd511b380f2f3e80a30ace58e554
QPLIB_3622,ghcr.io/jij-inc/ommx/v2.8/qplib:3622,published,,2025,25,0,2000,2080,sha256:28ca341bd2fa22ad85cee574e30298e583a58b7ad0bc62bace0ac17f7f8d9dc9,sha256:f18210dba1528ac84e36f7c14bfc308fc0b3fc55f447455181f06cc85f29f504,sha256:ba315262b5c9c3548efa34b49c28f5151a1399f01b705e51eb127c589b8ce726
QPLIB_3624,ghcr.io/jij-inc/ommx/v2.8/qplib:3624,published,,6440,40,0,6400,6560,sha256:b09d32408edd0717dbcdbbc26193a4fe297b938abf14ccd84248622126a50711,sha256:2bbfb25c56a630868e39ea7e316e79b2afaeb7f82c659edfce8019dfdc4a9f0b,sha256:6902f765f649c299547a396aacb2423958eb2cfb06ec4516a819370173edc90f
QPLIB_3625,ghcr.io/jij-inc/ommx/v2.8/qplib:3625,published,,644,46,0,598,381,sha256:f1a8b79fcfca9cdd01c09813592bb71a4d979d520a8cb923ddb4489043e1862a,sha256:3d461a72d1eea43a3703699cd3fdc592533a5733511efa1ad405c6f28584acae,sha256:de8292d8d7c06f87d7f550830a5befc2912c168d0c00cd0f4dbc56ae79840943
QPLIB_3631,ghcr.io/jij-inc/ommx/v2.8/qplib:3631,published,,893,750,0,143,420,sha256:a21840542916743430aee0b7d0c3518829e926eb8e8009420517ee325148e816,sha256:5f61e0eb50577b67ecfb7458b28ae76e543fe5a8d59609facf7ffb9829253b9c,sha256:b95657d09ef0f4edf20424240eee041041fe2540193ff05b50b6d34b7f7c6540
QPLIB_3642,ghcr.io/jij-inc/ommx/v2.8/qplib:3642,published,,1035,1035,0,0,0,sha256:e09da7435cdd2c49306f18a7f4ed5920da2f525a07aa1395f49164860b3327fe,sha256:b051ae7093ebec77574ec919de684d9c90df266aff16962e293808672ae4e094,sha256:0ff81d246f19fdf28f9d721e279a2035bce1f115497b70ac4d2d745360af9e82
QPLIB_3643,ghcr.io/jij-inc/ommx/v2.8/qplib:3643,published,,360,216,72,72,925,sha256:6b55a1a1aad590fdc60266a9da884fb5da90455793578e65041902a6b3a6922c,sha256:23905dad983bc2d7792bb965d5c6c6319ede9d77117b027604732f2c63d97632,sha256:319bbd62e29887126cfafe1548a9c23e73f6a2678ab49cbb24fccbdecacc3236
QPLIB_3645,ghcr.io/jij-inc/ommx/v2.8/qplib:3645,published,,403,101,0,302,508,sha256:84564840df17516900b87b97ff0e66b426bfd9bfa19cb92d3afa0d8c41bcab7e,sha256:8bed5ac69769b23f4a5ce2839f6856b7c602a3a31d5e4e816aa464b5d1bc82ad,sha256:3495f586e1c6ddd28cc131323b7e09a10cabd80856f7b5eddce7b57d5b6ca5e7
QPLIB_3646,ghcr.io/jij-inc/ommx/v2.8/qplib:3646,published,,2020,20,0,2000,2100,sha256:a7582669510450ee702df7468c17e9734d6eb6d1938074b48a2b753138d7d405,sha256:2c79153e7f4edb97e5aa2d70d443da7527f4c3f56e0c933e1f90fb901072f609,sha256:11a0c69639855d7b6cbd70762e1d2d298c157f450f69df16466a207d7ad797fa
QPLIB_3648,ghcr.io/jij-inc/ommx/v2.8/qplib:3648,published,,720,40,0,680,571,sha256:cdcfdf988b4c1ad97cbbe792da0d7095823c7fb4a04d1cb49add17ba00d7fc07,sha256:65e2b598a1fcc4a68c84efae480b0beae10399a5579d4f11ac5fe78541b8033e,sha256:cbb5231be6742df2395b108baa23db7798315180abc398c4451f73ef9eb7af30
QPLIB_3650,ghcr.io/jij-inc/ommx/v2.8/qplib:3650,published,,946,946,0,0,0,sha256:e3f7540e1b1e9096a22c2d40f6f15db019ac3ca23b9e3e06c489f80b8e2721cc,sha256:64e5e1662b8298a0c6f2f4c10adc7eb96b1f4a7707cca1a4f44e9f6d0517f411,sha256:3060c62c6f6af50c5b404a3b948dd064b1388550b1609f8d1a98adb864a7ca90
QPLIB_3651,ghcr.io/jij-inc/ommx/v2.8/qplib:3651,published,,2276,137,0,2139,5763,sha256:6dc99ac61f9526555d851a22fc47b15d3bd8a60a7b1ba90dd285e3bf5791f41b,sha256:b9fb1c2e6fe31721d928c838d80567501eaf190e4fc08dea07e91b4e23899373,sha256:0d932211dc36976b87c5f221c7470fc4a8c1a3c2954c9a76cab28af861750470
QPLIB_3659,ghcr.io/jij-inc/ommx/v2.8/qplib:3659,published,,5537,0,960,4577,11074,sha256:23a7fae0c434dd17a91ada63735209179ba6b8356bf5907843b5f29b19a6f749,sha256:b85e465e15a727194d340353b4b5595d4580aa0300f1c3c34de8d44fe879994d,sha256:78d5b349894c007f2dce7e67d0e59cee28933ca43d0f440032ce76d581b31224
QPLIB_3661,ghcr.io/jij-inc/ommx/v2.8/qplib:3661,published,,23813,10816,0,12997,27450,sha256:acabccf8e852fa6895db06d50e780873c0f802877f438c42c0f4842b8f0056ba,sha256:78754082231a5de5962e034421984f8ce347558ed0b1daf1681559445a9208ea,sha256:def556a0234bd6d5fb4b14c2dd141303bf149b7e2952b61cb18618dae3fddc9a
QPLIB_3662,ghcr.io/jij-inc/ommx/v2.8/qplib:3662,published,,176,144,0,32,102,sha256:978e54ba8b6893307d7d22a44b3f3e9468e0aaf4c2aa9d58c436d52110d9d359,sha256:423a3e3508800f1ee9c9b5ebdb948f2ab5371f8278116d036b404979ecf47c11,sha256:f07d0a32100e099722340d88df6138d5b2ddfd3ad3baa69d37f1da16cbd6fa78
QPLIB_3670,ghcr.io/jij-inc/ommx/v2.8/qplib:3670,published,,918,54,0,864,555,sha256:9db053e2afe6cc23cf583266c309ce6b2cce909d9adbf29fbe8dccc9753ea198,sha256:c17158f3df7cc52a08086d8d064dfc5b678ebe321760bd4b2a5163e8b06aebc0,sha256:784603b0df5509bfccda0fa7313725c8af9f327edf4c0d6584831a261c412150
QPLIB_3676,ghcr.io/jij-inc/ommx/v2.8/qplib:3676,published,,9030,30,0,9000,9300,sha256:1af7b1c6deaf2c29ffdad1e9ae17e9ab852fb6a30c74409aef247ff2bfee42c0,sha256:41231ec8119c242c1b06b8bea3768310c255ed8c942f8b9dbe65daec70e91c23,sha256:b695d90c0fd26198eb24de46724a21311eb5a90371ac7f03a84721dbf97643f4
QPLIB_3677,ghcr.io/jij-inc/ommx/v2.8/qplib:3677,published,,6030,30,0,6000,6200,sha256:dd253b313ac7d30e5573109d7f27c2429712ce35cadef518c06dd351344f8c0f,sha256:f3d6cad2225bfe0035b7740024ef17e7c2fdd8959262fae77fbc6fb7e9d4c4f5,sha256:682b46a18f77cb81bfdbd65a811ed52388ba421342ab3b19821037cdda531a4c
QPLIB_3678,ghcr.io/jij-inc/ommx/v2.8/qplib:3678,published,,600,200,0,400,604,sha256:d5f3dd34115b46a4d0cee11dbc5a8cfb9fa24391fb19c32ea90a7480623556ab,sha256:0ecc9ec0f79bc2481c17208566c894c7dadcf4e9366b60211f8a8740f483865e,sha256:32555d3ef0f7290b772b26880d8bd27c48f06ad2ee871171ccbd30d85cb2780c
QPLIB_3680,ghcr.io/jij-inc/ommx/v2.8/qplib:3680,published,,108,92,0,16,76,sha256:52c672a36e60c5531b6bc2d43b8470871082bc056b51f23ec6f311e2efe3e291,sha256:66f5a1d53061c74fa5e681c2c53c96637956c56ed54f3edd2b05c153dd030b56,sha256:8bb01da7859272a7935c65be76aca32d9cf89cd7213b03b43e3ca6e9db19c842
QPLIB_3683,ghcr.io/jij-inc/ommx/v2.8/qplib:3683,published,,150,126,0,24,90,sha256:302078bca1b3a81a32151fedc81448cf244e1fb8b40882a9c1aa8fab78957eb9,sha256:949d48eb74c8bf95ed5663ea8a6a0ffe0f039be16b8411723c53377b477b5137,sha256:219710747e0a67049d79eab593afa5aa9704cee4014d318900ca751ffe841fe5
QPLIB_3690,ghcr.io/jij-inc/ommx/v2.8/qplib:3690,published,,6020,20,0,6000,6300,sha256:060a7a74576f0e40b52c560935780d3b4edb07bb16a7132bc4e980411097cbf5,sha256:cad18ac31eb67e377d9bfe6deaff92ececdcf8fcaa2421e2e1b7cdcb57d54080,sha256:f8fdca78e69480f26036546d46364558f396f69293899bffc7f52fd7eefbcc3c
QPLIB_3692,ghcr.io/jij-inc/ommx/v2.8/qplib:3692,published,,1219,128,0,1091,2210,sha256:e6fff833a3d8ecabdb54aef24203c4b2e33c19cb72b828b1062ba843f0a8f5d8,sha256:d489914471b1d331362458c00f0e88861a29cec84e5f0c29d59dc9d8df6e3b35,sha256:1214abceb4d762a342b8b5d6a98539daa8ead4fb07eee523ff31dd8eda05d602
QPLIB_3693,ghcr.io/jij-inc/ommx/v2.8/qplib:3693,published,,1128,1128,0,0,0,sha256:1d346b0cad54af2b2c624621adfd393579b896986adb5c0e322e47e339d276c6,sha256:6164d1e38e668034d6ad887925088e58763fc53910e1bd86e17daef1eeef9ded,sha256:9780bce70eaf494810cd42a7ae2aee0772b9cd3b9de036eb0a53073824037ee8
QPLIB_3694,ghcr.io/jij-inc/ommx/v2.8/qplib:3694,published,,3240,40,0,3200,3360,sha256:7ecc863b3f4fc1ff090af1e61f84e0600a7d96764da34515b6c649c739c7a02b,sha256:5571d8d5c8fed428e8af55512e473620c68247faa22f78d47f6cb351d78e86d8,sha256:0b39a4714f2c88e560cecf825c33d5eca9199a8402132184c7b9fd7939107b73
QPLIB_3697,ghcr.io/jij-inc/ommx/v2.8/qplib:3697,published,,200,168,0,32,108,sha256:fe57e556782edf0889e6310089a96d29084d8653144f0bea5f67ea2a4215ae94,sha256:fc999af4df945be45997112fdfc8acbb589293432797e1ab3b95bdd89cd4f5d5,sha256:3dc3c16033299cbfc22c9383ffab5399e987aadfe8fc7c0aba3e46f3c8e205dc
QPLIB_3698,ghcr.io/jij-inc/ommx/v2.8/qplib:3698,published,,3030,30,0,3000,3200,sha256:3292a7cf18da712ea525d49fecb13f6a64f47ba858a1dd9632f5f0dacb406b17,sha256:d1b462ef2cea3a5ab94cc91d8b92def3a883f0708c3baf507ea036f2d0bc2a26,sha256:b1e644f747bd93b1913a143703241400167385abbc2441862617ca0eb632f5d7
QPLIB_3699,ghcr.io/jij-inc/ommx/v2.8/qplib:3699,published,,908,116,0,792,2359,sha256:ac234c563a2841f687bce82919ab951f452bc5c77438d480f65c3f0f7f422d13,sha256:1288ccf0f32935305d36868987241de27bad4e6cb84585c788394ed917840568,sha256:aa2a73f10d35aff64920dd914814cd6bda63707778c91b605f52504f23b67fa4
QPLIB_3701,ghcr.io/jij-inc/ommx/v2.8/qplib:3701,published,,1140,60,0,1080,693,sha256:baf19407246a0662c57f7dd9733c15add79180d887694d6137327c5a4ee09da2,sha256:48236b78c7dc1b0c53b4068911ba6226c9e9d033e528c3e0090b64c9a9e40dee,sha256:082c0d3b864b7aa10055b2f96c50e3993b64032378dda075cb1641f2408f4336
QPLIB_3703,ghcr.io/jij-inc/ommx/v2.8/qplib:3703,published,,225,225,0,0,60,sha256:0672e591cc8c3781af574a04046d3a9b5dd45adde830bf10c7c1a90669cd2777,sha256:37c36ed515410c846f4de8ce34dbe0f32dcc57e37a22903b9eec11b1004863f8,sha256:47ddbf540866bf29d45d4d4f2fb6b36d6e313ab62e85ee117c19159515935f30
QPLIB_3705,ghcr.io/jij-inc/ommx/v2.8/qplib:3705,published,,378,378,0,0,0,sha256:0045e06e8c9b5fb84be98ce3c8a15ed2e2d23c1acb686c06651450ed4743de92,sha256:fe0d17fb1161e74e45261565e54ee5117477e464e78e37781c6ebb016566444a,sha256:3a1ba613ec6e1cdeb34f14528a9c1f69db6d2ec6f44b9e8ca7fde4d885a9c15d
QPLIB_3706,ghcr.io/jij-inc/ommx/v2.8/qplib:3706,published,,703,703,0,0,0,sha256:eb308fa525c0cc5c2b140f8165b576795dbad0dfa3aeefa697104e8c919927f7,sha256:66393941b707958939572d2c540ae912dcdea4f7b7e3d8e66c2c74b74fe8827a,sha256:ceb2b43ac55bafb0ae06033165aa169eb79bb851c6381bcea80bab12f6b81a46
QPLIB_3708,ghcr.io/jij-inc/ommx/v2.8/qplib:3708,published,,12930,14,0,12916,24826,sha256:10f79e70b8f04cbd292ecfd5a08ae55770acc2765f44b6808ec73ade85c19ad4,sha256:aa76b4b801d86c73c4f9efdd4008baf67270d5f8373137047e0770630a8decbe,sha256:b4f67f224fed609ec96f4b6be3c5bdb68ede022bf0d3cf26fd57565455567a4a
QPLIB_3709,ghcr.io/jij-inc/ommx/v2.8/qplib:3709,published,,600,600,0,0,80,sha256:ef76edb94ded4585dc0c87b9de90047e667b57cd9772c1160b20a0481bbe5813,sha256:b041226e47f87801a6ad9008000ce4ab39d79404847deec207d6162a24cd8f89,sha256:bfedbd9ca6dd78212cdcb91d026ad43339f3708f4c2b8e0267186a7bd205737d
QPLIB_3713,ghcr.io/jij-inc/ommx/v2.8/qplib:3713,published,,672,42,0,630,465,sha256:dd8ca0dba595c944a5869a5e60f866c31e797b83936cba2c8a096d3676074416,sha256:e8262589cf9f9771fa8a443261d728b7be9300d0b4b0fd5bb599f913ab5d0c1c,sha256:ec4be3984fb940f6344491afe3730c1cfe4cb8a19de6e634dc9f80001b9e5264
QPLIB_3714,ghcr.io/jij-inc/ommx/v2.8/qplib:3714,published,,120,120,0,0,80,sha256:05b76ca2f10fe246f73736966aae3eba5424f575a0ad4add87e427f37950f1a5,sha256:dd8ba3d90d2605c561a9dbb1aa1fc16453b6c50366b293e428d90aaaaa2b9d44,sha256:0cf8ec1a313f73a7ea55b5515bdc7eb7b659ea31840532e717b8d5c885d9d207
QPLIB_3719,ghcr.io/jij-inc/ommx/v2.8/qplib:3719,published,,161,133,0,28,95,sha256:6b06a7b58305e7d10327306a4bbc9bf3b247c369fe3573ef24137607c5dd0b15,sha256:83c14e5cf1902c417e2ac3bd5723d85f34913ef1134b00c54cd3cbed75d12fde,sha256:7fbded9c8d021e51a522ff1d12ae01357532470f5117ede022e2ad30f63fab75
QPLIB_3725,ghcr.io/jij-inc/ommx/v2.8/qplib:3725,published,,1252,81,0,1171,3081,sha256:1645f625a4e3b995b10091e6c58f8b25f53129566a9c0c8c7f680cdf362556db,sha256:73717b3bcd1bbf293563d9cb48faa187442e4a308b29c4944a75f2cc8d207ec2,sha256:6f9a27ac86e620da7562023e68955256862517b61361b472ea5ee0f11f5b39a9
QPLIB_3726,ghcr.io/jij-inc/ommx/v2.8/qplib:3726,published,,932,116,0,816,2809,sha256:1e3901ad08d693e572df9566dbcd900f2f92b04321ad00aa29fa82cbd3239686,sha256:4ec97588b23fd32f36b25f9eb5568adc408598d41927a70956e0eaf87fdd19aa,sha256:a528b81c2793282aa075b8eb6139b025090447f05a7ceac0c97ba4dfd52a1777
QPLIB_3727,ghcr.io/jij-inc/ommx/v2.8/qplib:3727,published,,1620,20,0,1600,1680,sha256:35514e914ea2828b88254c23c966e8905a6ba939da9e7ad3abf658c543ae1f8c,sha256:9f3bd37b59b81447423d6b93d16f481408a3d0683629a5a24a3060c1fd82a5c8,sha256:a8fc4b6fb5f2c13feb0f54112f69f0f1d04f0f50788395858c5f9f7b5111f595
QPLIB_3728,ghcr.io/jij-inc/ommx/v2.8/qplib:3728,published,,88,72,0,16,66,sha256:4a19f9da93d3b5ddac6157079233d8a89a8401ee98941f0b81527946eb886afb,sha256:4494411131e2d973395589d12e146bb7727cf30ab00c6d65951f2f85c5e589a8,sha256:ae14eb3d7a7b738654993166fabf6002de8a9f66eb228683351d9e502114064f
QPLIB_3729,ghcr.io/jij-inc/ommx/v2.8/qplib:3729,published,,1058,650,0,408,1093,sha256:976ce4aa1c95da32e0a57015922b1c4eb84d2300cdd63d9efc9bbbe74062fae6,sha256:78d5f3d4f40d38aa279589449b9ddbee0afb1cc5b60620be08d13109e7a51543,sha256:7b393967bd96bb26643596e982745b1b160a7cc055728f1aacbad1576a39f177
QPLIB_3733,ghcr.io/jij-inc/ommx/v2.8/qplib:3733,published,,690,46,0,644,427,sha256:e3eed6f80aaace4853bd226a744bd1034736334c0a224bec08c793b61f2c3b20,sha256:15dfe37e00b962e47b1467a5b3ed6d5dc74509bd604c422205f9ae06b438eb63,sha256:de5ca928d69f5c750308c5557094944cabf7f25b684a8345acf576aa0ff72bc9
QPLIB_3734,ghcr.io/jij-inc/ommx/v2.8/qplib:3734,published,,7571,38,0,7533,17663,sha256:7161f4112ef79df97efa6ccb1196a2c4c8bcff85e51da2849221fc3215272ff1,sha256:e273bb9ae7a16289d72191440c1f3711f14e8fe7dc166498a59cd0a85cc0556d,sha256:3b185def539b47624a36e17d540e4bd7d4d1bf3a913911280f91a3554eda6746
QPLIB_3738,ghcr.io/jij-inc/ommx/v2.8/qplib:3738,published,,435,435,0,0,0,sha256:af23b91320e784381fc5ed38a0893133fcb0e0f70118fd4ba63796a7c4551b4d,sha256:e7fd5536ef84b03be2db36af7cee9b89610350c005a436ea1570fd79a303037f,sha256:7e1900123f55b832b6bb7fda2c98a1b36d59b64f43cacabec7094ff70c3cbd42
QPLIB_3745,ghcr.io/jij-inc/ommx/v2.8/qplib:3745,published,,325,325,0,0,0,sha256:317c71c16eacb21c878083c655677d0b93e09050ffdfbacee7e72d15be71d083,sha256:752695fb5fbe174f733679cb84bcf7d766f40517c0cee18cd7abd61f7c7ae36e,sha256:acdf0442df02ebf8a692d978c40d633f42100d2c3366c34094e54660aee194d4
QPLIB_3748,ghcr.io/jij-inc/ommx/v2.8/qplib:3748,published,,95,75,0,20,69,sha256:5fb8e3e0e8e2c50e4d5311ef661820db9ba27e63ac853e0fd715ae36b611c1ad,sha256:ce571bf051a6f19e204921cdd863bbb62370cd12a67d902722fe66e323ded02e,sha256:3a23ea9fee9753a64016a6d1bc6cd8041dfe12978d21ec3787c2dc0628cf7f66
QPLIB_3750,ghcr.io/jij-inc/ommx/v2.8/qplib:3750,published,,210,210,0,0,140,sha256:83c23bf33e030a4a218f216dbe13670020dda895c41b3d891a91b189b25118a7,sha256:cd1715e11f7e87c3d710c6d841bca1471d02dacdb17853374af68ec357d04a69,sha256:012e368b9be6dff5abd19a956dff80736c1a561d3e03824621a4ceb528bb332b
QPLIB_3751,ghcr.io/jij-inc/ommx/v2.8/qplib:3751,published,,150,150,0,0,100,sha256:0b12101a1814152ac827d4c6abe0493aa830463e428b806b9fd6f25b3179b4d9,sha256:3995bb4b4173edeeb1f6f57df12e6b4fe0f156f2e8744ca56f9556e127ede62c,sha256:000d126625c356fbbef7c9f39784073bd084c16d2e8b710a2a30990e9198f582
QPLIB_3752,ghcr.io/jij-inc/ommx/v2.8/qplib:3752,published,,462,462,0,0,6160,sha256:dba706d9df1f3aae14a5dec4d62fe7c7b4c20fcba7e39804d16dc628dfdddd96,sha256:c97283e771f32cd65e71c19bec4ab2610c1c4af4ee9f45c7564e9a6c734093bf,sha256:1f78f2cd03b9df75c6ce0574531f500b5c7a9840e236a0918565547f66c12387
QPLIB_3757,ghcr.io/jij-inc/ommx/v2.8/qplib:3757,published,,552,552,0,0,8096,sha256:a83773ea449c14b560f0afd0dfb0701afeab64aa654835de9f4708fb8ec9eaf2,sha256:5dce9aabc5f19a1d80d7c525f71f1ce59a73d99f5c7606aa6fb64e796063335a,sha256:b234762f9778face4e475ab7face9fcfdb572a007a856d5f13d4b482cbc1af41
QPLIB_3762,ghcr.io/jij-inc/ommx/v2.8/qplib:3762,published,,90,90,0,0,480,sha256:8dc29e529af70646476007d7cc03eb2ee2d577da1666350e4781faa8fe624f3b,sha256:3c4ad5da552f7d7ce5b2f335ac548985a6ee9efede9fd413f875b03445e5f688,sha256:2ca6aac8a6cfa9c19fee564b16b1bf226be3e84d77041b148c65166fb169ca0b
QPLIB_3772,ghcr.io/jij-inc/ommx/v2.8/qplib:3772,published,,380,380,0,0,4560,sha256:805ffdb8b4a915e2789d7b87a7b043a1126bafc34bfef8dab8b40ba58ce67c54,sha256:67cdde9c9a6b6b8e64506a206ca2e25ebe904ecae2c8ba4622f5e57dd6b4d8a6,sha256:1b4e062d7cfe815aaa0dac4297262a935768843b08babf94c1924c20c8e655b2
QPLIB_3775,ghcr.io/jij-inc/ommx/v2.8/qplib:3775,published,,180,180,0,0,120,sha256:4d413a971e6dc211038a7e4ef8ec077b28774c3911afaf3baf05d956cbdb4fd6,sha256:a6f2468f2ed22ad7003a3a4649cabdb196149fac6c168e692870bdd11ef113a8,sha256:10f812973e5624e3dc90b6ce23005044aac36b3cd30322ac3e29ba8ffd8cf9ec
QPLIB_3780,ghcr.io/jij-inc/ommx/v2.8/qplib:3780,published,,168,12,156,0,72,sha256:87028b5385fef54eb553741fb54c4b5c3395cfa231aebc2ca9ab1aeecfe824f8,sha256:1b3b5974a1d309847dece5641e7a14bb5aa12a23c91c935e024d83edc4fc7203,sha256:d25e7fb1196e1f716ec95b6e715f3176346574f666a7dfd87cca990d6d9d25c4
QPLIB_3785,ghcr.io/jij-inc/ommx/v2.8/qplib:3785,published,,232,200,0,32,116,sha256:331bfba54ecbfaf2c1940a4458d6257b5c11f68c20588cef8bade1334baed1f0,sha256:04cb8cf62292e835298bb060f3fc64ba5101a334ba3b59eb77f4e8757d5442f6,sha256:89d916df7c8ed3bf0c066ba8b870d7a37843df3c5977158c5673df046786243b
QPLIB_3790,ghcr.io/jij-inc/ommx/v2.8/qplib:3790,published,,195,7,0,188,378,sha256:7e63b6ed4b9d7860fca2b17911e94fcb4a4011b4214039c5c8b3ee3c27572744,sha256:1186f76b6db15c008f7936ab8de38e2e156211a4af3faa84892cade461f97169,sha256:bf94922d9c9c6be70e7d7ad130828c93f6bf44114fce100e5675fad64922f9d5
QPLIB_3792,ghcr.io/jij-inc/ommx/v2.8/qplib:3792,published,,3020,20,0,3000,3300,sha256:a735165be9fbf9844a32c711972a712c42cb20c745919a26b49e43cdb79f4461,sha256:298dd14514fa669f67f4735828118160c4f7badd0e91b9f83abbbec7ca6d9b32,sha256:9ed86ab978003551ce784239b1cf4e5a35ef514400e76bf6044b75f99b336640
QPLIB_3794,ghcr.io/jij-inc/ommx/v2.8/qplib:3794,published,,1562,576,0,986,2260,sha256:f4c4d597abba600893af342f33707909b302f4102cd1e0ccbee27829b35815b3,sha256:3266781c26eda85c55a8a4a3d4f09a0dbe8f5bdf6a02c2fd40ac78fab84e893e,sha256:ee7aed18c4027eda8a8f8379b4a3ef2ffcb50569ca41c3dbf823aaaadd86bd86
QPLIB_3797,ghcr.io/jij-inc/ommx/v2.8/qplib:3797,published,,344,48,0,296,855,sha256:869c944fa2ae31b52ac6abb29c62a0508d16d535c46f1fa418484e8f6f8915b1,sha256:dd68ab83df0d9eeb63fc4e307b163cc7e62c4e931a5585081f6c5d047068ceee,sha256:7c9c126340d3bc89221cf952b1bc973c2840e41e1d6781b9cc3b95d6c866a72d
QPLIB_3798,ghcr.io/jij-inc/ommx/v2.8/qplib:3798,published,,864,54,0,810,501,sha256:aca5cd7ef25b61d48437dbc02030dc2b8c0475353cdf6aa6c2f2fac10e9ee355,sha256:5e62b8469bf92220a2f5acd4b40ae269bcfee0124098385132f75eef92d89a89,sha256:a97f00bfed29084e47c2f5f6a12de4446bc971f00dc002bea71ab2ee20979625
QPLIB_3803,ghcr.io/jij-inc/ommx/v2.8/qplib:3803,published,,190,190,0,0,2280,sha256:03932f859faa2204d11a011add46f621f752f0aeda99c13f52af1e3ef4e9546d,sha256:d8a59da1d1caab5ddd5e1938c4418a5fd243804173899011870f8cd2b65eadb3,sha256:09843d66b7a2207962dd6da1ab99a4c79ba8582e51e974f12874c8e46a3e7816
QPLIB_3809,ghcr.io/jij-inc/ommx/v2.8/qplib:3809,published,,256,224,0,32,122,sha256:32ecf123fa9618dc695ea21dfaec3f5783b92ee9a015987188026385202465c7,sha256:4d8f868cb539c5d5f8ed3ca27ddf7adb123b1090a1326a734294368325247ab4,sha256:b1094ac7ebbe437bae87e11a6120a6222ebc0b20d4a3a2f1ed9adedc66efcb5d
QPLIB_3813,ghcr.io/jij-inc/ommx/v2.8/qplib:3813,published,,2415,15,0,2400,2560,sha256:1d8307e3e3d6b86f41e87f825441fba4fb0afb2bc76271a7f6525d2d4894cbad,sha256:aa0b56c986671c9900e054e1ac77859d3578dfcdaf29728c923c0aeaf74d3580,sha256:d979398c46b7545fb618529622c26ffcddef199b3674aab1fcf22260473b82dc
QPLIB_3814,ghcr.io/jij-inc/ommx/v2.8/qplib:3814,published,,48,2,0,46,80,sha256:021442fa12bc71c804e5d2dc508da3667805146853e13a343cfe0414f85e96ab,sha256:5e24df936ea49b55a6728b9bee7aadec05c451ae424cbae8c1cc80518012be36,sha256:c287a54ca4474cea90a1c569da8952362dc3bc97dfc01c063abea10075308c6b
QPLIB_3815,ghcr.io/jij-inc/ommx/v2.8/qplib:3815,published,,192,192,0,0,128,sha256:94e6c999d2a7fb500a9cf1124e16d34607da58bc0da5ca778406b2d274245101,sha256:3964874ada4a8c477ceda13a9c48a11069992ab8a7c4b93fc0d86c49ca8e113c,sha256:e527ee3dcd587c110032df0972145566dfd89b9ff9cbd14a281bcbe7e6186c70
QPLIB_3816,ghcr.io/jij-inc/ommx/v2.8/qplib:3816,published,,187,70,0,117,434,sha256:e313d7d56343e42b80d5da75d15e4921b6b88baf34e58b6a1ef219329dcf16e4,sha256:d2006623c67043f602485bddbb03b167b826ca116e1e98fe5c4d6b219e024165,sha256:7d206f8d07c8f2a261511a999e1e17f4778765d6b51709e7dccea16917551eae
QPLIB_3822,ghcr.io/jij-inc/ommx/v2.8/qplib:3822,published,,861,861,0,0,0,sha256:596262fe6182caa27353a1f0b1062e616217176f5e94ea38c6b091143205eb43,sha256:400470f2fc15398c1f32d36099a7e8f7f4dfa7b2bd78bf5271688bdbc656fd85,sha256:1a9e17c1bce9241e8e65134149b88b5f22ede8742e894a847453cd64edfd8d67
QPLIB_3825,ghcr.io/jij-inc/ommx/v2.8/qplib:3825,published,,1080,60,0,1020,633,sha256:c9e5426e7b5b1d67cebad35f7f1cf3b396c3d7d9b670cb99c21637803f1916bb,sha256:576595fcf0332ca6b115b2e8246739d67e7d32d11e876b4ea1bf96eb1e6a04b7,sha256:502f020dd249452bf975e6fec666f1794b5e2b91f3703008b15e3c23e5484171
QPLIB_3832,ghcr.io/jij-inc/ommx/v2.8/qplib:3832,published,,561,561,0,0,0,sha256:d94f00b176a7f050587b2a92553d63b4f8677fb6376a7423f2733a659dbdda04,sha256:040b79964a7d37990ccb2c2a782097c31a09db51a9e4fa5251ad587586a7584f,sha256:55dab94a19ca661fcedbea358cbc007c7cd4b062918ca253769128ca7652fe74
QPLIB_3834,ghcr.io/jij-inc/ommx/v2.8/qplib:3834,published,,50,50,0,0,2,sha256:a04da9535f66f60498624cc8761fefc76884dfdce86b9c452c13b62540143383,sha256:bada77f80c058225dc05566c5b4185b249099046da2be7529af6bd1e2e5e3933,sha256:4270c2aabd7aa38ecc0e645752771ad931521aa83de2ebec34b3d710656ed04a
QPLIB_3838,ghcr.io/jij-inc/ommx/v2.8/qplib:3838,published,,780,780,0,0,0,sha256:30c53e7843c1cf9553a44b0c426fbf758fb9b0e1f3c5052ce48587bd3f797a7d,sha256:ada790bbdee90a61e2ed7429c806c1a6e7fc8ef926521cabe5276a6e8742ab25,sha256:dde41cc5ef0240147c23ea5da4f5bc2f83620c161b75b6a690bfe8608edce75f
QPLIB_3840,ghcr.io/jij-inc/ommx/v2.8/qplib:3840,published,,5735,2401,0,3334,7305,sha256:80c5f4263011e51eeb0bd5420cf70fa3cc3a3f3fa1ab54f6ddbf43860f002d2d,sha256:ce21bc9a4ddd4210baa6cabdb7ac7ece94877ae41ae023177dbd4f40bc77ba68,sha256:f6248eb02a9715ba82414f2df21156db5a38d18f6ea874cc88ee57dfaf2844b7
QPLIB_3841,ghcr.io/jij-inc/ommx/v2.8/qplib:3841,published,,300,300,0,0,4600,sha256:530eeb21d16ef0c61ff6802e5c8ee58460b941f85fd3d9ca2dcf7ee660bd83f1,sha256:7c7c7f8b57c012119729762b261bba0a47323ea1ddc141db5a5d6eddb8470330,sha256:4cfa534ed34541b48c6e89acdb794863af389c62a85536d64b813cf8419a0975
QPLIB_3850,ghcr.io/jij-inc/ommx/v2.8/qplib:3850,published,,1225,1225,0,0,0,sha256:039c7504ff8a109b6ec60821678e277c1808c85707f2ac9023c447107b83d237,sha256:426dcfddfd392ff174655f6a1e1c2ea093124115bfa7d358ca3f6bee125cbd23,sha256:d41660d99ebbca53d220d8f109e3d705998beb96856ae47f7955d99c6fb6b367
QPLIB_3852,ghcr.io/jij-inc/ommx/v2.8/qplib:3852,published,,231,231,0,0,0,sha256:d05c099efbe4d233e63803a5b058c851a500144065acb28cc277a72755d45035,sha256:ee916b73fd117d8b086d880a1dad9a107085b080b2aca3f5c9a55c486b061ecd,sha256:9db0656a0f4d9cd11e992b402db3d844450c670e5c512c1f3a732371f062e4f9
QPLIB_3854,ghcr.io/jij-inc/ommx/v2.8/qplib:3854,published,,680,40,0,640,531,sha256:e2cbc3035426af910ec6846ee9039e34c429bf8da04a84d558948baabbf39246,sha256:123e41534dabff303d95769ccb14b9acc3a9223b1b960f9e43be35452f28b5d4,sha256:b908ba630d39ce15f37cd39abd9f38d8a3b400820b3d64c60a6070811021e896
QPLIB_3855,ghcr.io/jij-inc/ommx/v2.8/qplib:3855,published,,2518,400,0,2118,3750,sha256:ec8f03e43e20cfb133ae245a21e61ef621c3d4545e1677cd4dd373df0d8fdb1c,sha256:669321d98f20862d43d85e66383a2fc46b3a6c8ca7e9cf4bd3c34e7788316bfd,sha256:6942d7b9c8816ce1c5271e6d199fc76be3515c46198c7efb58de36761b64d293
QPLIB_3856,ghcr.io/jij-inc/ommx/v2.8/qplib:3856,published,,351,168,0,183,550,sha256:765909280b21b21d8ef214387ef32f81e47ebe3052db8bcf980b43b9df111f37,sha256:4824c4c05b2b3bfc3023df4291d31d3931172e735bb954623ecc22adeb669dc9,sha256:412ba4d82906d58f86cd75de50ddb9ef402c97ff4290b7ab8908072e5860cfa0
QPLIB_3857,ghcr.io/jij-inc/ommx/v2.8/qplib:3857,published,,803,201,0,602,1008,sha256:d740c2df03d33fb21dc02e2a9fafedcdfe37098048ff54b73fd6be6a0a4fc2bf,sha256:be5b762deb22970ba2f781a6c136445ff07142d2911e5ecde8d39e302a03b6ca,sha256:6622c3714c780c93da2bd2319b87f0e895832f435a7f4924e38cb09ec9fd7ad3
QPLIB_3859,ghcr.io/jij-inc/ommx/v2.8/qplib:3859,published,,1568,600,0,968,2202,sha256:d296004b78397ba8b93c7b39c9f9bf9812335ed7c66a7571a05389727583c312,sha256:a58c317cc7ee797dad0c54e89ac8ce5ad89d1cafc60a353f18ae283b9e4f62c4,sha256:75a1c53c5129bcb4107ac765259fa57b895be22880e0c2d9fc97e7ffeb64afcc
QPLIB_3860,ghcr.io/jij-inc/ommx/v2.8/qplib:3860,published,,435,435,0,0,8120,sha256:95b30e84fb1a74afea8e50bdc9f1a14cdadb3a7727b5560fde0f61152b3daf1b,sha256:fcd49caf274975e2b38e52a785dfbdfcb2dd744d93afc1430191c78bb67fa804,sha256:6667d1cec60fc6a269cf219999d50abe68bf840492938d7a8965714f2b43862a
QPLIB_3861,ghcr.io/jij-inc/ommx/v2.8/qplib:3861,published,,4530,30,0,4500,4800,sha256:276c577ddbf5a88679cd65b3d89dc7781263bcf0d0b530886457beb9b0c762e2,sha256:7722f1d358297017b84dcfb0d816e5ddaeb4cda2554791a116d4098615311759,sha256:007d22a776f2bc713987f58dbdbf3aed02b63d2143f923f925b7c37e1e19899e
QPLIB_3863,ghcr.io/jij-inc/ommx/v2.8/qplib:3863,published,,1678,625,0,1053,2406,sha256:838ae7e50b1646274d6143d4a2cd36a78b119da00ec2efc0e729ac47cf1f2a97,sha256:1f578147f9a27d00e6e2ee4cf132d955ceca414b6a663bcbad0425797f24ebef,sha256:ef11b1a1c18355090ba8dad067c4eb4377b36faf0126759705fa70a7bb6e0a37
QPLIB_3865,ghcr.io/jij-inc/ommx/v2.8/qplib:3865,published,,525,525,0,0,85,sha256:0495bc4028aa32d752f8aa67fdb96fec3c517490374473164e6cd4accf058c1d,sha256:cbce982ff2b8a784d09a8639daf47b57d2aae149aaa0db90811fde1b14c3e3b3,sha256:9ba4746077b57092aa21a147250e4530611fba9ef20d86a2f38402ec80a80347
QPLIB_3870,ghcr.io/jij-inc/ommx/v2.8/qplib:3870,published,,182,116,0,66,1456,sha256:4b231f12b9468e0780d0ee715c858f5591cf1c197ce7fca7521221156723ce08,sha256:94450a6d0ce3d33814704c3b2ed93a8c5384d6fe0c839292ebbe8039fb52e259,sha256:1fe9814fc8c7b3f0c5000c40b1fb6431525889707e70e9fcd4d1bbb37851802d
QPLIB_3871,ghcr.io/jij-inc/ommx/v2.8/qplib:3871,published,,1025,25,0,1000,1080,sha256:623660278a150aaca1517ace6efcdbd403f955e7667d4b21a53c2c2e69fcd99a,sha256:7bbf5b7eac45edad9eb8e1352290e35bbc4c5287d5209334308fdb233a66b3e2,sha256:70a071545b4618f26b4bd5523b78f285be8d9633ef19ce572fe6513d6392f85a
QPLIB_3872,ghcr.io/jij-inc/ommx/v2.8/qplib:3872,published,,1508,95,0,1413,3726,sha256:48bb1bb349229428b878fcdd3be0b97c55046c115cabc4556791cebe8db895b6,sha256:b9e99399b5ba613cf82e521c14f27bcdb26fc1e755fa52b18d7e28c7ed81ee73,sha256:c920518878cdea1432f864d90de6e035d2a3e484d3624a33ab1bec9bd87d12c0
QPLIB_3877,ghcr.io/jij-inc/ommx/v2.8/qplib:3877,published,,630,630,0,0,0,sha256:c58e4736ede74337a71de95b5e58d777d61b321337430078efa17ef478d78f0e,sha256:86410a2b5fb78310e954e6c79e548f3050ce9daec5527e5e65d694eaca74c3c9,sha256:3fb31174e9b90598bf45b22b397d349d5a548b302a89053369d4e9b68ccaac3f
QPLIB_3879,ghcr.io/jij-inc/ommx/v2.8/qplib:3879,published,,23826,10920,0,12906,27166,sha256:3d8bdc64df507f92bcfd094911ce52953ddd4115647d4b8843071ca6b04b83bb,sha256:fe2a2c1e490e7a8f3a9e79d744afa35d48f2033717546962559c5f01d33922e9,sha256:526da9e503514969f90c05072bfdd52fc66a9421145b82216be9d8b0749b1aea
QPLIB_3883,ghcr.io/jij-inc/ommx/v2.8/qplib:3883,published,,182,182,0,0,1456,sha256:10a295f70fb7c2528cd0cd0c09e2c9acda39c14ae3759adcc17f254be1709b49,sha256:567f2de7879ff8ac318d1c0c525abad8cbd17fd4147f70dd9be69cc95896754f,sha256:be5a3c938384b786a2a801427cdfad809fd40f1e937c7440fb1a90aed1b39954
QPLIB_3913,ghcr.io/jij-inc/ommx/v2.8/qplib:3913,published,,300,300,0,0,122,sha256:3d7a90b60cd2115be4ad98de9e92c45f76c6edabe755d9cf1d3d96dcc1903852,sha256:8db484d7410c2ce16a67925af0bfa9357744d7a62b068b4635a8fdcd3c2c26fd,sha256:f5dcd8f31520206cc316e7f6858fac763cb02d21594bbd1c88aaa0645c4a1ae2
QPLIB_3923,ghcr.io/jij-inc/ommx/v2.8/qplib:3923,published,,395,395,0,0,160,sha256:87f42cb8f613ae16a5ef04382b20ccd46cbe93123019bca4f34aea0e121b0657,sha256:64dd5bcf13892aa5832fb723a02ee67982b83e68dde5bb5900c0a13b4762bd6d,sha256:e6b9a6156d2179bdf544ceee12ea97854767473bbca06033604aa98d01342d45
QPLIB_3931,ghcr.io/jij-inc/ommx/v2.8/qplib:3931,published,,316,316,0,0,160,sha256:50d7e05f24d083ec2571c1debff55508068b28ed6ed607167801601aa00c07ca,sha256:02d24e03fc22c7c0a53d0cb68b6ac84e996db6fc66d6dbba4a2c1e85247224bd,sha256:3a0ea5b91e4ac20c365c89031ad499523c417bedca2a6e9adf9f232777f00ffd
QPLIB_3980,ghcr.io/jij-inc/ommx/v2.8/qplib:3980,published,,235,235,0,0,96,sha256:46485c855b37bf030d95747359caa49e137b377ea46e19f0d38c068e2551da3a,sha256:601a599808630ea72d6707e166269d99a9c0659bd7bfbdf78aca699e9a94a9ef,sha256:c1a7e4102290baaa5173a9c0a509ab3fe6533dd29bc6c413076f7cf648acf67a
QPLIB_4095,ghcr.io/jij-inc/ommx/v2.8/qplib:4095,published,,2000,400,0,1600,2804,sha256:1e3884ab3fadd213caacc40cdd2f821b89c163b77cfbc6092ee9ac81f124e169,sha256:fc094883627c222ade91b04475aebd870985253112c2e0227fbedbc63f540581,sha256:6dc818311654b7b1890effb137b34e8d338b6caf70b27ee94ef6882f8d8cd790
QPLIB_4270,ghcr.io/jij-inc/ommx/v2.8/qplib:4270,published,,1600,400,0,1200,2004,sha256:7b1fb05a0a26eae2634b92befa55df504a7b20a4fc8271be4953de7f9bf296cb,sha256:560c3555ecbe0c48bda3b98c9cd57da80688b1ce02fe5e62325df5de5bc8697f,sha256:f746511a2fd86cbf21920fedd1deb63e33e690ab5658ed01bf61fea269068fd9
QPLIB_4455,ghcr.io/jij-inc/ommx/v2.8/qplib:4455,published,,15000,3000,0,12000,18002,sha256:3b66d0a41dd47de83b93adf10fcf06c010794480ff7c3a06f24bf8ce7c5c392a,sha256:b8c21f951627589c0999b19510ee16144c88fe5c3b5bda602b2df663ef42a2bf,sha256:498d21f0e0ab286a5fc9d88832485b96de13a5c39560e60f30fe5116904ec14e
QPLIB_4722,ghcr.io/jij-inc/ommx/v2.8/qplib:4722,published,,10000,2000,0,8000,12002,sha256:f5174a55b8204a0e5ae23e007141a7397654a18e70c9f37ab597b1582cb74b80,sha256:857020c42fdf2438205bf7164976024ee8ae1203e159c9f2e8ca4f0412bd944c,sha256:fc473a93293389ebe3edcfac3da445f668e777c9b4fb9dd8a93156e00f928e83
QPLIB_4805,ghcr.io/jij-inc/ommx/v2.8/qplib:4805,published,,10000,2000,0,8000,12148,sha256:0a9f56b4678effd661ad5f8583192701f0f401824a7fad98fcedcee415995210,sha256:93ac553861325125071ad4bfab89f1850e811686e5722bf18ec071c7b0256f01,sha256:5abfa4948ced1879ca21a6c5049ed3948a39a5726845f03c3a0d8e04aa937f56
QPLIB_5023,ghcr.io/jij-inc/ommx/v2.8/qplib:5023,published,,15000,3000,0,12000,18310,sha256:dc38d0d13ce8bb20a95c0a9826f7995b49c8133d0b4a6fc4149f9337ace5f45d,sha256:3210e1f26659b80627b970f1b07f1a8b1ec45bd571c74d0c81f98afcde08f4e0,sha256:1e72026a9d95111ddc0dd5e6c171d61edb0f9e2d32992e715242f2abe54ac7a7
QPLIB_5442,ghcr.io/jij-inc/ommx/v2.8/qplib:5442,published,,9999,2000,0,7999,12177,sha256:d07b0889b92310094c41a7906b57d13a1b5d7aa4e0f05bb4f67b78e14e2df505,sha256:56a8bfae5512797a212a064ceeb7217762e4997b23ff1afeec3f3f85d0ed29da,sha256:28ed9f56e7d04503374901339e28830c994827b471c84b537235bbb94f94bbf8
QPLIB_5527,ghcr.io/jij-inc/ommx/v2.8/qplib:5527,published,,25609,4492,0,21117,71387,sha256:4b26d2745a38005deba5ef9834b0cc6648e072bd4186952543214a030c8e22eb,sha256:adeb619a8f4b5c6b2b8b4f6a32245061b8a8ef4026c8b2a0d855fec3bdc782eb,sha256:059ef5b7e5551e583d76626e67c0d1e09ff1f2199b281be4962b2eb9742762a4
QPLIB_5543,ghcr.io/jij-inc/ommx/v2.8/qplib:5543,published,,25700,4514,0,21186,71158,sha256:2d8168d9132210bac23f10d779518e8917c89076be3b776adda18ca0f10707e1,sha256:c0852ec087a052b63f40d9a670968211a171d4b4d0e136df6f43432d1889181c,sha256:b917e9bcd2f38a599357f75e417865d49172bd19410b03b8e9055644b62750cb
QPLIB_5554,ghcr.io/jij-inc/ommx/v2.8/qplib:5554,published,,35370,4492,0,30878,81569,sha256:2511832c2cbbb99170dac11b3fc43ea43801cbe39522b0f437df77e750cb9721,sha256:07cd0f2f9525300d623039a1ce7fbc4e0eb42ad66dd5da7d3c6efa06c11a1c5a,sha256:bf06235ca7a5336f8d517c971410b635f29f77b4c178b7de9bf375cc9cb23034
QPLIB_5573,ghcr.io/jij-inc/ommx/v2.8/qplib:5573,published,,28142,4450,0,23692,87376,sha256:73cd2cc34f6198d086fe3437981e1433dfabe58cd71e16a7b01289156d9b0046,sha256:2538d7834184fa98c4ce6e8c805ec364c6a413b57245cf017034058911fb48d8,sha256:80e77e6f4fbf2c971c433c36bc54ad8d0feef545e1e9a179d94b8e96d8ca2889
QPLIB_5577,ghcr.io/jij-inc/ommx/v2.8/qplib:5577,published,,6014,1118,0,4896,17322,sha256:06db10a45a711c1ae66ef77c3a9f007991e9389defb95db79de2d8b1091a5092,sha256:8fb3b224657d0aca1512cdfa02dc40c74ff3f7b7fc1f47a0df260b9cccc4318a,sha256:a89f2bbc74e9847571f4a6a97ad51b581e2036211f5003c482d57d7bb33269c9
QPLIB_5721,ghcr.io/jij-inc/ommx/v2.8/qplib:5721,published,,300,300,0,0,0,sha256:dcaf9515730064d10bd3427f2258c217485e60b7ac91675f939ac1fddb0e0898,sha256:24e63af761f7129cc5f55539d524f683e832219bc970a82d0d04fa05651618dd,sha256:5138acefa853887882e49a87c9721b3751f378a28790b9d40e8e7aefcce427f4
QPLIB_5725,ghcr.io/jij-inc/ommx/v2.8/qplib:5725,published,,343,343,0,0,0,sha256:335d65a10bf5bf63f33f3117dd622570b61669d959e38eddf7322325d4374eed,sha256:2036fb4aa6b927312b88b118b9653c53285f1090e9a976210850136069b3669e,sha256:633282acf6b33ea3c5502ff4733e0c98371cf876663c151c33c402cbabebdfde
QPLIB_5755,ghcr.io/jij-inc/ommx/v2.8/qplib:5755,published,,400,400,0,0,0,sha256:dadf87cbd698e31399bae63ce6a0e80555e050f2d5c7301e366bf608b24ebf2a,sha256:22d15526d51d86d6e6565e1572844985ea276a4c06abf5fcf42557976037cd58,sha256:0d4ad1ab2ab314dcebde0fe3e47bd63aaee9f334fd495ccd2d8ccfbbcdf6ed5e
QPLIB_5875,ghcr.io/jij-inc/ommx/v2.8/qplib:5875,published,,200,200,0,0,0,sha256:97abf7584d01c3bc1984da3bab1548e90aafd173235bfa09002bf01ffaadce73,sha256:421952eac0f3a9f04c0340fe94768332c5bf18f70fbf1137643240c6972c50bd,sha256:d21c127a2d80d24889c9f069d164797e52ae1d7d56e481f24e6a85ecd940a9b8
QPLIB_5881,ghcr.io/jij-inc/ommx/v2.8/qplib:5881,published,,120,120,0,0,0,sha256:682f44aa7b7b8dfe9ef9512db58bef3f14d43e19c9bfc191d0353f683fd8b7c1,sha256:62246ef68e203fe1cde3da50505cebadb239b6a1b3cf6d1f4832663090282331,sha256:8c222877aa35446260020bd1428c2a95f8853736e7a900852e4903bc51dae81b
QPLIB_5882,ghcr.io/jij-inc/ommx/v2.8/qplib:5882,published,,150,150,0,0,0,sha256:6f6ddb957cd098af95c54c2309134580c1bbd03c29a37785ab98f4eb50f26264,sha256:f4a27665962790c4a9c39428a804f9deeb99144bc707c7bf2a6607c0fa45d2a0,sha256:276a00f0a5bcc89902893ad126277a5491213c704c8d416ae5a17931c8bee47a
QPLIB_5909,ghcr.io/jij-inc/ommx/v2.8/qplib:5909,published,,250,250,0,0,0,sha256:5d0a048951664079b44b041544a8713b94a92c4449d54a166d5955061d6c7851,sha256:c5ca02f2fe9a04706e02a09c5fc91b522fc64c04328ed5c9ba1f6a67dbaefae7,sha256:5322dae544c59994e08eeb2da71b7d069924d719d65df55815668b1924754f52
QPLIB_5922,ghcr.io/jij-inc/ommx/v2.8/qplib:5922,published,,500,500,0,0,0,sha256:a23b968d4ea32f5e1edfc992b0f9b1c391f3efd56fb564bc4bf9b46268e08b88,sha256:32853fb98672d733c70ab24d7acf008d353956dad1521bd5dc94be98642cdd59,sha256:efe7e8fd5e75e9c7f0436eb6eefc37a1d3cfd92c17cd860a92a429cb52c00824
QPLIB_5924,ghcr.io/jij-inc/ommx/v2.8/qplib:5924,published,,15520,300,0,15220,41820,sha256:bb10a2733fc6f7c8bd61dd1e90792006975e404024570ec9983181d8097b8d9c,sha256:d1a2fbdcab43a1ead3060a81c61d781110887a6b327666ff0ddc213a1f6e7a18,sha256:6534c7a5852a4da091ecbf4c22ece56ffa27504be9e4df3eb8b997e328929b4d
QPLIB_5925,ghcr.io/jij-inc/ommx/v2.8/qplib:5925,published,,1400,100,0,1300,641,sha256:63e47a415bee47eefb3f01fce0777143848b0a15a5292b4af3eaba03596c1e59,sha256:101ed5651d68cef9ad258ebe078381722f553198953f0ed8581dafa27975efca,sha256:2c5c92860eb095eaa7715db06c9a05b7a5864dd872bc69efc2d39f2f0e5427d2
QPLIB_5926,ghcr.io/jij-inc/ommx/v2.8/qplib:5926,published,,33600,2400,0,31200,19243,sha256:fec4afb7e91c41d32a4bd64c61a7f313ce2a3347bb2c03909095be8d96257425,sha256:c43c4ceeecd8adfff42f69e8e96c02508b0df8c8281f30e31183d25327bbafe6,sha256:638b15d563ce551debfb0f91e0da4b5000b9816576bdff2872b7a510ca8bcc38
QPLIB_5927,ghcr.io/jij-inc/ommx/v2.8/qplib:5927,published,,33600,2400,0,31200,19323,sha256:b361be74de62cb1cb10dbe411bf422ffea41ce62c765c67c350c2a037cc71a7e,sha256:74d4f75373965d5e77b7019bf0d118549e180752b63d6be10b6cc5ea7a514653,sha256:cc783675b34026eee91d5f0de2490abf794a42dcbf73a9f8831dcb65b50ce388
QPLIB_5935,ghcr.io/jij-inc/ommx/v2.8/qplib:5935,published,,100,100,0,0,1237,sha256:428fe877e3c690bf78f583fc23a6584c300afdb3decec088265038a6ecc2ec2e,sha256:8b92d1936d5d16600af993100fdbfbf1e1f5fc5631dbee2538090f6187b0e5e9,sha256:52e3fb631832f06c0819099f2116b01587560998b452a36e83b18ac9b4683d47
QPLIB_5944,ghcr.io/jij-inc/ommx/v2.8/qplib:5944,published,,100,100,0,0,2475,sha256:3a331ef3a749b2b5447169caafe557e329058bce89ecf90145fee04091eeaaa8,sha256:0aa8c7d19eeaabeab6b8375a0981d70ae501dc02583d0383729dd4ab818165ba,sha256:733de8d45294ae4b65493a4b848ce7385f43169c9bd61efed8331fc7f2b571bd
QPLIB_5962,ghcr.io/jij-inc/ommx/v2.8/qplib:5962,published,,150,150,0,0,2793,sha256:cf8f7bf2a508665e6d8c3b6ce75d730bc2972e76d4b00734471d8dad1476d7bf,sha256:f4f800b2f08bef5ed580286e6ceceaa9f11149c4850f8e4368216ac35a109b17,sha256:0935585b832f35e9241688ecc77b93aaf583871634b0a06759c2e03374f31ec6
QPLIB_5971,ghcr.io/jij-inc/ommx/v2.8/qplib:5971,published,,150,150,0,0,5587,sha256:7e643a15b3dead241df9dc2837baeff84cd83292bd1349589edb1f9dfd1098de,sha256:7ec379bea88d2657b7b58a6ffdd77cf3ede3f527d2c5107176e9b4cc9e6f2b80,sha256:47ea1811ba3741a065634651f405833e4bde291c84d91814729b5119cccf6ab6
QPLIB_5980,ghcr.io/jij-inc/ommx/v2.8/qplib:5980,published,,150,150,0,0,8381,sha256:2bb6d740ca163ffee51247ea3a85b170f26eaaa3dcc4293063cffc183b110fca,sha256:72e4cb9626fdfbdd4b10f2e97f409c3ee0a67d61be0d8f7117626debb5be6c88,sha256:5f1d5bde664ed8497942db6498c7434fd532e96d9e12b3497a81fe0d9c343256
QPLIB_6287,ghcr.io/jij-inc/ommx/v2.8/qplib:6287,published,,171,0,0,171,144,sha256:ed376e420292c7697d6d0cd11bc5575b7b739abad92e87ac63e787fcd1ee98c8,sha256:c8a875f14319e09d0067e351b5b133ccecbac48514e2231a373458044f68a913,sha256:7a53e898b6b02ad7d7380c71972f839255de23721fc6dac4d788874486ccd85d
QPLIB_6310,ghcr.io/jij-inc/ommx/v2.8/qplib:6310,published,,208,0,0,208,562,sha256:796cd6d1530e16245754e37961dd88e8f1fd64475ac1804eac174cb0183f3b05,sha256:738c1707546a6da7d214efc92023692af43d4a92b4575312b85f6797c5cd3b79,sha256:c712024d571e709aa5e1d51033278c8281cd4cef629dc11458a8adcbbb00b111
QPLIB_6311,ghcr.io/jij-inc/ommx/v2.8/qplib:6311,published,,212,0,0,212,211,sha256:96f2509f069f1bf13cc72f2eda6fc4301c75051215dc7acd8b2f4131f99b2986,sha256:bace66a8627c79132b95a7836e98ba07c3cbeed3a3756c60cbc52bfd119aeb49,sha256:8f8dc372aa5ca9aa52aff089340c2f5133d857346fdf8621c4366f7eec66af33
QPLIB_6324,ghcr.io/jij-inc/ommx/v2.8/qplib:6324,published,,640,640,0,0,32,sha256:2df611ebb7ab6d9680775f2fb18171a8b5524616fe14ca8d4c2247fbe09f1d73,sha256:ce0783ff12dbef928539c99b3fb3fe068d81f42ebc16d58304581593e26539e1,sha256:64f1d84c63d8274d16b809891d2b7f18d941c426f025e664b37f1681783a5ebe
QPLIB_6487,ghcr.io/jij-inc/ommx/v2.8/qplib:6487,published,,618,618,0,0,618,sha256:8f0c742b11495af41286aa602e4416354495918463244218f5ed948522c9a27f,sha256:7110a9bf7f0af4d7054965187ef4f865460f3cae93ca6d0709b6f717fb7078b7,sha256:ae5131c83b3cde41f81682ced909c7bbe21d8c23c91f791eaef539cee30251a2
QPLIB_6597,ghcr.io/jij-inc/ommx/v2.8/qplib:6597,published,,600,600,0,0,120,sha256:9c3bd7053276a5cf07ec9144253410bf1a0be6a2de4f5c44da8331e50c68c253,sha256:0ec55bffea6f9b1797faa241f55d2f1a148684b0f7fdc0409db1e63236cb3f48,sha256:d0fdf4e99936b60f732fafae1ec5dc2d1145de8f1dc95f797a18b9a92a89cbef
QPLIB_6647,ghcr.io/jij-inc/ommx/v2.8/qplib:6647,published,,627,627,0,0,66,sha256:0769de9c0ee899b2dc18cf3bc55b3e8ff4f81fb21738af07d9e8ce1105a4b602,sha256:f0baf6c799e55c47f37e819b7b2710acf94116ff1c4eeddd78b757d6055063cb,sha256:1cb1dda9a962286e2d901a9634ee833e12c04080f1cffd806bbb351671b53ebf
QPLIB_6757,ghcr.io/jij-inc/ommx/v2.8/qplib:6757,published,,2046,2046,0,0,594,sha256:8a219548f4059473ddfd62b2c0c69df8397427e2e5681d30a10a7ed109fb4cff,sha256:9fd651e952ea6daa1b35188f8048c3176463d2dd01c9973e3acdd03f30f2afe1,sha256:5fe68d36195aa995afb6bd0420114595ec83064567d9a195b25003ac8d3d8d1a
QPLIB_6764,ghcr.io/jij-inc/ommx/v2.8/qplib:6764,published,,2071,2071,0,0,594,sha256:731ad6bfb58452b48ff56859421b8dd2f8d4912f3f77ab96b99973bd80662168,sha256:52e19e1805b5d6ab18eeaebf628cca60184f490e315889bdde8cc27e165c9419,sha256:bba3762053ceab24e55d1a4e7e9cff95ab6c17821b40066aa9e2b81b5c60338c
QPLIB_6799,ghcr.io/jij-inc/ommx/v2.8/qplib:6799,published,,2075,2075,0,0,594,sha256:db3d9e845821c45b770dd335f41122a1362fe4462045e465bc3284de196e76ea,sha256:c31f4c0cb604c765af80f67567677801923d06261de983ccdc5d6a397c7843da,sha256:706db95ec5da1bec0329ebd36684a4ff71619099f5b48c21147aecd280fa8624
QPLIB_6941,ghcr.io/jij-inc/ommx/v2.8/qplib:6941,published,,2203,2203,0,0,630,sha256:5ff6edfc92e805af922e306c778c85734f630a78dbfb10ea1fcd142c0291f2d6,sha256:3181bddb7d7c1ac4d83f8196637671546d83ef40ffeeb87d70a93c1e5192c894,sha256:a4d3e702acb9b058f2abe2d8af4efa53450b2bcafc7d3d1bcb4ede498e533894
QPLIB_7127,ghcr.io/jij-inc/ommx/v2.8/qplib:7127,published,,1000,1000,0,0,100,sha256:706e1299eb1c6a63e0bf9b1d678e0d32f53a93ce8544284e4b18a8475aa70afb,sha256:ee0bc3673281ed6bc8da71b480589b53ff4edcc1fe7e0067b3aa0878725ac159,sha256:4251be778c24de9bb60e514ce3f76b371397a32ff9d275411ac116453cda81e2
QPLIB_7139,ghcr.io/jij-inc/ommx/v2.8/qplib:7139,published,,180,180,0,0,200,sha256:7a8953804eda6a499c2355d2a55d2ef362247ac519c326651330d2d1c9e1adc9,sha256:fe8384165fd9592014ed4581d0cbde8e58810ad8732ff9e76b6ac2f4432f3ec1,sha256:d58e875824cde75519d66b873e71ec474d3bacf18c86ce42eb5bb86b4a20b60d
QPLIB_7144,ghcr.io/jij-inc/ommx/v2.8/qplib:7144,published,,220,220,0,0,242,sha256:ea0767234f5a6b37346c20bcd2c79d5a39c2a77b69b6e5c53538330a56a8e0dc,sha256:d547a27cb05a9bbaa471dc70b77a9596df1710ac8228ede86020b1bdab04a67f,sha256:4a86b4348322ff11fffc3a7102a98de3794d010a6e5dfbe9cab53efb07fa73aa
QPLIB_7149,ghcr.io/jij-inc/ommx/v2.8/qplib:7149,published,,264,264,0,0,288,sha256:b1149da3fc66fb94c97d80bf539da5ead65c1b1b0b2c5da18c81042c6613f4a6,sha256:b0d818fd85341047033994234ca4f914c825749ef462b48b83129eb9a71748e3,sha256:3756b5af016cdb1393e110bbf148f4019b0c103a7c67e2908e9eba146a3302d1
QPLIB_7154,ghcr.io/jij-inc/ommx/v2.8/qplib:7154,published,,312,312,0,0,338,sha256:7fa26991ae44f84883167c15e309706cd5f1d78052a2a14e78cfc42bb710c347,sha256:5f55bba2e44615f173ea2240e6a643af3a04cc1f03659a291ee2c6f31a176550,sha256:72e71bf70f92bd87a4f2484359053425030d81ad4545541f2b6faddfed25ca7a
QPLIB_7159,ghcr.io/jij-inc/ommx/v2.8/qplib:7159,published,,364,364,0,0,392,sha256:a9f1f8b694143d7ab8b513f3da0347eba1f2df342847bfe1a1094ad3d1e39a67,sha256:f0860c21e64272ce0c3a346f14639d7c6f0852b49b7c8277bff7905e347ffef4,sha256:995b514185516e7f170a1e3383318b06abe479a9636e6ef88107e324316aa267
QPLIB_7164,ghcr.io/jij-inc/ommx/v2.8/qplib:7164,published,,420,420,0,0,450,sha256:83786adc05907d9c8d437c2c601ff4689df05d1334ee0994896b0e649c3a6484,sha256:08364a242bb2debd1313b0d4c7d55e1c72e04e46fc5996abbd5007a2a1c1c864,sha256:6eacb7c0f796056a08b6c4c65fe9c69af52bd4d7e02cdaf366c65aacc6c4043b
QPLIB_7579,ghcr.io/jij-inc/ommx/v2.8/qplib:7579,published,,300,100,0,200,304,sha256:e1af6dab0581ee247c4816c50cec050cd2022c662662ea02d61ba208d45cd99d,sha256:a2a2e5d38156ea34a4796e71173741b635e06f594369a4b6080b0d11754c1429,sha256:2948a3ea9822580a6396a568421aab8cd458ee9272ef9c47bae1a0f6ff489555
QPLIB_8009,ghcr.io/jij-inc/ommx/v2.8/qplib:8009,published,,404,101,0,303,510,sha256:ecb50d7fda8907ca31f7ffa6bebe6d0d3721d06fb9b3facfc939a3a28b542ff2,sha256:adc67cc463c17435d1ec9f9f77f27308c18cb9c222e02647d8b529b2c7340f2c,sha256:9ba891b9be2389fb2b3dbd55435f249cb18942a9ced236c7fb6ca89989438a53
QPLIB_8153,ghcr.io/jij-inc/ommx/v2.8/qplib:8153,published,,124,31,0,93,160,sha256:7904d1fc0ed91010191f9024d545264d2e0074ac3ef35f4d243761cd337fed7f,sha256:bec4bf123f44c9eeeb74e4ed3f547052d2635a2605600252bc19e23516e71f49,sha256:7af8b0130b80c17d8771b19e7ee7754f7a69295af631eaefae5631c2a1c44826
QPLIB_8381,ghcr.io/jij-inc/ommx/v2.8/qplib:8381,published,,204,51,0,153,260,sha256:07d55657ce740fab5b61e7201239b5ccc3458671bc98aefa6197fe057e5dd901,sha256:4a413c37ef3e1c4bb3b45e0b73b70c58bbcbd4bc81c9779e589581e8ed41072e,sha256:b8000437794de433f95eb05b01b8013abc8f86ffe36eff68764e569266b8e0c4
QPLIB_8495,ghcr.io/jij-inc/ommx/v2.8/qplib:8495,published,,27543,0,0,27543,16000,sha256:35d12a9f5508ca85f5abdf6f8bce00cdbfe4871bbb1d6338076a69d51a12f728,sha256:527d2d9fc891c8018270f4d314141162dbcb781d3437ac7efba2549f6c316f3c,sha256:654e6e53ac88fd4b225762557e77725b4c4e81e55c503f7ddcb46864dedbcd98
QPLIB_8500,ghcr.io/jij-inc/ommx/v2.8/qplib:8500,published,,250997,0,0,250997,500996,sha256:46d70ccfa13d99a69899dd6ee53e4574aeb15739afed82ec932708b1989d1df1,sha256:d690f7307a3ef4ca91daa382fac413df62ee0957f518389fccf741967622d35e,sha256:0017889e009d059cbb33a57d07937a099a373cac95fa6b623b6990cef5491e6d
QPLIB_8505,ghcr.io/jij-inc/ommx/v2.8/qplib:8505,published,,20050,0,0,20050,20001,sha256:2f15238941833a70390f228165b155962b4bfb442787b567f0c7bc7cddc5ecd1,sha256:d80f3dd592dc509efee32e6797cca05886e759db529de9e420b42633856372e4,sha256:9f308fa70de7f25e12c4f1cfb4c380da1738fdc28d7977fd17a0f4dec2397124
QPLIB_8515,ghcr.io/jij-inc/ommx/v2.8/qplib:8515,published,,16002,0,0,16002,16004,sha256:db4afcd9b3b219418a4f68f139e1e3459017685a8f0539e67c1014cb5dd9e1ee,sha256:f9cde06c60c09393b77affb05feaa7edc2e46efe55b4054539a881e50efede4c,sha256:f91b17c5d74bd6a51112e103fb675491ce5f6529482c93c895866850733909af
QPLIB_8547,ghcr.io/jij-inc/ommx/v2.8/qplib:8547,published,,1003001,0,0,1003001,2002000,sha256:a1eced3699004d2cc5596749cad7cbd2baf5ece2bd7d41d0906ca36638e162e8,sha256:456e019ab9b5d50a68c5b321f6ca6bd577cf11f02d8ad44b6338064d36078178,sha256:74911dcaf433d45df8966571b88db58ff8c7f08e2e984641a96f7542bdb9193f
QPLIB_8553,ghcr.io/jij-inc/ommx/v2.8/qplib:8553,published,,79998,0,0,79998,80794,sha256:c824dc8cb653da6175f33ae38e73681058f5cbed071dcc3372063d4807542adf,sha256:9ccd8a386a15c6fc0afbe97599c290c6cab4411997b37fb0421f90d7a559ae6e,sha256:f617471116ffb1c088d70774e900d4229c874d7a37fbdc8ec2804e059a4c229c
QPLIB_8559,ghcr.io/jij-inc/ommx/v2.8/qplib:8559,published,,10000,0,0,10000,10000,sha256:12911595189a8504242ebae2a148978a65258708611f962c26c1a5daaa064b73,sha256:778ef0b43c5d2dd459c9b9b09fd7e2383ed7e977376bdae0991bf1f421291d7a,sha256:2e5c25c90517f00c6670739af82d3013a830984eb8e24a51d5d6f3650cb50224
QPLIB_8567,ghcr.io/jij-inc/ommx/v2.8/qplib:8567,published,,10000,0,0,10000,15000,sha256:21da32d444b4c774948de1dbb29a7dd2b086e5129d896344a21cfa97faec700f,sha256:ad3cdbd2cb1bcee39d610c3a3be3d200e699d2058618e89668cf8e2a30651677,sha256:2b0050ddbf5580a1db86fd7ebcf0afbd01c6201683793353ef4a9aca71787da1
QPLIB_8585,ghcr.io/jij-inc/ommx/v2.8/qplib:8585,published,,99999,0,0,99999,99998,sha256:64123ca3f8757e1adb3ffb5d2bf7365d2ed1d11c45094c10b6dab77b016b8538,sha256:22fa77cf2340acd0b158bdeb4a17350cf564d951953441ea851eafae9b9141c6,sha256:419ff998c99095a1beb680e00bfd172e4d15e1469e6442d7a5310016aacc3c7f
QPLIB_8595,ghcr.io/jij-inc/ommx/v2.8/qplib:8595,published,,2500,0,0,2500,2550,sha256:a4b653214b74c704f1e4c4858f875a39497674bebffa2c8a1e21c1474331b400,sha256:eeafadbd2720fb7986c8a491bb484450187529706a7fea5ad7ea85f3954c865c,sha256:dc06354030017ea234c7657cf342d026e2c2eb9b981839074663bf64c47655e2
QPLIB_8602,ghcr.io/jij-inc/ommx/v2.8/qplib:8602,published,,34552,0,0,34552,105966,sha256:ec9e30a6ddb321c078e2bf7d40d8c3f532ea70d6494cf91cb47ef9f5ed76c38f,sha256:09ad68ecaa0895673030d20b4aeabbb62c9978bf4ecc331b7bf2e494d86fe0db,sha256:cb452aeece377ea346095498267ed30fb184a432820f980a22441b603db45231
QPLIB_8605,ghcr.io/jij-inc/ommx/v2.8/qplib:8605,published,,5000,0,0,5000,2,sha256:1a75e49ce83f4737c1fa8bcb6caa5aae7fae2f7a4cda088e9cd98ce8116d7d72,sha256:375117496543f09664d9160d53b6463c41fce353a0327763110df2dfb16a553c,sha256:d2800f51edcd2d652befdd03b4d1dbd1885377e6b665db2a8528fb46b45be9fb
QPLIB_8616,ghcr.io/jij-inc/ommx/v2.8/qplib:8616,published,,13870,0,0,13870,20808,sha256:a54acaf49f8ad3e045ef1191ee11c0941a6ab12b6762044e66ded80272219331,sha256:ec5619342e055f7065bb838729e1ded8bb0ac33eae8e38833e7c9809080f76c2,sha256:351094962982fc2420ca297c4806a0f398efae26e96b0bb9dd0394945c0e788b
QPLIB_8683,ghcr.io/jij-inc/ommx/v2.8/qplib:8683,published,,200008,0,0,200008,280000,sha256:080152b59ede044b407c9ddd180e565596aeb491f930686bf09dd36cfaa9cb42,sha256:3b688b9040ade28aa806b32c21ce856e00dfc4ab8bdc475e6abd5bd63e236471,sha256:a16eb19f026408d2d2895ee65584e12124c6198938fbe64b4087de0bfd360451
QPLIB_8685,ghcr.io/jij-inc/ommx/v2.8/qplib:8685,published,,772,0,0,772,10000,sha256:214055adc5494312c721d62a082a88727b53fc08e4fc657ba940a96a08e570d9,sha256:8bda3e428f28992564fa5164ea6f8237e795247db1eaefc7dd2c4e0e69fbc20e,sha256:1208806d2e4974c6440ab7b28c6de69ea422a8575a14bd96b1cbc9fe7efd95fa
QPLIB_8758,ghcr.io/jij-inc/ommx/v2.8/qplib:8758,published,,2070,0,0,2070,3962,sha256:a7b7ea12b383765b3f2c623c90af31efd81d34351fe6d5bd8dab02709df9ed70,sha256:412fac319a3b77b8db17a8cc21496f8221cea92767d8a8df58e48f9f3a996f50,sha256:92a96d0fa2031a7e8d1dda03ab799e74c7d97489a4b1c0d802755b778428aa91
QPLIB_8777,ghcr.io/jij-inc/ommx/v2.8/qplib:8777,published,,10000,0,0,10000,5000,sha256:bc5f8058d3c20f88a33f5c3f5f4e020798e1d39586c9fc2e34bd585e99b8d12a,sha256:f4e84bfc4c16b0aaadbe7c44f0abd64fc4981a58742925c48916bd3ee3b921f0,sha256:8cce122f54256e5223ed81a76cc6247b97d3dd2335dba51d837283f6c0c471cb
QPLIB_8784,ghcr.io/jij-inc/ommx/v2.8/qplib:8784,published,,200,0,0,200,5048,sha256:4d309f38de1f746af84212504330e02282e1c5b1e693189bff239a0d5bd9f0b3,sha256:0fa8bfd315076c5280289f27d0f205ead57e76602c0c2b8ae55211d219141c78,sha256:18d9492832c3d5276352c4fbee5d72f9aeca0c6cf6b70e40d8d46ed05d1dc1ff
QPLIB_8785,ghcr.io/jij-inc/ommx/v2.8/qplib:8785,published,,10399,0,0,10399,22724,sha256:6cf75357810dc81777ddaa8b68ce60c58401b3d4708430adbdd0d201849570bf,sha256:b33fc59ed1914f7f5ceedb6911535559290a6d7b1df342f95838c68c1cb55590,sha256:567d271815993ea9830e58fb94dde046333566d755c4740e26f57fb9719591f9
QPLIB_8790,ghcr.io/jij-inc/ommx/v2.8/qplib:8790,published,,39204,0,0,39204,0,sha256:d672a549746c18034748fd6044a80f8eb51e98ed2c6bc9385acd2628203b7aa3,sha256:58c57d5f2a2237aac09312e144de8ed69339c3bf32fbdcb25bd5c2e090f132dd,sha256:e9605d515f9e4eb89634fdb0a8ee0561489b11997ad2402668fa36ddfef6d2ac
QPLIB_8792,ghcr.io/jij-inc/ommx/v2.8/qplib:8792,published,,15129,0,0,15129,0,sha256:e58e966c8fb0ee195101c93092511cb0691da66ad1859531900a03f9fe05d082,sha256:4b665a2294c68b7f7164b0de2faa011d64dc40cea21f47fd814c61ac84a9a2ef,sha256:8b0555d0468fadae11441875b31eeeae774e7974772994f592af23ef28bad962
QPLIB_8803,ghcr.io/jij-inc/ommx/v2.8/qplib:8803,published,,150002,0,0,150002,200000,sha256:00d067645932a53c0262256575fae0ff7c575d2fc5c520571491b2875389915c,sha256:b76b6b342551d4617a10e07d64bba223c94750ab5ce7c9c52e02a5a1cf72d1bb,sha256:dfdafeb00ae179ba0a5a5a23687869c8722428170b5103e9e18529934948fa49
QPLIB_8810,ghcr.io/jij-inc/ommx/v2.8/qplib:8810,published,,150002,0,0,150002,200000,sha256:c2d91c7eb0568853fcb9031ccb06a7befb99181d253bc21c3322453f59d3868d,sha256:945ac5272cf09a94ad0d03033f043f4a26a182034a661d944fbc7ff4d301ebb1,sha256:3c697f86e7e05912c9191030c1181c6b0409ab631e232744e3b0387e7ca8912d
QPLIB_8815,ghcr.io/jij-inc/ommx/v2.8/qplib:8815,published,,30010,0,0,30010,45009,sha256:7b6caf838fe75d1dfad198369141a5e79384f9b11bd985dd1f224a7aa84cc05d,sha256:01b8b5a26fbafaa733283c9651807541c7612b50c62c4e8dbdbe77de8cafedb8,sha256:d8726e77bee7b28d2f6848173af9d75bc9ce8c5d38e6fc0a61101d46adf1a9bb
QPLIB_8845,ghcr.io/jij-inc/ommx/v2.8/qplib:8845,published,,1546,0,0,1546,1267,sha256:9c341c136e907257647c789276197ba36ec54ce61d707b639e7453fdd4f93c8d,sha256:01cc16343607a4676f99a00b6669ddf3ec581c375e2fda95d662d981443a8247,sha256:6e245ab7aec4c7a96b68818a175c398a0d388e936bc73f467d821849b09bb93b
QPLIB_8906,ghcr.io/jij-inc/ommx/v2.8/qplib:8906,published,,5223,0,0,5223,1570,sha256:94230a3eb50cc4c3c767f2bb2c9bd2279fd25be36e0ffdba7bba1d0625f6142d,sha256:89e2977379acd3a4622933d9a0f004bd4eaf1d8aaa19487b899d53a366f717ac,sha256:29dd7c0295e04610d14b1c1abc6a0c8184400d2cbfc3b584695557cdc768976c
QPLIB_8938,ghcr.io/jij-inc/ommx/v2.8/qplib:8938,published,,4001,0,0,4001,11999,sha256:d44f98ca8c130b915d157da50117e75e5823801e825acb86b21de6f6e7f8c840,sha256:e883f2202cb867db9050d6eb16a25d461d7b4d1cb285ca40e778e8672cc6c279,sha256:243df0111d84b1cfcf58d24d15c7edb10561077ecbad1c2e53da63e847f515e4
QPLIB_8991,ghcr.io/jij-inc/ommx/v2.8/qplib:8991,published,,14400,0,0,14400,0,sha256:e50ce69dc26b93ab4e001cf2030a6db69e0e6b4580d8dede026eda128feb0d24,sha256:b7a28825ab62bedc124a8ab1bb553c18b2c4f08f43870e46b82ce5814bea9e50,sha256:fc5257b9a21edda9f80a7c0ef8ac42151523a68b5be5e7eb26348b6a9dcb3db5
QPLIB_9002,ghcr.io/jij-inc/ommx/v2.8/qplib:9002,published,,2890,0,0,2890,3298,sha256:eb9753ecbfe97569ecccf39b1f86e7a539fbc8fbc1b8d0bab05e2b6ad7b4e1ab,sha256:19e8941d88353ddf11bde409ad270e29d23bf2d3535c4630b27e32fd7a8e1ca2,sha256:e6aea2b85e49862df5d8ad03339f65506ff149eeadaa74bb25ebacad14f7a664
QPLIB_9004,ghcr.io/jij-inc/ommx/v2.8/qplib:9004,published,,40000,0,0,40000,40004,sha256:65c793ac629ccb44e65ef53e08ce7208b3aa8b4a1b6dc796521a07a5c7bd5c86,sha256:f6e50aa13c1661a30f58203ccc1acb2558bdfa9975d8b314507b00db68218873,sha256:c080f0b020edb6898c7628f54f1a9eee73751a0ef0f492a7b7138cb3908eacde
QPLIB_9008,ghcr.io/jij-inc/ommx/v2.8/qplib:9008,published,,1009306,0,0,1009306,1979208,sha256:dbe10ebd9f1e40ace9090dee4aab5cd64b4ab93fc9d3e084b40bfd09885d894d,sha256:a376297d17f376dd681c185539959945b04a0b59e042478fff6bac3729dfa02b,sha256:3e68f10299b76bace10e33a6adc28220ef7ef8ad78313690cd278e45cbdb06b6
QPLIB_9030,ghcr.io/jij-inc/ommx/v2.8/qplib:9030,published,,10000,0,10000,0,5000,sha256:fa94f0b543c5c598f9e04a5dae280a72261024f51a39aa2addec975e2449137f,sha256:2d29c6101f556c6c03fb6f6aecfc6749a241d99e2444624fc84c6f27a1e9a4e4,sha256:ba7baac847bb87f13d93e9676091b9c7c4a2bd7c59bb4c936063ca76ea87a1d5
QPLIB_9048,ghcr.io/jij-inc/ommx/v2.8/qplib:9048,published,,202,0,202,0,2,sha256:9f044116ebb9bc05ee00adc5440063b3ea7c0e385426483eabf10bdca38513a0,sha256:388ef0b22936fbd5a5c960aac3a5c70e1ec38693d2c52346b2a6f2e5e8ed02b5,sha256:85536541c222b1b33375c1b1fde0127d186a27c1c361da92fcae756cb96c1406
